-- MySQL dump 10.13  Distrib 8.0.19, for Win64 (x86_64)
--
-- Host: 137.184.232.104    Database: encuesta4
-- ------------------------------------------------------
-- Server version	8.0.31-0ubuntu0.22.04.1

/*!40101 SET @OLD_CHARACTER_SET_CLIENT=@@CHARACTER_SET_CLIENT */;
/*!40101 SET @OLD_CHARACTER_SET_RESULTS=@@CHARACTER_SET_RESULTS */;
/*!40101 SET @OLD_COLLATION_CONNECTION=@@COLLATION_CONNECTION */;
/*!50503 SET NAMES utf8mb4 */;
/*!40103 SET @OLD_TIME_ZONE=@@TIME_ZONE */;
/*!40103 SET TIME_ZONE='+00:00' */;
/*!40014 SET @OLD_UNIQUE_CHECKS=@@UNIQUE_CHECKS, UNIQUE_CHECKS=0 */;
/*!40014 SET @OLD_FOREIGN_KEY_CHECKS=@@FOREIGN_KEY_CHECKS, FOREIGN_KEY_CHECKS=0 */;
/*!40101 SET @OLD_SQL_MODE=@@SQL_MODE, SQL_MODE='NO_AUTO_VALUE_ON_ZERO' */;
/*!40111 SET @OLD_SQL_NOTES=@@SQL_NOTES, SQL_NOTES=0 */;

--
-- Table structure for table `api_avancemodulos`
--

DROP TABLE IF EXISTS `api_avancemodulos`;
/*!40101 SET @saved_cs_client     = @@character_set_client */;
/*!50503 SET character_set_client = utf8mb4 */;
CREATE TABLE `api_avancemodulos` (
  `id` bigint NOT NULL AUTO_INCREMENT,
  `emocional` int NOT NULL,
  `estres` int NOT NULL,
  `autoevaluativo` int NOT NULL,
  `piensalo` int NOT NULL,
  `habilidades` int NOT NULL,
  `usuario_id` bigint NOT NULL,
  `fecha` datetime(6) NOT NULL,
  PRIMARY KEY (`id`),
  UNIQUE KEY `usuario_id` (`usuario_id`)
) ENGINE=MyISAM AUTO_INCREMENT=221 DEFAULT CHARSET=utf8mb3;
/*!40101 SET character_set_client = @saved_cs_client */;

--
-- Dumping data for table `api_avancemodulos`
--

LOCK TABLES `api_avancemodulos` WRITE;
/*!40000 ALTER TABLE `api_avancemodulos` DISABLE KEYS */;
INSERT INTO `api_avancemodulos` VALUES (214,17,9,3,7,7,121,'2022-10-03 04:23:56.163322'),(213,1,1,2,1,1,36,'2022-08-07 19:06:42.503105'),(212,2,1,1,7,1,157,'2022-10-22 02:55:16.427983'),(211,1,1,1,1,1,156,'2022-08-07 19:06:42.503105'),(210,1,9,2,1,1,155,'2022-08-07 19:06:42.503105'),(209,1,1,2,1,1,65,'2022-08-07 19:06:42.503105'),(208,17,9,3,7,7,128,'2022-10-03 03:10:57.666868'),(207,17,9,2,5,1,138,'2022-10-04 18:27:43.597519'),(206,17,9,3,7,7,95,'2022-10-26 03:58:06.226830'),(205,1,1,2,1,1,73,'2022-08-07 19:06:42.503105'),(204,6,9,2,7,7,101,'2022-10-03 17:21:36.281341'),(203,17,9,2,7,7,154,'2022-09-15 04:31:57.698439'),(202,1,2,2,1,1,153,'2022-08-15 18:56:59.006812'),(201,1,1,1,1,1,152,'2022-08-07 19:06:42.503105'),(200,17,9,2,7,7,151,'2022-09-30 02:04:08.515596'),(199,17,9,3,7,7,150,'2022-10-03 20:25:52.513830'),(198,17,9,2,7,7,149,'2022-09-17 00:21:21.201797'),(197,1,1,2,1,1,84,'2022-08-07 19:06:42.503105'),(196,17,9,2,3,1,131,'2022-09-07 18:47:25.445528'),(195,17,9,3,7,7,99,'2022-10-26 04:04:09.546332'),(194,1,1,3,1,1,82,'2022-09-29 18:11:44.508988'),(193,17,9,3,7,7,106,'2022-10-26 01:48:37.689916'),(192,17,9,2,2,7,148,'2022-09-14 01:53:55.758497'),(189,1,1,3,1,1,145,'2022-10-10 18:00:40.982473'),(188,9,9,2,1,1,105,'2022-09-13 21:51:46.072315'),(187,17,9,3,7,7,110,'2022-10-26 01:47:08.576817'),(186,1,1,2,1,1,75,'2022-08-07 19:06:42.503105'),(185,17,9,2,5,1,140,'2022-09-09 21:31:21.622649'),(184,17,9,3,7,7,123,'2022-10-23 05:15:53.588376'),(183,1,5,2,1,1,127,'2022-09-01 03:14:13.317057'),(182,17,9,3,7,7,122,'2022-10-10 18:29:32.155872'),(181,17,9,3,7,7,111,'2022-10-25 22:54:31.660181'),(180,1,1,2,1,1,78,'2022-08-07 19:06:42.503105'),(179,1,1,2,1,1,77,'2022-08-07 19:06:42.503105'),(178,1,4,3,1,1,109,'2022-10-12 13:35:49.598830'),(177,1,1,3,1,1,32,'2022-09-27 14:39:13.522653'),(176,1,1,3,1,1,38,'2022-10-04 18:12:00.347337'),(175,17,9,3,7,7,98,'2022-10-04 16:56:11.157493'),(174,1,1,2,1,1,61,'2022-08-07 19:06:42.503105'),(173,1,1,3,1,1,52,'2022-10-03 15:39:17.934896'),(172,17,9,2,1,1,94,'2022-08-24 01:30:48.925510'),(171,1,1,3,1,1,87,'2022-10-01 18:36:41.641350'),(170,1,1,2,1,1,66,'2022-08-07 19:06:42.503105'),(169,1,1,2,1,1,53,'2022-08-07 19:06:42.503105'),(168,17,9,2,7,7,119,'2022-09-19 16:40:30.479406'),(167,17,2,2,1,1,139,'2022-08-20 03:28:59.588523'),(166,1,2,3,1,1,104,'2022-10-03 02:44:06.184253'),(165,1,1,3,1,1,57,'2022-09-27 13:35:24.612108'),(164,17,9,3,7,7,115,'2022-10-02 22:45:44.384730'),(163,1,1,3,1,1,62,'2022-10-01 19:39:16.251710'),(162,1,1,2,1,1,113,'2022-08-07 19:06:42.503105'),(161,1,1,3,1,1,63,'2022-10-10 22:10:15.948255'),(160,1,1,3,1,1,54,'2022-09-28 17:37:30.152133'),(159,1,1,3,1,1,60,'2022-10-04 19:59:08.786821'),(158,1,1,3,1,1,47,'2022-10-11 01:22:21.206918'),(157,1,1,1,1,1,43,'2022-08-07 19:06:42.503105'),(156,1,1,2,1,1,39,'2022-08-07 19:06:42.503105'),(155,17,9,3,7,7,114,'2022-10-03 13:39:18.298683'),(154,1,2,2,1,5,141,'2022-09-02 04:25:37.018434'),(153,17,9,3,7,7,107,'2022-10-03 00:00:39.674294'),(152,17,9,3,7,7,96,'2022-10-21 00:00:30.793698'),(151,9,9,2,1,1,92,'2022-09-03 19:19:54.210138'),(126,1,1,2,1,1,35,'2022-08-07 19:06:42.503105'),(125,1,1,3,1,1,70,'2022-10-01 18:22:31.107949'),(150,9,9,2,1,1,97,'2022-08-25 20:00:05.886603'),(149,17,9,2,7,2,124,'2022-09-15 14:39:54.645023'),(148,1,1,2,1,1,108,'2022-08-07 19:06:42.503105'),(147,1,1,3,1,1,37,'2022-10-05 03:43:48.458989'),(146,17,9,3,7,7,102,'2022-10-02 20:54:19.545913'),(145,17,9,3,7,7,118,'2022-10-25 22:10:11.436862'),(144,1,1,3,1,1,45,'2022-09-27 00:00:35.045544'),(143,17,9,3,7,7,134,'2022-10-10 18:15:49.833065'),(142,17,9,2,1,1,133,'2022-08-19 02:58:20.032835'),(141,1,1,2,1,1,112,'2022-08-07 19:06:42.503105'),(140,17,9,2,5,1,130,'2022-09-02 19:29:12.454286'),(139,1,1,3,1,1,48,'2022-09-28 16:25:34.417021'),(138,17,9,3,7,7,93,'2022-10-06 02:02:27.922616'),(137,17,9,3,7,7,90,'2022-10-06 00:09:03.075815'),(190,17,9,2,7,7,146,'2022-09-29 05:10:00.524432'),(135,13,9,2,1,1,91,'2022-09-22 18:28:13.367062'),(133,17,9,2,7,7,142,'2022-09-23 23:16:46.548833'),(132,1,9,1,1,1,137,'2022-08-07 19:06:42.503105'),(131,1,1,3,1,1,59,'2022-09-27 02:44:16.223909'),(191,17,9,3,7,7,147,'2022-10-04 19:28:03.786944'),(129,17,9,2,7,7,136,'2022-09-06 04:02:20.219484'),(128,1,1,3,1,1,68,'2022-10-08 04:17:25.782310'),(127,1,1,3,1,1,69,'2022-09-24 18:07:19.432132'),(215,1,1,1,1,1,160,'2022-08-31 23:50:22.762391'),(216,1,1,1,1,1,161,'2022-09-23 21:00:03.054685'),(217,1,1,1,1,1,67,'2022-09-23 23:32:21.684071'),(218,1,1,1,1,1,58,'2022-09-23 23:32:52.131728'),(219,1,1,1,1,1,126,'2022-10-01 01:14:01.124782'),(220,1,1,1,1,1,117,'2022-10-06 21:54:21.374923');
/*!40000 ALTER TABLE `api_avancemodulos` ENABLE KEYS */;
UNLOCK TABLES;

--
-- Table structure for table `api_clasificacion`
--

DROP TABLE IF EXISTS `api_clasificacion`;
/*!40101 SET @saved_cs_client     = @@character_set_client */;
/*!50503 SET character_set_client = utf8mb4 */;
CREATE TABLE `api_clasificacion` (
  `id` bigint NOT NULL AUTO_INCREMENT,
  `clasificacion` varchar(45) NOT NULL,
  PRIMARY KEY (`id`)
) ENGINE=MyISAM AUTO_INCREMENT=13 DEFAULT CHARSET=utf8mb3;
/*!40101 SET character_set_client = @saved_cs_client */;

--
-- Dumping data for table `api_clasificacion`
--

LOCK TABLES `api_clasificacion` WRITE;
/*!40000 ALTER TABLE `api_clasificacion` DISABLE KEYS */;
INSERT INTO `api_clasificacion` VALUES (1,'Desgana'),(2,'Optimismo'),(3,'Entusiasmo'),(4,'Frustración'),(5,'Aversión'),(6,'Repudio'),(7,'Sobresalto'),(8,'Pavor'),(9,'Inseguridad'),(10,'Desasosiego'),(11,'Desconcierto'),(12,'Furia');
/*!40000 ALTER TABLE `api_clasificacion` ENABLE KEYS */;
UNLOCK TABLES;

--
-- Table structure for table `api_definiciones`
--

DROP TABLE IF EXISTS `api_definiciones`;
/*!40101 SET @saved_cs_client     = @@character_set_client */;
/*!50503 SET character_set_client = utf8mb4 */;
CREATE TABLE `api_definiciones` (
  `id` bigint NOT NULL AUTO_INCREMENT,
  `definicion` longtext NOT NULL,
  `clasificacion_id` bigint NOT NULL,
  PRIMARY KEY (`id`),
  KEY `api_definiciones_clasificacion_id_734521ae` (`clasificacion_id`)
) ENGINE=MyISAM AUTO_INCREMENT=13 DEFAULT CHARSET=utf8mb3;
/*!40101 SET character_set_client = @saved_cs_client */;

--
-- Dumping data for table `api_definiciones`
--

LOCK TABLES `api_definiciones` WRITE;
/*!40000 ALTER TABLE `api_definiciones` DISABLE KEYS */;
INSERT INTO `api_definiciones` VALUES (1,'Falta de gana, interés o deseo',1),(2,'Propensión a ver y juzgar las cosas en su aspecto más favorable',2),(3,'Exaltación y fogosidad del ánimo, excitado por algo que lo admire o cautive',3),(4,'Sentimiento de insatisfacción o fracaso',4),(5,'Repugnancia frente a alguien o algo',5),(6,'Rechazar algo, no aceptarlo',6),(7,'Sensación que proviene de un acontecimiento repentino e imprevisto',7),(8,'Temor o miedo muy grandes',8),(9,'Falta de seguridad',9),(10,'Falta de serenidad',10),(11,'Estado de ánimo de desorientación y perplejidad',11),(12,'Ira exaltada o elevada',12);
/*!40000 ALTER TABLE `api_definiciones` ENABLE KEYS */;
UNLOCK TABLES;

--
-- Table structure for table `api_definicionesusuario`
--

DROP TABLE IF EXISTS `api_definicionesusuario`;
/*!40101 SET @saved_cs_client     = @@character_set_client */;
/*!50503 SET character_set_client = utf8mb4 */;
CREATE TABLE `api_definicionesusuario` (
  `id` bigint NOT NULL AUTO_INCREMENT,
  `definicion_usuario` longtext NOT NULL,
  `update` datetime(6) NOT NULL,
  `definicion_id` bigint NOT NULL,
  `usuario_id` bigint NOT NULL,
  PRIMARY KEY (`id`),
  UNIQUE KEY `api_definicionesusuario_definicion_id_usuario_id_4351e6d2_uniq` (`definicion_id`,`usuario_id`),
  KEY `api_definicionesusuario_definicion_id_6100aef3` (`definicion_id`),
  KEY `api_definicionesusuario_usuario_id_f05916ab` (`usuario_id`)
) ENGINE=MyISAM AUTO_INCREMENT=517 DEFAULT CHARSET=utf8mb3;
/*!40101 SET character_set_client = @saved_cs_client */;

--
-- Dumping data for table `api_definicionesusuario`
--

LOCK TABLES `api_definicionesusuario` WRITE;
/*!40000 ALTER TABLE `api_definicionesusuario` DISABLE KEYS */;
INSERT INTO `api_definicionesusuario` VALUES (57,'Falta de seguridad','2022-08-16 04:48:14.398376',9,142),(56,'Temor o miedo muy grandes','2022-08-16 04:48:14.385537',8,142),(55,'Sensación que proviene de un acontecimiento repentino e imprevisto','2022-08-16 04:48:14.374588',7,142),(54,'Rechazar algo, no aceptarlo','2022-08-16 04:48:14.362849',6,142),(53,'Repugnancia frente a alguien o algo','2022-08-16 04:48:14.351143',5,142),(52,'Sentimiento de insatisfacción o fracaso','2022-08-16 04:48:14.337177',4,142),(49,'Falta de gana, interés o deseo','2022-08-16 04:48:14.292976',1,142),(50,'Propensión a ver y juzgar las cosas en su aspecto más favorable','2022-08-16 04:48:14.309940',2,142),(51,'Exaltación y fogosidad del ánimo, excitado por algo que lo admire o cautive','2022-08-16 04:48:14.323239',3,142),(25,'Desgana','2022-08-16 14:36:48.246983',1,136),(26,'Positivo','2022-08-16 14:36:48.262976',2,136),(27,'Excitacion','2022-08-16 14:36:48.276799',3,136),(28,'Bajon','2022-08-16 14:36:48.292221',4,136),(29,'Asco','2022-08-16 14:36:48.306712',5,136),(30,'Desprecio','2022-08-16 14:36:48.323998',6,136),(31,'Sorpresivo','2022-08-16 14:36:48.339542',7,136),(32,'Aterrorizado','2022-08-16 14:36:48.354887',8,136),(33,'inseguridad','2022-08-16 14:36:48.372538',9,136),(34,'intranquilidad','2022-08-16 14:36:48.387045',10,136),(35,'desorientado','2022-08-16 14:36:48.401783',11,136),(36,'histerico','2022-08-16 14:36:48.415655',12,136),(37,'Falta de gana, interés o deseo','2022-07-26 03:10:18.724066',1,148),(38,'Propensión a ver y juzgar las cosas en su aspecto más favorable','2022-07-26 03:10:18.737752',2,148),(39,'Exaltación y fogosidad del ánimo, excitado por algo que lo admire o cautive','2022-07-26 03:10:18.753091',3,148),(40,'Sentimiento de insatisfacción o fracaso','2022-07-26 03:10:18.767917',4,148),(41,'Repugnancia frente a alguien o algo','2022-07-26 03:10:18.782812',5,148),(42,'Rechazar algo, no aceptarlo','2022-07-26 03:10:18.798083',6,148),(43,'Sensación que proviene de un acontecimiento repentino e imprevisto','2022-07-26 03:10:18.810441',7,148),(44,'Temor o miedo muy grandes','2022-07-26 03:10:18.823283',8,148),(45,'Falta de seguridad','2022-07-26 03:10:18.845426',9,148),(46,'Falta de serenidad','2022-07-26 03:10:18.860062',10,148),(47,'Estado de ánimo de desorientación y perplejidad','2022-07-26 03:10:18.877602',11,148),(48,'Ira exaltada o elevada','2022-07-26 03:10:18.903109',12,148),(58,'Falta de serenidad','2022-08-16 04:48:14.409097',10,142),(59,'Estado de ánimo de desorientación y perplejidad','2022-08-16 04:48:14.419060',11,142),(60,'Ira exaltada o elevada','2022-08-16 04:48:14.427765',12,142),(61,'Pereza','2022-08-18 21:36:53.264989',1,147),(62,'optimista','2022-08-18 21:36:53.275779',2,147),(63,'kj','2022-08-18 21:36:53.286328',3,147),(64,'nkj','2022-08-18 21:36:53.296315',4,147),(65,'nkj','2022-08-18 21:36:53.306235',5,147),(66,'n','2022-08-18 21:36:53.316743',6,147),(67,'kjn','2022-08-18 21:36:53.326651',7,147),(68,'kj','2022-08-18 21:36:53.335957',8,147),(69,'n','2022-08-18 21:36:53.345880',9,147),(70,'kjn','2022-08-18 21:36:53.354668',10,147),(71,'kj','2022-08-18 21:36:53.366101',11,147),(72,'nk','2022-08-18 21:36:53.376847',12,147),(73,'Desánimo','2022-08-18 23:11:12.815331',1,124),(74,'Curiosidad','2022-08-18 23:11:12.845598',2,124),(75,'Sorpresa','2022-08-18 23:11:12.860624',3,124),(76,'Impotencia','2022-08-18 23:11:12.877137',4,124),(77,'Asco','2022-08-18 23:11:12.890401',5,124),(78,'Desprecio','2022-08-18 23:11:12.904135',6,124),(79,'Sorpresa','2022-08-18 23:11:12.917429',7,124),(80,'Angustia','2022-08-18 23:11:12.931887',8,124),(81,'Miedo','2022-08-18 23:11:12.944109',9,124),(82,'Preocupación','2022-08-18 23:11:12.955684',10,124),(83,'Incertidumbre','2022-08-18 23:11:12.967738',11,124),(84,'Rabia','2022-08-18 23:11:12.980222',12,124),(85,'Desinterés','2022-08-19 02:21:04.802428',1,102),(86,'Optimismo','2022-08-19 02:21:04.812856',2,102),(87,'Entusiasmo','2022-08-19 02:21:04.825692',3,102),(88,'Pesimismo','2022-08-19 02:21:04.837627',4,102),(89,'Desagrado','2022-08-19 02:21:04.849428',5,102),(90,'Odio','2022-08-19 02:21:04.861140',6,102),(91,'Sobresalto','2022-08-19 02:21:04.872162',7,102),(92,'Fobia','2022-08-19 02:21:04.882833',8,102),(93,'Inseguridad','2022-08-19 02:21:04.893954',9,102),(94,'Impaciente','2022-08-19 02:21:04.906827',10,102),(95,'Desorientado','2022-08-19 02:21:04.918271',11,102),(96,'Furia','2022-08-19 02:21:04.929246',12,102),(97,'Tristeza','2022-08-19 02:39:21.929996',1,133),(98,'Optimismo','2022-08-19 02:39:21.944403',2,133),(99,'Sorpresa','2022-08-19 02:39:21.960254',3,133),(100,'Tristeza','2022-08-19 02:39:21.984135',4,133),(101,'Asco','2022-08-19 02:39:21.997336',5,133),(102,'Negatividad','2022-08-19 02:39:22.012766',6,133),(103,'Sorpresa','2022-08-19 02:39:22.035132',7,133),(104,'Miedo','2022-08-19 02:39:22.049057',8,133),(105,'Inseguridad','2022-08-19 02:39:22.063347',9,133),(106,'Impulsividad','2022-08-19 02:39:22.079140',10,133),(107,'Desconcentración','2022-08-19 02:39:22.093226',11,133),(108,'Furia','2022-08-19 02:39:22.107860',12,133),(109,'Desánimo','2022-08-19 03:20:52.260613',1,98),(110,'Optimismo','2022-08-19 03:20:52.272548',2,98),(111,'Alegría','2022-08-19 03:20:52.284507',3,98),(112,'Insuficiencia','2022-08-19 03:20:52.298833',4,98),(113,'Asco','2022-08-19 03:20:52.309943',5,98),(114,'Repeler','2022-08-19 03:20:52.319911',6,98),(115,'Sorpresa','2022-08-19 03:20:52.331079',7,98),(116,'Fobia','2022-08-19 03:20:52.342003',8,98),(117,'Inseguridad','2022-08-19 03:20:52.352274',9,98),(118,'Inquietud','2022-08-19 03:20:52.363740',10,98),(119,'Anonadado','2022-08-19 03:20:52.376358',11,98),(120,'Furia','2022-08-19 03:20:52.386149',12,98),(121,'tristeza','2022-08-19 04:15:37.479636',1,149),(122,'Chismoso','2022-08-19 04:15:37.490475',2,149),(123,'Animado','2022-08-19 04:15:37.500868',3,149),(124,'Decepsionado','2022-08-19 04:15:37.509838',4,149),(125,'Desagrado','2022-08-19 04:15:37.519174',5,149),(126,'Desagrado','2022-08-19 04:15:37.534391',6,149),(127,'Sorprendido','2022-08-19 04:15:37.551173',7,149),(128,'Susto','2022-08-19 04:15:37.563593',8,149),(129,'Baja autoestima','2022-08-19 04:15:37.571854',9,149),(130,'serio','2022-08-19 04:15:37.578892',10,149),(131,'Tristeza','2022-08-19 04:15:37.586303',11,149),(132,'Enojo','2022-08-19 04:15:37.593626',12,149),(133,'Aburrido','2022-08-19 15:15:23.656240',1,122),(134,'Feliz','2022-08-19 15:15:23.668657',2,122),(135,'Alegría','2022-08-19 15:15:23.678237',3,122),(136,'Deprimido','2022-08-19 15:15:23.689317',4,122),(137,'Asco','2022-08-19 15:15:23.702175',5,122),(138,'Enojado','2022-08-19 15:15:23.714715',6,122),(139,'Sorpresa','2022-08-19 15:15:23.728723',7,122),(140,'Miedo','2022-08-19 15:15:23.745572',8,122),(141,'Temor','2022-08-19 15:15:23.763038',9,122),(142,'Estrés','2022-08-19 15:15:23.772112',10,122),(143,'Vergüenza','2022-08-19 15:15:23.780461',11,122),(144,'Rabia','2022-08-19 15:15:23.792378',12,122),(145,'Aburrimiento','2022-08-19 23:19:25.666074',1,111),(146,'Envidia','2022-08-19 23:19:25.814250',2,111),(147,'Emoción','2022-08-19 23:19:25.826468',3,111),(148,'Decepción','2022-08-19 23:19:25.836135',4,111),(149,'Asco','2022-08-19 23:19:25.935525',5,111),(150,'Negación','2022-08-19 23:19:26.009645',6,111),(151,'Sorpresa','2022-08-19 23:19:26.023619',7,111),(152,'Trauma','2022-08-19 23:19:26.034710',8,111),(153,'Inseguridad','2022-08-19 23:19:26.044540',9,111),(154,'Intranquilidad','2022-08-19 23:19:26.058180',10,111),(155,'Asombro','2022-08-19 23:19:26.073621',11,111),(156,'Ira','2022-08-19 23:19:26.088654',12,111),(157,'Desinterés','2022-08-20 03:03:39.578670',1,139),(158,'Positivismo','2022-08-20 03:03:39.594819',2,139),(159,'Alegría','2022-08-20 03:03:39.608486',3,139),(160,'Desmotivación','2022-08-20 03:03:39.619721',4,139),(161,'Asco','2022-08-20 03:03:39.633457',5,139),(162,'Negación','2022-08-20 03:03:39.649234',6,139),(163,'Sorpresa','2022-08-20 03:03:39.662187',7,139),(164,'Miedo','2022-08-20 03:03:39.679395',8,139),(165,'Inseguridad','2022-08-20 03:03:39.691455',9,139),(166,'Estrés','2022-08-20 03:03:39.703818',10,139),(167,'Desánimo','2022-08-20 03:03:39.717128',11,139),(168,'Enojó','2022-08-20 03:03:39.730344',12,139),(169,'desmotivación','2022-08-20 16:24:20.195173',1,107),(170,'optimismo','2022-08-20 16:24:20.207111',2,107),(171,'entusiasmo','2022-08-20 16:24:20.216718',3,107),(172,'insatisfacción','2022-08-20 16:24:20.231979',4,107),(173,'asco','2022-08-20 16:24:20.242232',5,107),(174,'rechazo','2022-08-20 16:24:20.255037',6,107),(175,'sorpresa','2022-08-20 16:24:20.266729',7,107),(176,'fobia','2022-08-20 16:24:20.276880',8,107),(177,'inseguridad','2022-08-20 16:24:20.288281',9,107),(178,'no serenidad','2022-08-20 16:24:20.298749',10,107),(179,'desorientado','2022-08-20 16:24:20.310501',11,107),(180,'furor','2022-08-20 16:24:20.321591',12,107),(181,'Desganado','2022-08-21 04:45:58.908920',1,90),(182,'Positivo','2022-08-21 04:45:58.923219',2,90),(183,'Entusiasmado','2022-08-21 04:45:58.939044',3,90),(184,'Insatisfecho','2022-08-21 04:45:58.952455',4,90),(185,'Asqueado','2022-08-21 04:45:58.964419',5,90),(186,'Tirria','2022-08-21 04:45:58.976560',6,90),(187,'Sorprendido','2022-08-21 04:45:58.987914',7,90),(188,'Asustado','2022-08-21 04:45:59.002383',8,90),(189,'Inseguro','2022-08-21 04:45:59.017266',9,90),(190,'Intranquilo','2022-08-21 04:45:59.027539',10,90),(191,'Confundido','2022-08-21 04:45:59.036716',11,90),(192,'Enojado','2022-08-21 04:45:59.046612',12,90),(193,'Desmotivación','2022-08-21 05:42:33.859091',1,115),(194,'Positivismo','2022-08-21 05:42:33.872997',2,115),(195,'Euforia','2022-08-21 05:42:33.887493',3,115),(196,'Frustración','2022-08-21 05:42:33.906459',4,115),(197,'Asco','2022-08-21 05:42:33.926862',5,115),(198,'Negación','2022-08-21 05:42:33.943435',6,115),(199,'Sorpresa','2022-08-21 05:42:33.955962',7,115),(200,'Fobias','2022-08-21 05:42:33.970159',8,115),(201,'Preocupación','2022-08-21 05:42:33.993778',9,115),(202,'Intranquilidad','2022-08-21 05:42:34.010184',10,115),(203,'Desconcierto','2022-08-21 05:42:34.025653',11,115),(204,'Rabia','2022-08-21 05:42:34.039207',12,115),(205,'Apatía','2022-08-23 14:35:21.958989',1,96),(206,'Optimista','2022-08-23 14:35:21.973227',2,96),(207,'Excitado','2022-08-23 14:35:21.987137',3,96),(208,'Tristeza','2022-08-23 14:35:22.001992',4,96),(209,'Asco','2022-08-23 14:35:22.017291',5,96),(210,'Rechazo','2022-08-23 14:35:22.028623',6,96),(211,'Sorpresa','2022-08-23 14:35:22.041543',7,96),(212,'Ansiedad','2022-08-23 14:35:22.051822',8,96),(213,'Inseguridad','2022-08-23 14:35:22.061337',9,96),(214,'Intranquiliad','2022-08-23 14:35:22.074016',10,96),(215,'Desorientada','2022-08-23 14:35:22.086191',11,96),(216,'Iracundo','2022-08-23 14:35:22.100135',12,96),(217,'Desanimacion','2022-08-24 00:36:47.921150',1,94),(218,'Fartedad','2022-08-24 00:36:47.936176',2,94),(219,'Deseos','2022-08-24 00:36:47.945714',3,94),(220,'Negativismo','2022-08-24 00:36:47.957482',4,94),(221,'Soledad','2022-08-24 00:36:47.967445',5,94),(222,'Pena','2022-08-24 00:36:47.978716',6,94),(223,'Miedo','2022-08-24 00:36:47.990314',7,94),(224,'Frustración','2022-08-24 00:36:48.004017',8,94),(225,'Confianza','2022-08-24 00:36:48.018524',9,94),(226,'Poca tranquilidad','2022-08-24 00:36:48.031685',10,94),(227,'Despistado','2022-08-24 00:36:48.042397',11,94),(228,'Enojo','2022-08-24 00:36:48.052829',12,94),(229,'Tristeza','2022-08-24 01:16:12.879713',1,130),(230,'Alegria','2022-08-24 01:16:12.890614',2,130),(231,'Sorpresa','2022-08-24 01:16:12.902340',3,130),(232,'Tristeza','2022-08-24 01:16:12.914712',4,130),(233,'Asco','2022-08-24 01:16:12.924265',5,130),(234,'Rabia','2022-08-24 01:16:12.933565',6,130),(235,'Sorpresa','2022-08-24 01:16:12.942135',7,130),(236,'Miedo','2022-08-24 01:16:12.950373',8,130),(237,'Insegura','2022-08-24 01:16:12.958641',9,130),(238,'Intranquila','2022-08-24 01:16:12.967875',10,130),(239,'Perdida','2022-08-24 01:16:12.979448',11,130),(240,'Rabia','2022-08-24 01:16:12.990218',12,130),(241,'Tristeza','2022-08-24 02:40:29.394590',1,106),(242,'Predisposición','2022-08-24 02:40:29.450583',2,106),(243,'Emoción','2022-08-24 02:40:29.461979',3,106),(244,'Incompetente','2022-08-24 02:40:29.472536',4,106),(245,'Asco','2022-08-24 02:40:29.482231',5,106),(246,'Desapego','2022-08-24 02:40:29.492646',6,106),(247,'Sorpresa','2022-08-24 02:40:29.505463',7,106),(248,'Pánico','2022-08-24 02:40:29.517051',8,106),(249,'Inseguridad','2022-08-24 02:40:29.528076',9,106),(250,'Intranquila','2022-08-24 02:40:29.541144',10,106),(251,'Shock','2022-08-24 02:40:29.552068',11,106),(252,'Furia','2022-08-24 02:40:29.563667',12,106),(253,'desinteres','2022-08-24 13:37:03.466926',1,119),(254,'optimismo','2022-08-24 13:37:03.478112',2,119),(255,'fascinado','2022-08-24 13:37:03.489461',3,119),(256,'inconformidad','2022-08-24 13:37:03.501604',4,119),(257,'asco','2022-08-24 13:37:03.511963',5,119),(258,'desaprovacion','2022-08-24 13:37:03.521658',6,119),(259,'sopresa','2022-08-24 13:37:03.532972',7,119),(260,'miedo','2022-08-24 13:37:03.543619',8,119),(261,'inseguridad','2022-08-24 13:37:03.554503',9,119),(262,'nervioso','2022-08-24 13:37:03.567203',10,119),(263,'shock','2022-08-24 13:37:03.579001',11,119),(264,'furioso','2022-08-24 13:37:03.590333',12,119),(265,'apatía','2022-08-25 19:56:16.312927',1,97),(266,'optimismo','2022-08-25 19:56:16.321807',2,97),(267,'asombro','2022-08-25 19:56:16.329847',3,97),(268,'inconformidad','2022-08-25 19:56:16.337408',4,97),(269,'asco','2022-08-25 19:56:16.348505',5,97),(270,'negación','2022-08-25 19:56:16.356462',6,97),(271,'sorpresa','2022-08-25 19:56:16.364182',7,97),(272,'fobia','2022-08-25 19:56:16.372309',8,97),(273,'inseguridad','2022-08-25 19:56:16.380425',9,97),(274,'inquietud','2022-08-25 19:56:16.388403',10,97),(275,'desconcierto','2022-08-25 19:56:16.396049',11,97),(276,'furia','2022-08-25 19:56:16.403054',12,97),(277,'Apatía','2022-08-26 02:18:54.567789',1,140),(278,'Envidia','2022-08-26 02:18:54.581298',2,140),(279,'Alegría','2022-08-26 02:18:54.592792',3,140),(280,'Tristeza','2022-08-26 02:18:54.601412',4,140),(281,'Asco','2022-08-26 02:18:54.611277',5,140),(282,'Repudio','2022-08-26 02:18:54.621507',6,140),(283,'Estrés','2022-08-26 02:18:54.632567',7,140),(284,'Pánico','2022-08-26 02:18:54.643716',8,140),(285,'Miedo','2022-08-26 02:18:54.654945',9,140),(286,'Intranquilidad','2022-08-26 02:18:54.664929',10,140),(287,'Confusión','2022-08-26 02:18:54.675431',11,140),(288,'Enojo','2022-08-26 02:18:54.684909',12,140),(289,'Tristeza','2022-08-29 01:27:13.574479',1,114),(290,'Alegría','2022-08-29 01:27:13.591579',2,114),(291,'Alegría','2022-08-29 01:27:13.606109',3,114),(292,'Tristeza','2022-08-29 01:27:13.621160',4,114),(293,'Asco','2022-08-29 01:27:13.643778',5,114),(294,'Asco','2022-08-29 01:27:13.662333',6,114),(295,'Sorpresa','2022-08-29 01:27:13.675922',7,114),(296,'Miedo','2022-08-29 01:27:13.691020',8,114),(297,'Miedo','2022-08-29 01:27:13.704230',9,114),(298,'Ansiedad','2022-08-29 01:27:13.717864',10,114),(299,'Depresión','2022-08-29 01:27:13.732424',11,114),(300,'Ira','2022-08-29 01:27:13.747156',12,114),(301,'baja autoestima','2022-09-01 03:45:37.441786',1,110),(302,'optimista','2022-09-01 03:45:37.459154',2,110),(303,'atosigado','2022-09-01 03:45:37.474073',3,110),(304,'insatisfecho','2022-09-01 03:45:37.487394',4,110),(305,'baja tolerancia','2022-09-01 03:45:37.502491',5,110),(306,'intolerante','2022-09-01 03:45:37.515277',6,110),(307,'sorprendido','2022-09-01 03:45:37.526971',7,110),(308,'miedo','2022-09-01 03:45:37.541401',8,110),(309,'inseguridad','2022-09-01 03:45:37.553332',9,110),(310,'inquieto','2022-09-01 03:45:37.568174',10,110),(311,'desorientado','2022-09-01 03:45:37.583247',11,110),(312,'enojo','2022-09-01 03:45:37.598035',12,110),(313,'Desánimo','2022-09-01 15:16:33.375035',1,138),(314,'Optimismo','2022-09-01 15:16:33.390520',2,138),(315,'Satisfaccion','2022-09-01 15:16:33.404702',3,138),(316,'Derrota','2022-09-01 15:16:33.423082',4,138),(317,'Asco','2022-09-01 15:16:33.439420',5,138),(318,'Rechazo','2022-09-01 15:16:33.458641',6,138),(319,'Sorpresa','2022-09-01 15:16:33.474566',7,138),(320,'Angustia','2022-09-01 15:16:33.488781',8,138),(321,'Inseguridad','2022-09-01 15:16:33.513621',9,138),(322,'Desespero','2022-09-01 15:16:33.529607',10,138),(323,'Desorientación','2022-09-01 15:16:33.548811',11,138),(324,'Rabia','2022-09-01 15:16:33.563182',12,138),(325,'Desanimo','2022-09-02 23:54:11.794847',1,92),(326,'Optimismo','2022-09-02 23:54:11.812394',2,92),(327,'Sorpresa','2022-09-02 23:54:11.827859',3,92),(328,'Tristeza','2022-09-02 23:54:11.843785',4,92),(329,'Asco','2022-09-02 23:54:11.858369',5,92),(330,'Ira','2022-09-02 23:54:11.875367',6,92),(331,'Sorpresa','2022-09-02 23:54:11.888365',7,92),(332,'Horror','2022-09-02 23:54:11.899151',8,92),(333,'Desánimo','2022-09-02 23:54:11.910227',9,92),(334,'Exaltación','2022-09-02 23:54:11.923102',10,92),(335,'Asombro','2022-09-02 23:54:11.935091',11,92),(336,'Rabia','2022-09-02 23:54:11.945973',12,92),(337,'Aburrimiento','2022-09-03 16:40:52.180694',1,118),(338,'Optimismo','2022-09-03 16:40:52.195644',2,118),(339,'Inspirado','2022-09-03 16:40:52.207238',3,118),(340,'Depresivo','2022-09-03 16:40:52.222506',4,118),(341,'Asco','2022-09-03 16:40:52.240251',5,118),(342,'Negativo','2022-09-03 16:40:52.255148',6,118),(343,'Sorpresa','2022-09-03 16:40:52.267393',7,118),(344,'Perturbado','2022-09-03 16:40:52.282248',8,118),(345,'Timido','2022-09-03 16:40:52.293997',9,118),(346,'Estresado','2022-09-03 16:40:52.305349',10,118),(347,'Confundido','2022-09-03 16:40:52.319061',11,118),(348,'Locura','2022-09-03 16:40:52.331017',12,118),(349,'Desanimo','2022-09-07 01:07:34.884194',1,151),(350,'Envidia','2022-09-07 01:07:34.904797',2,151),(351,'euforia','2022-09-07 01:07:34.923760',3,151),(352,'Desanimo','2022-09-07 01:07:34.942617',4,151),(353,'Rabia','2022-09-07 01:07:34.963689',5,151),(354,'ecepticismo','2022-09-07 01:07:34.981122',6,151),(355,'Afán','2022-09-07 01:07:35.001219',7,151),(356,'Fobias','2022-09-07 01:07:35.018537',8,151),(357,'inseguridad','2022-09-07 01:07:35.034212',9,151),(358,'Estrés','2022-09-07 01:07:35.049037',10,151),(359,'desorientado','2022-09-07 01:07:35.064272',11,151),(360,'Rabia','2022-09-07 01:07:35.086205',12,151),(361,'tristeza','2022-09-07 01:23:56.920351',1,134),(362,'felicidad','2022-09-07 01:23:56.939085',2,134),(363,'felicidad','2022-09-07 01:23:56.957951',3,134),(364,'tristeza','2022-09-07 01:23:56.986880',4,134),(365,'asco','2022-09-07 01:23:57.000141',5,134),(366,'asco','2022-09-07 01:23:57.018912',6,134),(367,'sorpresa','2022-09-07 01:23:57.039173',7,134),(368,'miedo','2022-09-07 01:23:57.060177',8,134),(369,'miedo','2022-09-07 01:23:57.078624',9,134),(370,'ira','2022-09-07 01:23:57.093945',10,134),(371,'sorpresa','2022-09-07 01:23:57.112011',11,134),(372,'ira','2022-09-07 01:23:57.126794',12,134),(373,'desmotivación','2022-09-07 02:48:09.615935',1,95),(374,'irritación','2022-09-07 02:48:09.645789',2,95),(375,'ansiedad','2022-09-07 02:48:09.668591',3,95),(376,'tristeza','2022-09-07 02:48:09.693887',4,95),(377,'mal humor','2022-09-07 02:48:09.714958',5,95),(378,'mal humor','2022-09-07 02:48:09.738158',6,95),(379,'impulso','2022-09-07 02:48:09.763787',7,95),(380,'ansiedad','2022-09-07 02:48:09.802453',8,95),(381,'baja autoestima','2022-09-07 02:48:09.847082',9,95),(382,'ansiedad','2022-09-07 02:48:09.862839',10,95),(383,'panico','2022-09-07 02:48:09.883682',11,95),(384,'irritación','2022-09-07 02:48:09.901260',12,95),(385,'desmotivación','2022-09-07 05:03:05.473953',1,123),(386,'envidia','2022-09-07 05:03:05.500998',2,123),(387,'emoción','2022-09-07 05:03:05.521357',3,123),(388,'derrota','2022-09-07 05:03:05.538001',4,123),(389,'desagrado','2022-09-07 05:03:05.560762',5,123),(390,'disgusto','2022-09-07 05:03:05.575111',6,123),(391,'sorpresa','2022-09-07 05:03:05.592206',7,123),(392,'fobias','2022-09-07 05:03:05.609352',8,123),(393,'inseguridad','2022-09-07 05:03:05.630646',9,123),(394,'intranquilidad','2022-09-07 05:03:05.651516',10,123),(395,'desubicado','2022-09-07 05:03:05.681290',11,123),(396,'furia','2022-09-07 05:03:05.695641',12,123),(397,'Tristeza','2022-09-07 18:14:31.814578',1,131),(398,'Prejuiciosa','2022-09-07 18:14:31.831813',2,131),(399,'Euforia','2022-09-07 18:14:31.848123',3,131),(400,'Insuficiencia','2022-09-07 18:14:31.861613',4,131),(401,'Asco','2022-09-07 18:14:31.875705',5,131),(402,'Asco','2022-09-07 18:14:31.889542',6,131),(403,'Sorpresa','2022-09-07 18:14:31.904616',7,131),(404,'Miedo','2022-09-07 18:14:31.922326',8,131),(405,'Inseguridad','2022-09-07 18:14:31.938124',9,131),(406,'Intranquilidad','2022-09-07 18:14:31.952516',10,131),(407,'Sorpresa','2022-09-07 18:14:31.968776',11,131),(408,'Cólera','2022-09-07 18:14:31.987672',12,131),(409,'Desinterés','2022-09-13 21:49:11.510002',1,105),(410,'Prejuicio','2022-09-13 21:49:11.535484',2,105),(411,'Admiración','2022-09-13 21:49:11.553483',3,105),(412,'Aburrimiento','2022-09-13 21:49:11.572147',4,105),(413,'Asco','2022-09-13 21:49:11.594768',5,105),(414,'Rechazo','2022-09-13 21:49:11.609839',6,105),(415,'Sorpresa','2022-09-13 21:49:11.627559',7,105),(416,'Fobia','2022-09-13 21:49:11.644763',8,105),(417,'Inseguridad','2022-09-13 21:49:11.662965',9,105),(418,'Molestia','2022-09-13 21:49:11.683362',10,105),(419,'Sorpresa','2022-09-13 21:49:11.702696',11,105),(420,'Enojo','2022-09-13 21:49:11.718380',12,105),(421,'Desinteresado','2022-09-15 04:05:38.668675',1,154),(422,'Positivo','2022-09-15 04:05:38.685999',2,154),(423,'Muy alegre','2022-09-15 04:05:38.701349',3,154),(424,'Tristeza','2022-09-15 04:05:38.716002',4,154),(425,'Asqueado','2022-09-15 04:05:38.732902',5,154),(426,'Grosero','2022-09-15 04:05:38.747342',6,154),(427,'Sorprendido','2022-09-15 04:05:38.762704',7,154),(428,'Fobias','2022-09-15 04:05:38.779302',8,154),(429,'Inseguro','2022-09-15 04:05:38.793190',9,154),(430,'Insensato','2022-09-15 04:05:38.807727',10,154),(431,'Preocupado','2022-09-15 04:05:38.826269',11,154),(432,'Enojado','2022-09-15 04:05:38.840160',12,154),(433,'Depresión','2022-09-15 04:23:21.465156',1,91),(434,'Asco','2022-09-15 04:23:21.494007',2,91),(435,'Alegría','2022-09-15 04:23:21.508574',3,91),(436,'Descepción','2022-09-15 04:23:21.523509',4,91),(437,'Asco','2022-09-15 04:23:21.552070',5,91),(438,'Asco','2022-09-15 04:23:21.568838',6,91),(439,'Susto','2022-09-15 04:23:21.585872',7,91),(440,'Miedo','2022-09-15 04:23:21.600764',8,91),(441,'Timidez','2022-09-15 04:23:21.617821',9,91),(442,'Estresado','2022-09-15 04:23:21.633548',10,91),(443,'Ansiedad','2022-09-15 04:23:21.649302',11,91),(444,'Rabia','2022-09-15 04:23:21.664704',12,91),(445,'Pava','2022-09-16 01:43:47.745658',1,150),(446,'Irritada','2022-09-16 01:43:47.763985',2,150),(447,'Felicidad','2022-09-16 01:43:47.780936',3,150),(448,'Tristeza','2022-09-16 01:43:47.799496',4,150),(449,'Desagrado','2022-09-16 01:43:47.815718',5,150),(450,'Rechazó','2022-09-16 01:43:47.837293',6,150),(451,'Impulsó','2022-09-16 01:43:47.854192',7,150),(452,'Miedo','2022-09-16 01:43:47.871754',8,150),(453,'Miedo','2022-09-16 01:43:47.908907',9,150),(454,'Intranquilidad','2022-09-16 01:43:47.929590',10,150),(455,'Perdida','2022-09-16 01:43:47.955499',11,150),(456,'Rabia','2022-09-16 01:43:47.972645',12,150),(457,'Desmotivado','2022-09-22 18:50:34.121728',1,128),(458,'Crítica','2022-09-22 18:50:34.138531',2,128),(459,'Iracundo','2022-09-22 18:50:34.151022',3,128),(460,'Incomprensible','2022-09-22 18:50:34.165596',4,128),(461,'Asco','2022-09-22 18:50:34.179152',5,128),(462,'Indiferencia','2022-09-22 18:50:34.192769',6,128),(463,'Sorpresivo','2022-09-22 18:50:34.204919',7,128),(464,'Fobia','2022-09-22 18:50:34.220561',8,128),(465,'Inseguridad','2022-09-22 18:50:34.232897',9,128),(466,'Impaciente','2022-09-22 18:50:34.246493',10,128),(467,'Descuidado','2022-09-22 18:50:34.258812',11,128),(468,'Enojo','2022-09-22 18:50:34.271016',12,128),(469,'Apatia','2022-09-27 23:30:10.419079',1,121),(470,'Optimismo','2022-09-27 23:30:10.438728',2,121),(471,'Entusiasmos','2022-09-27 23:30:10.457777',3,121),(472,'Tristeza','2022-09-27 23:30:10.478251',4,121),(473,'Asco, aversion','2022-09-27 23:30:10.495511',5,121),(474,'Rehusar','2022-09-27 23:30:10.509658',6,121),(475,'Sorpresa, inesperado','2022-09-27 23:30:10.524141',7,121),(476,'Pavor','2022-09-27 23:30:10.538362',8,121),(477,'Timidez , inseguridad','2022-09-27 23:30:10.552958',9,121),(478,'Desasosiego','2022-09-27 23:30:10.567412',10,121),(479,'Desconcierto, asustado','2022-09-27 23:30:10.583756',11,121),(480,'Enojo, furor','2022-09-27 23:30:10.606234',12,121),(481,'Desánimo','2022-09-28 16:29:01.726744',1,146),(482,'Positivismo','2022-09-28 16:29:01.814485',2,146),(483,'Excitación','2022-09-28 16:29:01.842492',3,146),(484,'Fracaso','2022-09-28 16:29:01.859453',4,146),(485,'Desagrado','2022-09-28 16:29:01.885100',5,146),(486,'Negación','2022-09-28 16:29:01.900390',6,146),(487,'Sorpresa','2022-09-28 16:29:01.935467',7,146),(488,'Fobia','2022-09-28 16:29:01.956187',8,146),(489,'Inseguridad','2022-09-28 16:29:01.974082',9,146),(490,'Desespero','2022-09-28 16:29:01.998499',10,146),(491,'Shock','2022-09-28 16:29:02.014870',11,146),(492,'Rabia','2022-09-28 16:29:02.031230',12,146),(493,'Desinterés','2022-10-01 20:47:21.480019',1,93),(494,'Optimismo','2022-10-01 20:47:21.493882',2,93),(495,'Contento','2022-10-01 20:47:21.509583',3,93),(496,'Frustración','2022-10-01 20:47:21.525155',4,93),(497,'Desagrado','2022-10-01 20:47:21.538534',5,93),(498,'Carácter','2022-10-01 20:47:21.554517',6,93),(499,'Preocupación','2022-10-01 20:47:21.569586',7,93),(500,'Desespero','2022-10-01 20:47:21.585234',8,93),(501,'Desconfianza','2022-10-01 20:47:21.599694',9,93),(502,'Alteración','2022-10-01 20:47:21.613184',10,93),(503,'Meditabundo','2022-10-01 20:47:21.626992',11,93),(504,'Molestia','2022-10-01 20:47:21.639752',12,93),(505,'Decepción','2022-10-07 16:54:18.522749',1,99),(506,'Justo','2022-10-07 16:54:18.533977',2,99),(507,'Alegría','2022-10-07 16:54:18.544785',3,99),(508,'Deprimido','2022-10-07 16:54:18.556828',4,99),(509,'Asco','2022-10-07 16:54:18.569350',5,99),(510,'Miedo','2022-10-07 16:54:18.581089',6,99),(511,'Emoción','2022-10-07 16:54:18.592017',7,99),(512,'Desprotegido','2022-10-07 16:54:18.601117',8,99),(513,'Baja autoestima','2022-10-07 16:54:18.611399',9,99),(514,'Angustiado','2022-10-07 16:54:18.620997',10,99),(515,'Desorientado','2022-10-07 16:54:18.632930',11,99),(516,'Rabia','2022-10-07 16:54:18.644432',12,99);
/*!40000 ALTER TABLE `api_definicionesusuario` ENABLE KEYS */;
UNLOCK TABLES;

--
-- Table structure for table `api_emocion`
--

DROP TABLE IF EXISTS `api_emocion`;
/*!40101 SET @saved_cs_client     = @@character_set_client */;
/*!50503 SET character_set_client = utf8mb4 */;
CREATE TABLE `api_emocion` (
  `id` bigint NOT NULL AUTO_INCREMENT,
  `emocion` varchar(45) NOT NULL,
  PRIMARY KEY (`id`)
) ENGINE=MyISAM AUTO_INCREMENT=7 DEFAULT CHARSET=utf8mb3;
/*!40101 SET character_set_client = @saved_cs_client */;

--
-- Dumping data for table `api_emocion`
--

LOCK TABLES `api_emocion` WRITE;
/*!40000 ALTER TABLE `api_emocion` DISABLE KEYS */;
INSERT INTO `api_emocion` VALUES (1,'Alegría'),(2,'Tristeza'),(3,'Ira'),(4,'Sorpresa'),(5,'Miedo'),(6,'Asco');
/*!40000 ALTER TABLE `api_emocion` ENABLE KEYS */;
UNLOCK TABLES;

--
-- Table structure for table `api_emocion_clasificacion`
--

DROP TABLE IF EXISTS `api_emocion_clasificacion`;
/*!40101 SET @saved_cs_client     = @@character_set_client */;
/*!50503 SET character_set_client = utf8mb4 */;
CREATE TABLE `api_emocion_clasificacion` (
  `id` bigint NOT NULL AUTO_INCREMENT,
  `emocion_id` bigint NOT NULL,
  `clasificacion_id` bigint NOT NULL,
  PRIMARY KEY (`id`),
  UNIQUE KEY `api_emocion_clasificacio_emocion_id_clasificacion_bbae174e_uniq` (`emocion_id`,`clasificacion_id`),
  KEY `api_emocion_clasificacion_emocion_id_aef2f6a5` (`emocion_id`),
  KEY `api_emocion_clasificacion_clasificacion_id_73dc06cc` (`clasificacion_id`)
) ENGINE=MyISAM AUTO_INCREMENT=13 DEFAULT CHARSET=utf8mb3;
/*!40101 SET character_set_client = @saved_cs_client */;

--
-- Dumping data for table `api_emocion_clasificacion`
--

LOCK TABLES `api_emocion_clasificacion` WRITE;
/*!40000 ALTER TABLE `api_emocion_clasificacion` DISABLE KEYS */;
INSERT INTO `api_emocion_clasificacion` VALUES (1,1,2),(2,1,3),(3,2,1),(4,2,10),(5,3,4),(6,3,12),(8,4,7),(7,4,11),(9,5,8),(10,5,9),(11,6,5),(12,6,6);
/*!40000 ALTER TABLE `api_emocion_clasificacion` ENABLE KEYS */;
UNLOCK TABLES;

--
-- Table structure for table `api_escolaridad`
--

DROP TABLE IF EXISTS `api_escolaridad`;
/*!40101 SET @saved_cs_client     = @@character_set_client */;
/*!50503 SET character_set_client = utf8mb4 */;
CREATE TABLE `api_escolaridad` (
  `id` int NOT NULL AUTO_INCREMENT,
  `escolaridad` varchar(200) NOT NULL,
  PRIMARY KEY (`id`)
) ENGINE=MyISAM DEFAULT CHARSET=utf8mb3;
/*!40101 SET character_set_client = @saved_cs_client */;

--
-- Dumping data for table `api_escolaridad`
--

LOCK TABLES `api_escolaridad` WRITE;
/*!40000 ALTER TABLE `api_escolaridad` DISABLE KEYS */;
/*!40000 ALTER TABLE `api_escolaridad` ENABLE KEYS */;
UNLOCK TABLES;

--
-- Table structure for table `api_estado_civil`
--

DROP TABLE IF EXISTS `api_estado_civil`;
/*!40101 SET @saved_cs_client     = @@character_set_client */;
/*!50503 SET character_set_client = utf8mb4 */;
CREATE TABLE `api_estado_civil` (
  `id` int NOT NULL AUTO_INCREMENT,
  `estado_civil` varchar(200) NOT NULL,
  PRIMARY KEY (`id`)
) ENGINE=MyISAM AUTO_INCREMENT=7 DEFAULT CHARSET=utf8mb3;
/*!40101 SET character_set_client = @saved_cs_client */;

--
-- Dumping data for table `api_estado_civil`
--

LOCK TABLES `api_estado_civil` WRITE;
/*!40000 ALTER TABLE `api_estado_civil` DISABLE KEYS */;
INSERT INTO `api_estado_civil` VALUES (1,'Casado(a)'),(2,'Soltero'),(3,'Unión libre'),(4,'Noviazgo'),(5,'Separado'),(6,'NA');
/*!40000 ALTER TABLE `api_estado_civil` ENABLE KEYS */;
UNLOCK TABLES;

--
-- Table structure for table `api_personal`
--

DROP TABLE IF EXISTS `api_personal`;
/*!40101 SET @saved_cs_client     = @@character_set_client */;
/*!50503 SET character_set_client = utf8mb4 */;
CREATE TABLE `api_personal` (
  `id` int NOT NULL AUTO_INCREMENT,
  `nombre` varchar(200) NOT NULL,
  `funcion` longtext NOT NULL,
  `creado` datetime(6) NOT NULL,
  `actualizado` datetime(6) NOT NULL,
  `foto` varchar(255) NOT NULL,
  PRIMARY KEY (`id`)
) ENGINE=MyISAM DEFAULT CHARSET=utf8mb3;
/*!40101 SET character_set_client = @saved_cs_client */;

--
-- Dumping data for table `api_personal`
--

LOCK TABLES `api_personal` WRITE;
/*!40000 ALTER TABLE `api_personal` DISABLE KEYS */;
/*!40000 ALTER TABLE `api_personal` ENABLE KEYS */;
UNLOCK TABLES;

--
-- Table structure for table `api_programaacademico`
--

DROP TABLE IF EXISTS `api_programaacademico`;
/*!40101 SET @saved_cs_client     = @@character_set_client */;
/*!50503 SET character_set_client = utf8mb4 */;
CREATE TABLE `api_programaacademico` (
  `id` bigint NOT NULL AUTO_INCREMENT,
  `facultad` varchar(100) NOT NULL,
  `nivel` varchar(100) NOT NULL,
  `programa` varchar(200) NOT NULL,
  PRIMARY KEY (`id`)
) ENGINE=InnoDB AUTO_INCREMENT=105 DEFAULT CHARSET=utf8mb4 COLLATE=utf8mb4_0900_ai_ci;
/*!40101 SET character_set_client = @saved_cs_client */;

--
-- Dumping data for table `api_programaacademico`
--

LOCK TABLES `api_programaacademico` WRITE;
/*!40000 ALTER TABLE `api_programaacademico` DISABLE KEYS */;
INSERT INTO `api_programaacademico` VALUES (1,'Ciencias Empresariales y Económicas','Pregrado','ADMINISTRACIÓN DE EMPRESAS'),(2,'Ciencias Empresariales y Económicas','Pregrado','ADMINISTRACIÓN DE EMPRESAS TURÍSTICAS Y HOTELERAS POR CICLOS PROPEDÉUTICOS'),(3,'Ciencias Empresariales y Económicas','Pregrado','ADMINISTRACIÓN DE LA SEGURIDAD Y SALUD EN EL TRABAJO POR CICLOS PROPEDÉUTICOS'),(4,'Ciencias Empresariales y Económicas','Pregrado','ADMINISTRACIÓN PÚBLICA POR CICLOS PROPEDÉUTICOS'),(5,'Ciencias Empresariales y Económicas','Pregrado','CONTADURÍA PÚBLICA'),(6,'Ciencias Empresariales y Económicas','Pregrado','ECONOMÍA'),(7,'Ciencias Empresariales y Económicas','Pregrado','GESTIÓN CULTURAL Y DE INDUSTRIAS CREATIVAS'),(8,'Ciencias Empresariales y Económicas','Pregrado','NEGOCIOS INTERNACIONALES'),(9,'Ciencias Empresariales y Económicas','Pregrado','TÉCNICO PROFESIONAL EN PREVENCIÓN DE RIESGOS LABORALES'),(10,'Ciencias Empresariales y Económicas','Pregrado','TÉCNICO PROFESIONAL EN PROCESOS DE GESTIÓN PÚBLICA TERRITORIAL'),(11,'Ciencias Empresariales y Económicas','Pregrado','TECNOLOGÍA EN GESTIÓN DE LA SEGURIDAD Y SALUD EN EL TRABAJO POR CICLOS PROPEDÉUTICOS'),(12,'Ciencias Empresariales y Económicas','Pregrado','TECNOLOGÍA EN GESTIÓN HOTELERA Y TURÍSTICA – POR CICLOS PROPEDÉUTICOS'),(13,'Ciencias Empresariales y Económicas','Pregrado','TECNOLOGÍA EN GESTIÓN PÚBLICA TERRITORIAL'),(14,'Ciencias Empresariales y Económicas','Postgrado','ESPECIALIZACIÓN EN ALTA GERENCIA'),(15,'Ciencias Empresariales y Económicas','Postgrado','ESPECIALIZACIÓN EN DIRECCIÓN Y LIDERAZGO EN ORGANIZACIONES EDUCATIVAS'),(16,'Ciencias Empresariales y Económicas','Postgrado','ESPECIALIZACIÓN EN FINANZAS'),(17,'Ciencias Empresariales y Económicas','Postgrado','ESPECIALIZACIÓN EN FORMULACIÓN Y GESTIÓN INTEGRAL DE PROYECTOS'),(18,'Ciencias Empresariales y Económicas','Postgrado','ESPECIALIZACIÓN EN GERENCIA DE MERCADEO'),(19,'Ciencias Empresariales y Económicas','Postgrado','ESPECIALIZACIÓN EN GESTIÓN ESTRATÉGICA DEL TALENTO HUMANO'),(20,'Ciencias Empresariales y Económicas','Postgrado','MAESTRÍA EN ADMINISTRACIÓN'),(21,'Ciencias Empresariales y Económicas','Postgrado','MAESTRÍA EN DESARROLLO TERRITORIAL SOSTENIBLE'),(22,'Ciencias Empresariales y Económicas','Postgrado','MAESTRÍA EN GESTIÓN DEL TURISMO SOSTENIBLE'),(23,'Ingeniería','Pregrado','INGENIERÍA AGRONÓMICA'),(24,'Ingeniería','Pregrado','INGENIERÍA AMBIENTAL Y SANITARIA'),(25,'Ingeniería','Pregrado','INGENIERÍA CIVIL'),(26,'Ingeniería','Pregrado','INGENIERÍA DE SISTEMAS'),(27,'Ingeniería','Pregrado','INGENIERÍA ELECTRÓNICA'),(28,'Ingeniería','Pregrado','INGENIERÍA INDUSTRIAL'),(29,'Ingeniería','Pregrado','INGENIERÍA PESQUERA'),(30,'Ingeniería','Postgrado','DOCTORADO EN INGENIERÍA'),(31,'Ingeniería','Postgrado','ESPECIALIZACIÓN EN DESARROLLO DE SOFTWARE'),(32,'Ingeniería','Postgrado','ESPECIALIZACIÓN EN GERENCIA DE PROYECTOS DE INGENIERÍA'),(33,'Ingeniería','Postgrado','ESPECIALIZACIÓN EN GESTIÓN Y LEGISLACIÓN AMBIENTAL'),(34,'Ingeniería','Postgrado','ESPECIALIZACIÓN EN LOGÍSTICA Y TRANSPORTE INTERNACIONAL'),(35,'Ingeniería','Postgrado','MAESTRÍA EN CIENCIAS AGRARIAS'),(36,'Ingeniería','Postgrado','MAESTRÍA EN INGENIERÍA'),(37,'Ingeniería','Postgrado','MAESTRÍA EN LOGÍSTICA Y CADENA DE SUMINISTROS'),(38,'Ingeniería','Postgrado','MAESTRÍA EN PESQUERÍAS TROPICALES'),(39,'Ingeniería','Postgrado','MAESTRÍA EN SISTEMAS DE GESTIÓN'),(40,'Ingeniería','Formación para el trabajo y desarrollo humano','AYUDANTE DE MINERÍA'),(41,'Ingeniería','Formación para el trabajo y desarrollo humano','ELECTRICISTA RESIDENCIAL'),(42,'Ingeniería','Formación para el trabajo y desarrollo humano','INSTALACIÓN DE REDES DE TELECOMUNICACIONES'),(43,'Ingeniería','Formación para el trabajo y desarrollo humano','INSTALACIÓN DE SISTEMAS DE REFRIGERACIÓN COMERCIAL E INDUSTRIAL'),(44,'Ingeniería','Formación para el trabajo y desarrollo humano','OFICIAL DE CONSTRUCCIÓN'),(45,'Ingeniería','Formación para el trabajo y desarrollo humano','OPERADOR DE EQUIPOS PESADOS'),(46,'Ingeniería','Formación para el trabajo y desarrollo humano','TÉCNICO LABORAL EN TRANSITO, TRANSPORTE Y SEGURIDAD VIAL'),(47,'Facultad de Ciencias Básicas','Pregrado','BIOLOGÍA'),(48,'Facultad de Ciencias Básicas','Postgrado','DOCTORADO EN CIENCIAS DEL MAR'),(49,'Facultad de Ciencias Básicas','Postgrado','DOCTORADO EN CIENCIAS FÍSICAS (SUE CARIBE)'),(50,'Facultad de Ciencias Básicas','Postgrado','MAESTRÍA EN CIENCIAS FÍSICAS (SUE CARIBE)'),(51,'Facultad de Ciencias Básicas','Postgrado','MAESTRÍA EN ECOLOGÍA Y BIODIVERSIDAD'),(52,'Facultad de Ciencias Básicas','Postgrado','MAESTRÍA EN GESTIÓN DEL TERRITORIO MARINO COSTERO'),(53,'Humanidades','Pregrado','ANTROPOLOGÍA'),(54,'Humanidades','Pregrado','CINE Y AUDIOVISUALES'),(55,'Humanidades','Pregrado','DERECHO'),(56,'Humanidades','Pregrado','HISTORIA Y PATRIMONIO'),(57,'Humanidades','Pregrado','PROFESIONAL EN DEPORTE'),(58,'Humanidades','Pregrado','TECNOLOGÍA EN EDUCACIÓN FÍSICA, RECREACIÓN Y DEPORTE'),(59,'Humanidades','Postgrado','ESPECIALIZACIÓN EN DERECHO ADMINISTRATIVO'),(60,'Humanidades','Postgrado','ESPECIALIZACIÓN EN DERECHO CONSTITUCIONAL'),(61,'Humanidades','Postgrado','ESPECIALIZACIÓN EN DERECHO PROCESAL'),(62,'Humanidades','Postgrado','ESPECIALIZACIÓN EN DERECHOS HUMANOS Y DERECHO INTERNACIONAL HUMANITARIO'),(63,'Humanidades','Postgrado','MAESTRÍA EN ANTROPOLOGÍA'),(64,'Humanidades','Postgrado','MAESTRÍA EN ARGUMENTACIÓN JURÍDICA'),(65,'Humanidades','Postgrado','MAESTRÍA EN ESCRITURAS AUDIOVISUALES'),(66,'Humanidades','Postgrado','MAESTRÍA EN PRODUCCIÓN AUDIOVISUAL CREATIVA'),(67,'Humanidades','Postgrado','MAESTRÍA EN PROMOCIÓN Y PROTECCIÓN DE LOS DERECHOS HUMANOS'),(68,'Humanidades','Formación para el trabajo y desarrollo humano','MÚSICA Y SONIDO'),(69,'Humanidades','Formación para el trabajo y desarrollo humano','OFICINISTA, CLASIFICACIÓN Y ARCHIVO'),(70,'Humanidades','Formación para el trabajo y desarrollo humano','TÉCNICO LABORAL POR COMPETENCIAS EN DISEÑO Y ANIMACIÓN 3D'),(71,'Ciencias de la Salud','Pregrado','ENFERMERÍA'),(72,'Ciencias de la Salud','Pregrado','MEDICINA'),(73,'Ciencias de la Salud','Pregrado','ODONTOLOGÍA'),(74,'Ciencias de la Salud','Pregrado','PSICOLOGÍA'),(75,'Ciencias de la Salud','Pregrado','TECNOLOGÍA EN ATENCIÓN INTEGRAL A LA PRIMERA INFANCIA'),(76,'Ciencias de la Salud','Postgrado','DOCTORADO EN MEDICINA TROPICAL'),(77,'Ciencias de la Salud','Postgrado','ESPECIALIZACIÓN EN SEGURIDAD Y SALUD EN EL TRABAJO'),(78,'Ciencias de la Salud','Postgrado','MAESTRÍA EN EPIDEMIOLOGÍA'),(79,'Ciencias de la Salud','Postgrado','MAESTRÍA EN PSICOLOGÍA CLÍNICA, JURÍDICA Y FORENSE'),(80,'Ciencias de la Salud','Postgrado','MAESTRÍA EN PSICOLOGÍA DE LAS ORGANIZACIONES Y DEL TRABAJO'),(81,'Ciencias de la Salud','Postgrado','MAESTRÍA EN SALUD FAMILIAR Y COMUNITARIA'),(82,'Ciencias de la Salud','Postgrado','MAESTRÍA EN SALUD MENTAL EN COMUNIDADES DIVERSAS'),(83,'Ciencias de la Salud','Formación para el trabajo y desarrollo humano','AUXILIAR EN EDUCACIÓN PARA LA PRIMERA INFANCIA'),(84,'Ciencias de la Salud','Formación para el trabajo y desarrollo humano','TÉCNICO LABORAL EN AUXILIAR EN SALUD ORAL'),(85,'Ciencias de la Educación','Pregrado','LICENCIATURA EN ARTES'),(86,'Ciencias de la Educación','Pregrado','LICENCIATURA EN CIENCIAS NATURALES Y EDUCACIÓN AMBIENTAL'),(87,'Ciencias de la Educación','Pregrado','LICENCIATURA EN EDUCACION CAMPESINA Y RURAL'),(88,'Ciencias de la Educación','Pregrado','LICENCIATURA EN EDUCACIÓN INFANTIL'),(89,'Ciencias de la Educación','Pregrado','LICENCIATURA EN ETNOEDUCACIÓN'),(90,'Ciencias de la Educación','Pregrado','LICENCIATURA EN INFORMÁTICA'),(91,'Ciencias de la Educación','Pregrado','LICENCIATURA EN LENGUAS EXTRANJERAS CON ÉNFASIS EN INGLES'),(92,'Ciencias de la Educación','Pregrado','LICENCIATURA EN LITERATURA Y LENGUA CASTELLANA'),(93,'Ciencias de la Educación','Pregrado','LICENCIATURA EN LITERATURA Y LENGUA CASTELLANA - MODALIDAD DISTANCIA'),(94,'Ciencias de la Educación','Pregrado','LICENCIATURA EN MATEMÁTICAS'),(95,'Ciencias de la Educación','Pregrado','LICENCIATURA EN PREESCOLAR'),(96,'Ciencias de la Educación','Pregrado','LICENCIATURA EN QUÍMICA'),(97,'Ciencias de la Educación','Pregrado','LICENCIATURA EN TECNOLOGÍA'),(98,'Ciencias de la Educación','Postgrado','DOCTORADO EN CIENCIAS DE LA EDUCACIÓN (RUDECOLOMBIA)'),(99,'Ciencias de la Educación','Postgrado','DOCTORADO EN EDUCACIÓN, INTERCULTURALIDAD Y TERRITORIO'),(100,'Ciencias de la Educación','Postgrado','ESPECIALIZACIÓN EN DOCENCIA UNIVERSITARIA'),(101,'Ciencias de la Educación','Postgrado','MAESTRÍA EN EDUCACIÓN (SUE CARIBE)'),(102,'Ciencias de la Educación','Postgrado','MAESTRÍA EN ENSEÑANZA DE LAS CIENCIAS NATURALES'),(103,'Ciencias de la Educación','Postgrado','MAESTRÍA EN ENSEÑANZA DE LAS MATEMÁTICAS'),(104,'Ciencias de la Educación','Postgrado','MAESTRÍA EN ENSEÑANZA DEL LENGUAJE Y LA LENGUA CASTELLANA');
/*!40000 ALTER TABLE `api_programaacademico` ENABLE KEYS */;
UNLOCK TABLES;

--
-- Table structure for table `api_sexo`
--

DROP TABLE IF EXISTS `api_sexo`;
/*!40101 SET @saved_cs_client     = @@character_set_client */;
/*!50503 SET character_set_client = utf8mb4 */;
CREATE TABLE `api_sexo` (
  `id` int NOT NULL AUTO_INCREMENT,
  `sexo` varchar(200) NOT NULL,
  PRIMARY KEY (`id`)
) ENGINE=MyISAM AUTO_INCREMENT=4 DEFAULT CHARSET=utf8mb3;
/*!40101 SET character_set_client = @saved_cs_client */;

--
-- Dumping data for table `api_sexo`
--

LOCK TABLES `api_sexo` WRITE;
/*!40000 ALTER TABLE `api_sexo` DISABLE KEYS */;
INSERT INTO `api_sexo` VALUES (1,'Masculino'),(2,'Femenino'),(3,'Intersex');
/*!40000 ALTER TABLE `api_sexo` ENABLE KEYS */;
UNLOCK TABLES;

--
-- Table structure for table `auth_group`
--

DROP TABLE IF EXISTS `auth_group`;
/*!40101 SET @saved_cs_client     = @@character_set_client */;
/*!50503 SET character_set_client = utf8mb4 */;
CREATE TABLE `auth_group` (
  `id` int NOT NULL AUTO_INCREMENT,
  `name` varchar(150) NOT NULL,
  PRIMARY KEY (`id`),
  UNIQUE KEY `name` (`name`)
) ENGINE=MyISAM DEFAULT CHARSET=utf8mb3;
/*!40101 SET character_set_client = @saved_cs_client */;

--
-- Dumping data for table `auth_group`
--

LOCK TABLES `auth_group` WRITE;
/*!40000 ALTER TABLE `auth_group` DISABLE KEYS */;
/*!40000 ALTER TABLE `auth_group` ENABLE KEYS */;
UNLOCK TABLES;

--
-- Table structure for table `auth_group_permissions`
--

DROP TABLE IF EXISTS `auth_group_permissions`;
/*!40101 SET @saved_cs_client     = @@character_set_client */;
/*!50503 SET character_set_client = utf8mb4 */;
CREATE TABLE `auth_group_permissions` (
  `id` bigint NOT NULL AUTO_INCREMENT,
  `group_id` int NOT NULL,
  `permission_id` int NOT NULL,
  PRIMARY KEY (`id`),
  UNIQUE KEY `auth_group_permissions_group_id_permission_id_0cd325b0_uniq` (`group_id`,`permission_id`),
  KEY `auth_group_permissions_group_id_b120cbf9` (`group_id`),
  KEY `auth_group_permissions_permission_id_84c5c92e` (`permission_id`)
) ENGINE=MyISAM DEFAULT CHARSET=utf8mb3;
/*!40101 SET character_set_client = @saved_cs_client */;

--
-- Dumping data for table `auth_group_permissions`
--

LOCK TABLES `auth_group_permissions` WRITE;
/*!40000 ALTER TABLE `auth_group_permissions` DISABLE KEYS */;
/*!40000 ALTER TABLE `auth_group_permissions` ENABLE KEYS */;
UNLOCK TABLES;

--
-- Table structure for table `auth_permission`
--

DROP TABLE IF EXISTS `auth_permission`;
/*!40101 SET @saved_cs_client     = @@character_set_client */;
/*!50503 SET character_set_client = utf8mb4 */;
CREATE TABLE `auth_permission` (
  `id` int NOT NULL AUTO_INCREMENT,
  `name` varchar(255) NOT NULL,
  `content_type_id` int NOT NULL,
  `codename` varchar(100) NOT NULL,
  PRIMARY KEY (`id`),
  UNIQUE KEY `auth_permission_content_type_id_codename_01ab375a_uniq` (`content_type_id`,`codename`),
  KEY `auth_permission_content_type_id_2f476e4b` (`content_type_id`)
) ENGINE=MyISAM AUTO_INCREMENT=113 DEFAULT CHARSET=utf8mb3;
/*!40101 SET character_set_client = @saved_cs_client */;

--
-- Dumping data for table `auth_permission`
--

LOCK TABLES `auth_permission` WRITE;
/*!40000 ALTER TABLE `auth_permission` DISABLE KEYS */;
INSERT INTO `auth_permission` VALUES (1,'Can add cors model',1,'add_corsmodel'),(2,'Can change cors model',1,'change_corsmodel'),(3,'Can delete cors model',1,'delete_corsmodel'),(4,'Can view cors model',1,'view_corsmodel'),(5,'Can add log entry',2,'add_logentry'),(6,'Can change log entry',2,'change_logentry'),(7,'Can delete log entry',2,'delete_logentry'),(8,'Can view log entry',2,'view_logentry'),(9,'Can add permission',3,'add_permission'),(10,'Can change permission',3,'change_permission'),(11,'Can delete permission',3,'delete_permission'),(12,'Can view permission',3,'view_permission'),(13,'Can add group',4,'add_group'),(14,'Can change group',4,'change_group'),(15,'Can delete group',4,'delete_group'),(16,'Can view group',4,'view_group'),(17,'Can add user',5,'add_user'),(18,'Can change user',5,'change_user'),(19,'Can delete user',5,'delete_user'),(20,'Can view user',5,'view_user'),(21,'Can add content type',6,'add_contenttype'),(22,'Can change content type',6,'change_contenttype'),(23,'Can delete content type',6,'delete_contenttype'),(24,'Can view content type',6,'view_contenttype'),(25,'Can add session',7,'add_session'),(26,'Can change session',7,'change_session'),(27,'Can delete session',7,'delete_session'),(28,'Can view session',7,'view_session'),(29,'Can add view pregunta respuesta',8,'add_viewpreguntarespuesta'),(30,'Can change view pregunta respuesta',8,'change_viewpreguntarespuesta'),(31,'Can delete view pregunta respuesta',8,'delete_viewpreguntarespuesta'),(32,'Can view view pregunta respuesta',8,'view_viewpreguntarespuesta'),(33,'Can add view respuesta encuestas',9,'add_viewrespuestaencuestas'),(34,'Can change view respuesta encuestas',9,'change_viewrespuestaencuestas'),(35,'Can delete view respuesta encuestas',9,'delete_viewrespuestaencuestas'),(36,'Can view view respuesta encuestas',9,'view_viewrespuestaencuestas'),(37,'Can add avance modulos',10,'add_avancemodulos'),(38,'Can change avance modulos',10,'change_avancemodulos'),(39,'Can delete avance modulos',10,'delete_avancemodulos'),(40,'Can view avance modulos',10,'view_avancemodulos'),(41,'Can add clasificacion',11,'add_clasificacion'),(42,'Can change clasificacion',11,'change_clasificacion'),(43,'Can delete clasificacion',11,'delete_clasificacion'),(44,'Can view clasificacion',11,'view_clasificacion'),(45,'Can add definiciones',12,'add_definiciones'),(46,'Can change definiciones',12,'change_definiciones'),(47,'Can delete definiciones',12,'delete_definiciones'),(48,'Can view definiciones',12,'view_definiciones'),(49,'Can add encuesta',13,'add_encuesta'),(50,'Can change encuesta',13,'change_encuesta'),(51,'Can delete encuesta',13,'delete_encuesta'),(52,'Can view encuesta',13,'view_encuesta'),(53,'Can add escolaridad',14,'add_escolaridad'),(54,'Can change escolaridad',14,'change_escolaridad'),(55,'Can delete escolaridad',14,'delete_escolaridad'),(56,'Can view escolaridad',14,'view_escolaridad'),(57,'Can add estado_ civil',15,'add_estado_civil'),(58,'Can change estado_ civil',15,'change_estado_civil'),(59,'Can delete estado_ civil',15,'delete_estado_civil'),(60,'Can view estado_ civil',15,'view_estado_civil'),(61,'Can add personal',16,'add_personal'),(62,'Can change personal',16,'change_personal'),(63,'Can delete personal',16,'delete_personal'),(64,'Can view personal',16,'view_personal'),(65,'Can add pregunta',17,'add_pregunta'),(66,'Can change pregunta',17,'change_pregunta'),(67,'Can delete pregunta',17,'delete_pregunta'),(68,'Can view pregunta',17,'view_pregunta'),(69,'Can add pregunta respuesta',18,'add_preguntarespuesta'),(70,'Can change pregunta respuesta',18,'change_preguntarespuesta'),(71,'Can delete pregunta respuesta',18,'delete_preguntarespuesta'),(72,'Can view pregunta respuesta',18,'view_preguntarespuesta'),(73,'Can add respuesta',19,'add_respuesta'),(74,'Can change respuesta',19,'change_respuesta'),(75,'Can delete respuesta',19,'delete_respuesta'),(76,'Can view respuesta',19,'view_respuesta'),(77,'Can add seccion emocional',20,'add_seccionemocional'),(78,'Can change seccion emocional',20,'change_seccionemocional'),(79,'Can delete seccion emocional',20,'delete_seccionemocional'),(80,'Can view seccion emocional',20,'view_seccionemocional'),(81,'Can add sexo',21,'add_sexo'),(82,'Can change sexo',21,'change_sexo'),(83,'Can delete sexo',21,'delete_sexo'),(84,'Can view sexo',21,'view_sexo'),(85,'Can add usuario',22,'add_usuario'),(86,'Can change usuario',22,'change_usuario'),(87,'Can delete usuario',22,'delete_usuario'),(88,'Can view usuario',22,'view_usuario'),(89,'Can add usuario encuesta',23,'add_usuarioencuesta'),(90,'Can change usuario encuesta',23,'change_usuarioencuesta'),(91,'Can delete usuario encuesta',23,'delete_usuarioencuesta'),(92,'Can view usuario encuesta',23,'view_usuarioencuesta'),(93,'Can add usuario respuesta',24,'add_usuariorespuesta'),(94,'Can change usuario respuesta',24,'change_usuariorespuesta'),(95,'Can delete usuario respuesta',24,'delete_usuariorespuesta'),(96,'Can view usuario respuesta',24,'view_usuariorespuesta'),(97,'Can add emocion',25,'add_emocion'),(98,'Can change emocion',25,'change_emocion'),(99,'Can delete emocion',25,'delete_emocion'),(100,'Can view emocion',25,'view_emocion'),(101,'Can add definiciones usuario',26,'add_definicionesusuario'),(102,'Can change definiciones usuario',26,'change_definicionesusuario'),(103,'Can delete definiciones usuario',26,'delete_definicionesusuario'),(104,'Can view definiciones usuario',26,'view_definicionesusuario'),(105,'Can add usuarios',27,'add_usuarios'),(106,'Can change usuarios',27,'change_usuarios'),(107,'Can delete usuarios',27,'delete_usuarios'),(108,'Can view usuarios',27,'view_usuarios'),(109,'Can add programa academico',28,'add_programaacademico'),(110,'Can change programa academico',28,'change_programaacademico'),(111,'Can delete programa academico',28,'delete_programaacademico'),(112,'Can view programa academico',28,'view_programaacademico');
/*!40000 ALTER TABLE `auth_permission` ENABLE KEYS */;
UNLOCK TABLES;

--
-- Table structure for table `auth_user`
--

DROP TABLE IF EXISTS `auth_user`;
/*!40101 SET @saved_cs_client     = @@character_set_client */;
/*!50503 SET character_set_client = utf8mb4 */;
CREATE TABLE `auth_user` (
  `id` int NOT NULL AUTO_INCREMENT,
  `password` varchar(128) NOT NULL,
  `last_login` datetime(6) DEFAULT NULL,
  `is_superuser` tinyint(1) NOT NULL,
  `username` varchar(150) NOT NULL,
  `first_name` varchar(150) NOT NULL,
  `last_name` varchar(150) NOT NULL,
  `email` varchar(254) NOT NULL,
  `is_staff` tinyint(1) NOT NULL,
  `is_active` tinyint(1) NOT NULL,
  `date_joined` datetime(6) NOT NULL,
  PRIMARY KEY (`id`),
  UNIQUE KEY `username` (`username`)
) ENGINE=MyISAM AUTO_INCREMENT=2 DEFAULT CHARSET=utf8mb3;
/*!40101 SET character_set_client = @saved_cs_client */;

--
-- Dumping data for table `auth_user`
--

LOCK TABLES `auth_user` WRITE;
/*!40000 ALTER TABLE `auth_user` DISABLE KEYS */;
INSERT INTO `auth_user` VALUES (1,'pbkdf2_sha256$320000$oY1rmZeEmud7OMTMtgczpd$KmKM/ov359MyNjB0SKs1UOPXBjTR+4Fg7SU9lWh9uj0=','2022-09-23 21:01:14.961694',1,'admin','','','miguepoloc@gmail.com',1,1,'2022-06-10 19:21:49.470537');
/*!40000 ALTER TABLE `auth_user` ENABLE KEYS */;
UNLOCK TABLES;

--
-- Table structure for table `auth_user_groups`
--

DROP TABLE IF EXISTS `auth_user_groups`;
/*!40101 SET @saved_cs_client     = @@character_set_client */;
/*!50503 SET character_set_client = utf8mb4 */;
CREATE TABLE `auth_user_groups` (
  `id` bigint NOT NULL AUTO_INCREMENT,
  `user_id` int NOT NULL,
  `group_id` int NOT NULL,
  PRIMARY KEY (`id`),
  UNIQUE KEY `auth_user_groups_user_id_group_id_94350c0c_uniq` (`user_id`,`group_id`),
  KEY `auth_user_groups_user_id_6a12ed8b` (`user_id`),
  KEY `auth_user_groups_group_id_97559544` (`group_id`)
) ENGINE=MyISAM DEFAULT CHARSET=utf8mb3;
/*!40101 SET character_set_client = @saved_cs_client */;

--
-- Dumping data for table `auth_user_groups`
--

LOCK TABLES `auth_user_groups` WRITE;
/*!40000 ALTER TABLE `auth_user_groups` DISABLE KEYS */;
/*!40000 ALTER TABLE `auth_user_groups` ENABLE KEYS */;
UNLOCK TABLES;

--
-- Table structure for table `auth_user_user_permissions`
--

DROP TABLE IF EXISTS `auth_user_user_permissions`;
/*!40101 SET @saved_cs_client     = @@character_set_client */;
/*!50503 SET character_set_client = utf8mb4 */;
CREATE TABLE `auth_user_user_permissions` (
  `id` bigint NOT NULL AUTO_INCREMENT,
  `user_id` int NOT NULL,
  `permission_id` int NOT NULL,
  PRIMARY KEY (`id`),
  UNIQUE KEY `auth_user_user_permissions_user_id_permission_id_14a6b632_uniq` (`user_id`,`permission_id`),
  KEY `auth_user_user_permissions_user_id_a95ead1b` (`user_id`),
  KEY `auth_user_user_permissions_permission_id_1fbb5f2c` (`permission_id`)
) ENGINE=MyISAM DEFAULT CHARSET=utf8mb3;
/*!40101 SET character_set_client = @saved_cs_client */;

--
-- Dumping data for table `auth_user_user_permissions`
--

LOCK TABLES `auth_user_user_permissions` WRITE;
/*!40000 ALTER TABLE `auth_user_user_permissions` DISABLE KEYS */;
/*!40000 ALTER TABLE `auth_user_user_permissions` ENABLE KEYS */;
UNLOCK TABLES;

--
-- Table structure for table `authentication_usuarios`
--

DROP TABLE IF EXISTS `authentication_usuarios`;
/*!40101 SET @saved_cs_client     = @@character_set_client */;
/*!50503 SET character_set_client = utf8mb4 */;
CREATE TABLE `authentication_usuarios` (
  `id` bigint NOT NULL AUTO_INCREMENT,
  `document` varchar(20) NOT NULL,
  `password` varchar(100) NOT NULL,
  `email` varchar(254) NOT NULL,
  `nombre` varchar(200) NOT NULL,
  `edad` int NOT NULL,
  `tipo_documento` varchar(2) NOT NULL,
  `ciudad_nacimiento` varchar(200) NOT NULL,
  `fecha_nacimiento` date NOT NULL,
  `programa` varchar(200) NOT NULL,
  `semestre` int NOT NULL,
  `covid_positivo` tinyint(1) NOT NULL,
  `covid_familiar` tinyint(1) NOT NULL,
  `covid_vacuna` tinyint(1) NOT NULL,
  `covid_tipo_vacuna` varchar(1) DEFAULT NULL,
  `covid_dosis` tinyint(1) NOT NULL,
  `discapacidad` tinyint(1) NOT NULL,
  `discapacidad_tipo` varchar(1) DEFAULT NULL,
  `telefono` bigint NOT NULL,
  `ocupacion` varchar(200) NOT NULL,
  `is_controlgroup` tinyint(1) NOT NULL,
  `is_active` tinyint(1) NOT NULL,
  `is_staff` tinyint(1) NOT NULL,
  `created_at` datetime(6) NOT NULL,
  `updated_at` datetime(6) NOT NULL,
  `estado_civil_id` int DEFAULT NULL,
  `departamento_nacimiento` varchar(200) NOT NULL,
  `sexo_id` int DEFAULT NULL,
  `programa_academico_id` bigint DEFAULT NULL,
  PRIMARY KEY (`id`),
  UNIQUE KEY `document` (`document`),
  UNIQUE KEY `email` (`email`),
  KEY `authentication_usuarios_estado_civil_id_74c7a602` (`estado_civil_id`),
  KEY `authentication_usuarios_sexo_id_3474a668` (`sexo_id`),
  KEY `authentication_usuarios_programa_academico_id_0385c19e` (`programa_academico_id`)
) ENGINE=MyISAM AUTO_INCREMENT=162 DEFAULT CHARSET=utf8mb3;
/*!40101 SET character_set_client = @saved_cs_client */;

--
-- Dumping data for table `authentication_usuarios`
--

LOCK TABLES `authentication_usuarios` WRITE;
/*!40000 ALTER TABLE `authentication_usuarios` DISABLE KEYS */;
INSERT INTO `authentication_usuarios` VALUES (142,'1083015435','pbkdf2_sha256$320000$4B7CyxM5QS6oGi3SBaN5L6$eB1+Xc40DKlFxdKivswCi9e1RrIFREaqQj1idCGWE0A=','miguepoloc@gmail.com','Miguel Angel Polo Castañeda',25,'CC','Santa Marta','1996-08-20','Ingeniería Electrónica',10,0,1,1,'P',1,0,'',3003859853,'Contratista',0,1,1,'2022-07-06 03:30:30.679482','2022-07-06 04:58:58.959571',1,'Magdalena',1,27),(145,'1083037999','pbkdf2_sha256$320000$LVZmYqgTXAReNmCbtsdp81$jXgzbO7HJYkkqWTO+MupWaH3aRk+2qyyGGKK5KQhoVI=','valentinagomez0911@gmail.com','Valentina Gómez Bermúdez',23,'CC','Santa Marta','1998-09-11','Ing Pruefsadba',10,1,1,1,'P',1,0,'',3226708082,'Estudiante',1,1,0,'2022-07-15 01:53:33.606471','2022-07-15 01:53:33.606548',2,'Magdalena',2,28),(146,'1083034004','pbkdf2_sha256$320000$o4zgpli0bNGRSWXxF8oRhd$SLhd1AFxWikT2XehvPFEvehphAoAYFKGROAYoJWDm88=','luiscastrillojf@gmail.com','Luis José Castrillo Fernández',24,'CC','Ariguaní','1997-10-20','Ing Pruefsadba',2,1,1,1,'S',1,0,'',3058111422,'Contratista Ingeniero Electrónico',0,1,0,'2022-07-15 02:18:07.944412','2022-07-15 02:18:07.944468',2,'Magdalena',1,36),(147,'1083034205','pbkdf2_sha256$320000$EVUpfbYH3XCSy2yjSr78O8$ViGidN916Z/RUtsf4T/FDazOPCOTWc2/b1pR41RwfXY=','alexanderespinosaev@unimagdalena.edu.co','Alexander Esteban Espinosa Valdez',24,'CC','Santa Marta','1998-04-13','Ing Pruefsadba',2,0,1,1,'A',1,0,'',3022065807,'Contratista Ingeniero Electrónico',0,1,0,'2022-07-15 04:01:01.577119','2022-07-15 04:01:01.577183',2,'Magdalena',1,36),(148,'1007900268','pbkdf2_sha256$320000$PwNsZVFBSYTtbBoQXrqTBu$QuhrRIOAW/xw1LDHC+wR3j4/MITwZJBDNOPcj3SsdQQ=','danielvegac2000@gmail.com','Daniel Miguel Vega',21,'CC','Santa Marta','2000-08-28','Ing Pruefsadba',2,1,1,1,'A',1,0,'',3023795950,'Contratista',1,1,1,'2022-07-15 05:10:23.398750','2022-07-15 05:10:23.398797',4,'Magdalena',1,NULL),(149,'1010051911','pbkdf2_sha256$320000$n75iOQGbNPC5cctW6xZrT8$nqis3raSZlXZz+QY1Mc0Wp6l7gyHlqV/Onj90ZFOPC8=','gnalvares14@gmail.com','Gisell Natally Álvarez Linares',21,'CC','Santa Marta','2001-06-14','Ing Pruefsadba',4,0,1,1,'S',1,0,NULL,3005140362,'Estudiante',0,1,0,'2022-07-16 23:42:33.385748','2022-07-16 23:45:05.695795',2,'Magdalena',2,87),(150,'1082860850','pbkdf2_sha256$320000$cti0fRVW24qum4Jct2RXNy$82SLBlAHOj1+hebYoTfRqSoIWQAXt9UFGmhKG6Caxk8=','marideypolo@gmail.com','Maridey Dayana Polo Castañeda',17,'TI','Santa Marta','2005-05-26','Ing Pruefsadba',2,0,1,1,'P',1,0,NULL,3117496975,'Estudiante',0,1,0,'2022-07-17 04:36:13.805406','2022-07-17 04:51:51.190261',2,'Magdalena',2,53),(151,'1121529545','pbkdf2_sha256$320000$2Q9Zk2Cq3Z1hpZ2fznv5qX$XNr2DsCTioAnFfhMSgE9r4fu9ZEofmjQTPLoPC46x5E=','gustavolindartel@gmail.com','Gustavo Adolfo Lindarte Sierra',17,'TI','Maicao','2005-04-22','Ing Pruefsadba',2,1,1,1,'M',1,0,NULL,3147145803,'Estudiante',0,1,0,'2022-07-17 04:40:24.789629','2022-07-17 04:52:07.234845',4,'La Guajira',1,53),(152,'1082836092','pbkdf2_sha256$320000$T7Q8dn8d68OUSVU8P9XeG0$DqM935MIH5kh802879AZ2wFtWL22GNNDWhLSXnpUzgU=','santiago69vasquez@gmail.com','Santiago Andres Vásquez Mercado',16,'TI','Santa Marta','2005-07-20','Derecho',2,0,0,1,'P',1,0,NULL,3042857073,'Estudiante',0,1,0,'2022-07-17 04:43:55.186562','2022-07-17 04:52:26.898413',2,'Magdalena',1,55),(153,'1079914090','pbkdf2_sha256$320000$NTaKCyPu87itX74phCfYvF$ayQqqynOaoyUFzihJUx+Jcqr2BM4DLr0IdMLAMaqICo=','taimisfanithcaballero@gmail.com','Taimis Fanith Caballero Rodríguez',17,'TI','Pivijay','2005-06-21','Antropología',2,0,0,1,'P',1,0,NULL,3104099507,'Estudiante',1,1,0,'2022-07-17 04:46:47.688099','2022-07-17 04:52:34.876405',2,'Magdalena',2,53),(154,'1004365286','pbkdf2_sha256$320000$1ioiMUJ4Dyr5XBG7yKQK4r$dULXVKh2TXISTH3JMkHrYGHaEQBItwnv3GnedrT+uYI=','cristian.castro170520@gmail.com','Cristian Mateo Castro Ortiz',20,'CC','Santa Marta','2002-05-17','Antropología',2,1,1,1,'A',1,0,NULL,3023639823,'Estudiante',0,1,0,'2022-07-17 04:49:37.754017','2022-07-17 04:52:45.103747',2,'Magdalena',1,53),(155,'1083024428','pbkdf2_sha256$320000$orzMMtRQtyosLPWmxkAged$NIenPeZ8RR85UFwxT0k6kRaFn5AuXfnWpQUrEwvq31w=','miguelmartelo98@gmail.com','Miguel Angel Martelo Ramirez',25,'CC','Santa Marta','1997-04-29','Ing electrónico',10,1,1,1,'A',1,0,NULL,3043372485,'Estudiante',0,1,0,'2022-07-22 19:51:12.058741','2022-07-22 19:53:13.475502',2,'Magdalena',1,27),(156,'1003174601','pbkdf2_sha256$320000$qmDdY3nru7DG88uDOvflvo$XGm98joW22DI8DN4/Z9a3yzgBuShR8o4aBtDuIOTo7Q=','ldanna091@gmail.com','Danna Lozano Caselles',19,'CC','Río de Oro','2002-10-29','Ing sistemas',3,1,1,1,'A',0,0,NULL,3233442185,'Estudiante',0,1,0,'2022-07-22 23:55:30.868659','2022-08-31 20:17:02.058521',2,'Cesar',2,27),(157,'1082971502','pbkdf2_sha256$320000$MOrSCFzrCsolkkkJKMj0QO$XB5JkPrCHuUGwYmFXKFZg6JaVnsaMV+CDCEJ53E0jKA=','keniamelissamuneraluque@gmail.com','Kenia Melissa Munera Luque',20,'CC','Santa Marta','1993-08-02','Ing Pruefsadba',2,1,1,1,'P',1,0,'',3016651289,'Contratista',1,1,1,'2022-07-25 19:58:42.869863','2022-07-25 19:58:42.869929',1,'Magdalena',2,NULL),(160,'1083018407','pbkdf2_sha256$320000$Zrer5OXdtFSD0XxHvG2xzE$HehyujaQ8wQWEEptA7VxaoBXxqMuEyOmbFdVpX3GZQU=','danayvanesaa@gmail.com','Danay Vanessa Pardo Bermúdez',25,'CC','Santa Marta','1996-10-18','Ing Pruefsadba',4,1,1,1,'P',1,0,NULL,3206481055,'Contratista',0,1,0,'2022-08-31 23:48:14.613471','2022-08-31 23:51:51.752172',1,'Magdalena',2,21),(161,'1080421710','pbkdf2_sha256$320000$lAnRBBTf9E6zCtsfgAHw99$Fn927pBsazTAHtkzUNjlFJHnhQqxChJ03eaU//mzidM=','geisysanjuan07@gmail.com','Geisy SanJuan Cáceres',17,'TI','Santa Marta','2004-08-05','Ing Pruefsadba',3,0,1,1,'M',1,0,NULL,3205942444,'Estudiante',1,1,0,'2022-09-23 21:00:03.041238','2022-09-23 21:01:30.815547',2,'Magdalena',2,5),(32,'1221981774','pbkdf2_sha256$320000$iYGQXyVbNlqmOCK5TIQH6E$h4BJmpJGy6eNmiALmj1RPr+0iGpsLvj37Z/roYq/Xr4=','aldocharriseh@unimagdalena.edu.co','Aldo Enrique Charris Hernández',22,'CC','Ciénaga','1999-08-30','1',5,1,1,1,'S',1,0,NULL,3205709298,'Estudiante',1,1,0,'2022-07-01 16:44:21.776170','2022-07-04 20:35:31.026293',4,'Magdalena',1,29),(33,'1192899981','pbkdf2_sha256$320000$DLhw7MGAImaTtrnSE2BmBH$Od4qJjqFA3pFnOv2y/6W5Te3xb+6T3tt9Mck72N7My4=','ivanator51@gmail.com','Iván José Almanza Montes',21,'CC','Montería','2000-12-20','0',2,0,0,1,'J',1,0,NULL,3022681444,'Estudiante',1,1,0,'2022-07-01 16:49:26.300422','2022-07-04 20:37:17.398609',2,'Córdoba',1,71),(34,'1004346578','pbkdf2_sha256$320000$2VnxRwkBJTGv9oYaWl4bXD$z3sCreDHS6OEjpM97U7A4iIPCsZlwaK1I+0Vm7YsyRE=','danielablanco2811@gmail.com','Daniela Blanco Cabas',21,'CC','Santa Marta','2000-11-28','0',8,0,1,1,'P',1,0,NULL,3143289690,'Estudiante',1,1,0,'2022-07-01 16:50:16.621742','2022-07-04 20:41:51.313646',1,'Magdalena',2,25),(35,'1081829419','pbkdf2_sha256$320000$4yfipiIjFojTjWXyZf3uNI$UDs7DILBfXlb76a4ZU5AsUh+lScyp5RfxwIRqpq9w6s=','adrianardilaaa@unimagdalena.edu.co','Adrian Andres Ardila Arrieta',24,'CC','Fundación','1997-09-19','26',9,0,0,1,'J',0,0,NULL,3016000966,'Estudiante',1,1,0,'2022-07-01 17:12:23.289473','2022-07-04 20:42:29.470078',2,'Magdalena',1,26),(36,'1007744331','pbkdf2_sha256$320000$9qcGsEk6fdBFnmkPYK8z8V$z/2IQ1H5RSPpUERujXLJyLek1UAkYD9P0gKNI7+16jU=','gustavitoramosc@gmail.com','Gustavo Gregorio Ramos Carcamo',21,'CC','Santa Marta','1996-08-20','0',8,0,0,1,'A',1,0,NULL,3008942124,'Estudiante',1,1,0,'2022-07-01 17:13:47.549450','2022-07-04 20:43:48.129326',2,'Magdalena',1,27),(37,'1082840500','pbkdf2_sha256$320000$3uSovUysNPlAp1S37k30rz$yDN2iYMUxIcZW3L6y61D7wnLg5wEIS/o+yNLPxvAqaY=','yare2004mar@gmail.com','Yarelys Martinez Villalba',18,'CC','Santa Marta','2004-08-20','0',3,1,1,1,'P',1,0,NULL,3017220467,'Estudiante',1,1,0,'2022-07-01 17:15:13.000519','2022-07-04 20:45:06.533986',2,'Magdalena',2,47),(38,'1082832282','pbkdf2_sha256$320000$Ro5HRGy3WZ9p7arjLUavoa$o9J6fxEXHXs0Q7wgjLFz4f8HnsnJ3Rpttdj9xZJLZGk=','kathleynvaliente19@gmail.com','Kathleyn Valiente',18,'CC','Santa Marta','2003-09-13','0',3,1,1,1,'P',1,0,NULL,3204001033,'Estudiante',1,1,0,'2022-07-01 17:16:01.770118','2022-07-04 20:52:07.343795',2,'Magdalena',2,47),(39,'1048064539','pbkdf2_sha256$320000$5UiUbOMlTMf0TepaTncMK1$I08pY4zgLi5tgaK947L8LrnKMupJOFe19iONpu5IM4w=','dgaviria@unimagdalena.edu.co','Daniel Esteban Gaviria Oviedo',18,'CC','Barranquilla','2004-01-11','0',3,1,1,1,'P',1,0,NULL,3217620293,'Estudiante',1,1,0,'2022-07-01 17:17:19.732166','2022-07-04 20:55:40.112756',4,'Atlántico',1,47),(40,'1082832015','pbkdf2_sha256$320000$mhJLaXmYtwuQR9wznsh882$1APZCM6OBLtWlFzkwGmvydGlwrVkdcwZqL653h1UVRE=','isabellaortizlanena@gmail.com','Isabella Ortiz Hinojosa',18,'CC','Santa Marta','2003-10-13','0',3,0,0,1,'P',1,0,NULL,3198310791,'Estudiante',1,1,0,'2022-07-01 17:17:54.355739','2022-07-04 20:58:20.614270',2,'Magdalena',2,47),(41,'1004367405','pbkdf2_sha256$320000$j35HDLSydKcg6VmcDN2AGj$9OqyKkUf2W3gLFOizdomgi+awhaNtB/8MIkdKL4gzQs=','danielamolinaq21@gmail.com','Daniela Molina Quintero',18,'CC','Santa Marta','2003-07-21','0',2,0,0,1,'A',1,0,NULL,3008719373,'Estudiante',1,1,0,'2022-07-01 17:18:52.500169','2022-07-04 20:59:23.099980',2,'Magdalena',2,28),(42,'1083042818','pbkdf2_sha256$320000$T4gINjmXE6fDUpDa9HWUDF$e3HLrgnR3mcOjVVkhFWnNro1miPuJ3+NUy+gpNZYHuI=','christianlinares1415@gmail.com','Christian David Linares',19,'CC','Caracas','2002-10-09','0',1,1,1,1,'P',1,1,'P',3043647556,'Estudiante',1,1,0,'2022-07-01 17:23:14.947425','2022-07-04 21:01:33.751602',1,'Venezuela',1,94),(43,'1004359410','pbkdf2_sha256$320000$evtimF9j8qn3yTDIGmgQmC$BK3izbW1/gIiCWISyDk8XlWkMXTWPg/BPdQnNd7kLJc=','olgatc23@gmail.com','Olga Thomas Cervantes',20,'CC','Santa Marta','2001-12-23','0',3,0,0,1,'A',1,0,NULL,3212703503,'Estudiante',1,1,0,'2022-07-01 17:23:52.790629','2022-07-04 21:03:23.104863',4,'Magdalena',2,29),(44,'1003316971','pbkdf2_sha256$320000$b9RcqVawfHS0qkuJuh9RIH$UPoG4zY7ZAK8QrzRpQJO9qlk0KV/rbRG2OqAgicgDHs=','acadena@unimagdalena.edu.co','Andrés Cadena',20,'CC','Valledupar','2001-08-17','0',3,0,0,1,'P',1,1,'M',3105248136,'Estudiante',1,1,0,'2022-07-01 17:24:32.870505','2022-07-04 21:04:48.562825',4,'Cesar',1,29),(45,'1007698131','pbkdf2_sha256$320000$1km3wbry8rLtaZ5OYZIgEM$uaDWK/CUokWFPz0cmNe7D2N2vckYCKFr8wUA7ND8+eQ=','dmgonzalezm@unimagdalena.edu.co','Dayana Gonzalez',21,'CC','Santa Marta','2001-01-08','0',4,0,0,1,'A',1,0,NULL,3022007962,'Estudiante',1,1,0,'2022-07-01 17:25:11.827615','2022-07-04 21:06:12.449785',2,'Magdalena',2,5),(46,'1007861005','pbkdf2_sha256$320000$Hi9t1SdSjuMLZ2zPcEfTjb$R/2cgy8ohEUPpZo+hmdDRHMViX9AlejVaRyVhMa1Rm8=','josymaiguel@gmail.com','Josye Maiguel Liñan',21,'CC','Santa Marta','2000-07-03','0',6,0,1,1,'A',1,0,NULL,3013849332,'Estudiante',1,1,0,'2022-07-01 17:25:59.339712','2022-07-04 21:07:12.500551',2,'Magdalena',1,5),(47,'1082843319','pbkdf2_sha256$320000$mtPAdk5G4XU3r4Iau8XxeK$4OPAysBunoGJ6PvIDoappFK48KyD2VYJWprw0EjChfA=','atejada@unimagdalena.edu.co','Alver Andrés Tejada Redondo',18,'CC','Ciénaga','2004-02-03','0',3,0,1,1,'P',1,0,NULL,3046325061,'Estudiante',1,1,0,'2022-07-01 17:26:43.290990','2022-07-04 21:10:07.246700',2,'Magdalena',1,6),(48,'1000272349','pbkdf2_sha256$320000$mbGPIjEcFbUUDTjLrisCP3$XcFNuX4vJDhOsvTul4lfI/NjDCnLUIK9X0DQmZEiuU4=','joha58784@gmail.com','Kelly Johana Cabrera Cerro',19,'CC','Bogotá','2003-04-10','0',4,0,1,1,'A',1,0,NULL,3235277122,'Estudiante',1,1,0,'2022-07-01 17:29:10.289298','2022-07-04 21:11:56.336517',2,'Cundinamarca',2,5),(49,'1081821019','pbkdf2_sha256$320000$rYKYppTiE8lqXKLx7P7491$zjqNum8m2t8wZzuWEMOa8CJjxuI30bSW2ruSK52afoE=','luisamercado079@gmail.com','Luisa Mercado',27,'CC','Fundación','1994-09-07','0',8,1,1,1,'A',1,0,NULL,3145862460,'Estudiante',1,1,0,'2022-07-01 17:29:47.830838','2022-07-04 21:14:13.773580',4,'Magdalena',2,47),(50,'1007744156','pbkdf2_sha256$320000$OHk2KAZVX5OqNmPGYicLw8$2Rc8s5Szy0JwL+KSVXjuo16uFyvO5hCqwO6rtXs0/oM=','isabelriascos28@gmail.com','Valexca Isabel Fernandez Riascos',21,'CC','Santa Marta','2001-04-28','0',6,0,0,1,'M',1,0,NULL,3008466929,'Estudiante',1,0,0,'2022-07-01 17:31:48.986787','2022-07-04 21:15:49.589235',2,'Magdalena',2,12),(51,'1001822919','pbkdf2_sha256$320000$4jv9V4ko4an8JGKOz3C8pT$F5sXRVd6kTByXA8RBw9uvmPlt1r97xSGlg1fhTSucK8=','deirys.r19@gmail.com','Derys Romero',21,'CC','Barranquilla','2001-03-19','0',6,1,1,1,'M',1,0,NULL,3106174186,'Estudiante',1,0,0,'2022-07-01 17:32:27.075147','2022-07-04 21:16:51.167266',2,'Atlántico',2,8),(52,'1007692324','pbkdf2_sha256$320000$daTR63ApD9bFuO3s0dAfQb$uub5xQSP1ngF0lqldjyvN9A3lOulrBGJs/B87COyWPo=','malejaoyuela24@gmail.com','Maria Alejandra Oyuela',21,'CC','Santa Marta','2001-01-24','0',6,1,1,1,'A',1,0,NULL,3045487147,'Estudiante',1,1,0,'2022-07-01 17:33:08.632043','2022-07-04 21:17:55.294561',2,'Magdalena',2,12),(53,'1004463916','pbkdf2_sha256$320000$urEMSXA8G8ivcRMsLug6ff$C2oaOQzKF52nb+KREY73hQ7d3ZweOCZEoCO/v0oQDMk=','jgeraldine657@gmail.com','Geraldine Jimenez Villa',19,'CC','Santa Marta','2002-07-24','0',6,1,0,1,'M',1,0,NULL,3008833634,'Estudiante',1,1,0,'2022-07-01 17:33:49.884515','2022-07-04 21:18:54.303868',2,'Magdalena',2,12),(54,'1004377763','pbkdf2_sha256$320000$T2SAfwuGeMNH4LBUMTApXc$jIWoieadimcuyz44zB5wGZN8KCvzL0D5xD/YCDctmj0=','oliverocavas@gmail.com','Diego Olivero',21,'CC','Ciénaga','2000-10-14','0',6,1,1,1,'S',1,0,NULL,3007160956,'Estudiante',1,1,0,'2022-07-01 17:34:23.242021','2022-07-04 21:19:56.888155',2,'Magdalena',1,8),(55,'1007714075','pbkdf2_sha256$320000$Bpg98cZAKpkUkEXZtK8h2p$tOENDOnhTOektFIR2bS2rbUZljaqwUANUuuzYcs6yD0=','adrianpolocg@unimagdalena.edu.co','Adrian Camilo Polo',21,'CC','Aracataca','2001-01-17','0',7,0,0,1,'P',1,0,NULL,3011751018,'Estudiante',1,1,0,'2022-07-01 17:35:02.097306','2022-07-04 21:21:22.642828',5,'Magdalena',1,5),(56,'1004378202','pbkdf2_sha256$320000$x36Z8fTLgeNpSdsoyXjtg3$cpiJTN1Q+MljtSpLr6vqTJVMTJ90QmVzqNx0DA3Je/w=','mjcantillos@unimagdalena.edu.co','Mauro Jose Cantillo Sevilla',23,'CC','Ciénaga','1999-04-03','0',2,1,1,1,'A',1,0,NULL,3242384139,'Estudiante',1,1,0,'2022-07-01 17:35:46.080800','2022-07-04 21:23:10.466849',2,'Magdalena',1,28),(57,'1082880580','pbkdf2_sha256$320000$rJl3BuFI4ZTz8zNv4ezep4$kiDXCyIbZJfBSqaQObbqWAG/OJnnk/l5mjKWb0POY/A=','mayuarcia1@gmail.com','Maryuris Milena Aran Mendoza',19,'CC','Santa Marta','2002-10-09','0',5,0,0,1,'M',1,0,NULL,3045904838,'Estudiante',1,1,0,'2022-07-01 17:36:22.270658','2022-07-04 21:26:30.128261',2,'Magdalena',2,5),(58,'1221970694','pbkdf2_sha256$320000$szfjxiEoWoVULe6AIrbqnx$6kXSda4xHJnT7baL1bd0kWuyEi5no+lNc6EYt8CMSbM=','luismateusar@unimagdalena.edu.co','Luis Mateus Ramirez',25,'CC','Ciénaga','1997-10-02','0',8,1,1,1,'A',1,0,NULL,3008973491,'Estudiante',1,1,0,'2022-07-01 17:36:54.169987','2022-07-04 21:27:53.293711',2,'Magdalena',1,26),(59,'1126249223','pbkdf2_sha256$320000$ojul2nPvHibgLJtIEwqofd$bb+4o2tEFLObmHGTK9QQtsoG8CGo37wFQzyie4JkFqs=','szl200123@gmail.com','Steeven Zambrano Laguna',20,'CC','Maracaibo','2001-12-23','0',8,1,1,1,'J',1,0,NULL,3136514507,'Estudiante',1,1,0,'2022-07-01 17:37:30.447198','2022-07-04 21:28:56.265876',2,'Zulia',1,26),(60,'1004368185','pbkdf2_sha256$320000$VAdO8V1CjgWptf2x5CnHew$lEJNBjzYrLzJVVoNRwP1XCUZ4XYXiZyXSa6YzWOp8hU=','alejandramacostas@gmail.com','Alejandra Acosta Santofinio',18,'CC','Santa Marta','2003-08-31','0',3,0,0,1,'P',1,0,NULL,3004882691,'Estudiante',1,1,0,'2022-07-01 17:39:04.787696','2022-07-04 21:29:54.821526',2,'Magdalena',2,47),(61,'1082838617','pbkdf2_sha256$320000$y6aYURaw72VHjepaxqRyAe$5+bVcs45PivPqFHGcZfw3gTECl4BrTjxUs97CcxmTvw=','carlosarturobeckerzapata2004@gmail.com','Carlos Arturo Becker Zapata',18,'CC','Santa Marta','2004-04-11','0',3,0,1,1,'P',1,0,NULL,3052971564,'Estudiante',1,1,0,'2022-07-01 17:39:40.238186','2022-07-04 21:30:49.575582',2,'Magdalena',1,47),(62,'1007783379','pbkdf2_sha256$320000$UMDrjgFRaGZjjrWofXuUds$1Agmy+9FpDiM4HAfAqMabi2o+qTg6DwkzUU0PZF6zWs=','johncr0020@gmail.com','John Jairo Correa Romero',22,'CC','Santa Marta','2000-05-20','0',10,0,1,1,'A',1,0,NULL,3008732130,'Estudiante',1,1,0,'2022-07-01 17:40:21.197426','2022-07-04 21:31:42.864459',4,'Magdalena',1,27),(63,'1007714383','pbkdf2_sha256$320000$lJj8u3ePKF7Du0F4JVNL89$RPO0W01RP0PRhh4w1OKyU0CeTsNw3WAzJAYN22ynN7g=','rafaeldavid0107@gmail.com','Rafael David Caraballo Vizcaino',20,'CC','Aracataca','2001-07-01','0',9,1,1,1,'P',1,0,NULL,3046435585,'Estudiante',1,1,0,'2022-07-01 17:40:54.571486','2022-07-04 21:32:53.409808',2,'Magdalena',1,27),(64,'1235539313','pbkdf2_sha256$320000$DkPvfed47uWGZSfFAxf5DX$DRkP/J5ZVF5U6hlWE2Tap0IZ/d30rIGTqa4Oy21LpAE=','sarahcalvodf@unimagdalena.edu.co','Sarah Daniela Calvo Farrayans',22,'CC','Santa Marta','1999-07-19','0',9,1,0,1,'M',1,0,NULL,3105013143,'Estudiante',1,1,0,'2022-07-01 17:41:33.043394','2022-07-04 21:34:21.964247',4,'Magdalena',2,27),(65,'1001919038','pbkdf2_sha256$320000$OX6Q3Fz98JbvMmDFikiluf$XT4d2XLsaNnle1+bgaHu5dp9JLuHrC7GNj9y0u3ki0Y=','alaytz@unimagdalena.edu.co','Airam Siul Delaytz Morillo',18,'CC','Barranquilla','2003-09-21','0',3,0,0,1,'P',1,0,NULL,3005349735,'Estudiante',1,1,0,'2022-07-01 17:43:17.045061','2022-07-04 21:41:25.022971',2,'Atlántico',2,47),(66,'1004366338','pbkdf2_sha256$320000$BkTKiwNa1krkkRUNR4CXkP$R001gch3NjhKUEMu49IXy33cTeSmIT6DbSiivmGXlOM=','jherson155polo@gmail.com','Jerson David Guerrero Polo',19,'CC','Santa Marta','2003-05-12','0',3,0,1,1,'A',0,0,NULL,3008842920,'Estudiante',1,1,0,'2022-07-01 17:43:53.766137','2022-07-12 15:37:04.965823',2,'Magdalena',1,47),(67,'1082832844','pbkdf2_sha256$320000$xKzBd7hjFr3NKy9hAiWWfo$uyKO8ZhejjwSDPOGTW1C5UNgK5EMZnC8beyRHbiwWPA=','ezequiellinero2@gmail.com','Ezequiel Armando Linero Suarez',18,'CC','Santa Marta','2003-12-17','0',3,0,0,1,'P',1,0,NULL,3023390512,'Estudiante',1,1,0,'2022-07-01 17:44:41.347083','2022-07-04 21:45:27.482985',2,'Magdalena',1,91),(68,'1221981876','pbkdf2_sha256$320000$AN1cUewgf5fHLewC3aB3o6$uSgtwroIJ9sWqS28n4aC9M3gem2ti84oUR9+Phb2r0g=','marinapoloir@unimagdalena.edu.co','Marina Isabel Polo Rivero',22,'CC','Ciénaga','1999-10-05','0',8,1,0,1,'S',0,0,NULL,3017974336,'Estudiante',1,1,0,'2022-07-01 17:45:18.560127','2022-07-04 21:46:33.704368',4,'Magdalena',2,71),(69,'1004348397','pbkdf2_sha256$320000$oyXYAXse6Ux9xRMtPxJ2z5$rX/9JR4pt6rWxf/sXGRL+cm8mke59H/+zdl25SoHQHQ=','adrianaricardocc@unimagdalena.edu.co','Adriano Ricardo de la Cruz',21,'CC','Santa Marta','2001-05-17','0',8,0,0,1,'P',1,0,NULL,3114347885,'Estudiante',1,1,0,'2022-07-01 17:45:55.757018','2022-07-04 21:47:28.754098',2,'Magdalena',1,71),(70,'1193278296','pbkdf2_sha256$320000$7TToQIzOB6I20YdSls7VI8$J1oCmvZVaXA7weIbKj6f+q6xkJNDpmjVxza2BYEj02o=','rociotorrejanoir@unimagdalena.edu.co','Rocio Isabel Torrejano Rivera',20,'CC','Magangué','2001-10-22','0',8,1,1,1,'J',1,0,NULL,3154006135,'Estudiante',1,1,0,'2022-07-01 17:46:55.370940','2022-07-04 21:53:28.030190',2,'Bolívar',2,71),(71,'1007556265','pbkdf2_sha256$320000$KMePdfskqazENr7ujuaEgW$c4hq06JEU50anNiMDNZRpGdPrR2YA1YwKUzdu8nU+Lk=','edienternera29@gmail.com','Edien Enrique Ternera Rodriguez',21,'CC','Algarrobo','2000-07-29','0',8,0,0,1,'S',1,0,NULL,3177811420,'Estudiante',1,1,0,'2022-07-01 17:47:38.499900','2022-07-04 21:55:02.827312',2,'Magdalena',1,71),(72,'1005625522','pbkdf2_sha256$320000$V7t9ou1MIdFuQf20JWY9EV$IfXqzHmS2XbD5sRiNiKfq6+kiXjgVjgnIxUSoRS745s=','mariafperez200807@gmail.com','María Fernanda Pérez Pérez',21,'CC','Sincelejo','2000-08-07','0',8,1,1,1,'P',1,0,NULL,3107661749,'Estudiante',1,1,0,'2022-07-01 17:48:14.831415','2022-07-04 21:56:16.048515',6,'Sucre',2,71),(73,'1016043226','pbkdf2_sha256$320000$wW1yoUyJvSFny8XEAgpr1F$gtSkoboBErh66Jjpz7o6Ecyus9+Ey0fJiHVtzcAOLdU=','andreapertuzcm@unimagdalena.edu.co','Andrea Carolina Pertúz Montaño',30,'CC','Santa Marta','1992-01-07','0',8,0,1,1,'P',1,0,NULL,3204587857,'Estudiante',1,1,0,'2022-07-01 17:48:48.113915','2022-07-04 21:57:08.361155',3,'Magdalena',2,71),(74,'1031671122','pbkdf2_sha256$320000$drJekqFTvATsWQghf2Jqc5$u26wr+UhfTMY6WW0vu2GYXwQLH5q4BLRxr5hoivdJLk=','jeniferpomaresg@unimagdalena.edu.co','Jenifer Pomares Garcés',29,'CC','Mompós','1992-11-30','0',8,1,1,1,'P',1,0,NULL,3007240620,'Estudiante',1,1,0,'2022-07-01 17:49:23.452395','2022-07-04 21:58:49.847019',4,'Bolívar',2,71),(75,'1083041481','pbkdf2_sha256$320000$SDr8MHWC9ytGYie8TZOAuu$pmLS9p49dogkZkKOUNQntyNMyFa7fJUTt7xjN1y/tzg=','jeandlh4@gmail.com','Jean De la Hoz',23,'CC','Santa Marta','1998-11-04','0',6,1,1,1,'J',0,0,NULL,3005215817,'Recepcionista hotelero',1,1,0,'2022-07-01 17:50:02.075225','2022-07-04 22:00:32.825871',2,'Magdalena',1,12),(76,'1007744487','pbkdf2_sha256$320000$AGSgXBxvjLBndsm5CdKLf1$sPi3xsUXP4PD8halBsWVEarFACksC0ceDTJfK0bZays=','anapinedoms@unimagdalena.edu.co','Ana Marcela Pinedo Sanchez',21,'CC','Santa Marta','2001-05-01','0',6,0,1,1,'S',1,0,NULL,3013268576,'Estudiante',1,1,0,'2022-07-01 17:50:35.989557','2022-07-04 22:01:37.026275',2,'Magdalena',2,12),(77,'1004463074','pbkdf2_sha256$320000$l95dV6THDbfrxDkTmSoHFe$D52DpLBpyDms72ifJw4zM8/y3OmU1i0YGp+E+EwfPms=','nikodavidpll07@gmail.com','Nicolás David Martinez Mier',20,'CC','Santa Marta','2002-02-06','0',6,1,1,1,'J',1,0,NULL,3206613442,'Estudiante',1,1,0,'2022-07-01 17:51:08.922621','2022-07-04 22:02:43.571771',2,'Magdalena',1,12),(78,'1004358074','pbkdf2_sha256$320000$p59reTbjIlM4FnO8eSGZxe$qxhnFgDihoN4CiJG7ljEuYWJq85UgxfoOCRp0jDGjC4=','camilocasandres@gmail.com','Camilo Andres Castro Vergara',19,'CC','Santa Marta','2002-06-17','0',6,1,1,1,'J',1,0,NULL,3007239781,'Estudiante',1,1,0,'2022-07-01 17:51:48.257395','2022-07-04 22:03:27.523436',2,'Magdalena',1,12),(79,'1004306636','pbkdf2_sha256$320000$OCpaioITrnqX7PiieQTTlr$8k9RgPF5zLByEGPMXGE/PaEhmvJEfMMomJoPzB5QbTY=','garciajuliocamelia@gmail.com','Camelia Garcia Julio',19,'CC','Plato','2003-05-20','0',6,0,0,1,'P',1,0,NULL,3107895513,'Estudiante',1,1,0,'2022-07-01 17:52:23.329965','2022-07-04 22:04:21.086229',2,'Magdalena',2,12),(80,'1042848366','pbkdf2_sha256$320000$1KSas5gHA16YgCmbtFrPOH$Jr88AiS+6wCGVvJJV/UTcV+0cxiS91WTkydKvWso9PI=','dqjimenez@unimagdalena.edu.co','Daniela Jimenez Obregón',18,'CC','Barranquilla','2003-11-05','0',1,1,0,1,'P',0,0,NULL,3215786213,'Estudiante',1,1,0,'2022-07-01 21:49:48.659664','2022-07-04 22:08:02.762040',4,'Atlántico',2,23),(81,'1007759156','pbkdf2_sha256$320000$0cHW42crva9ZFpygmCtYe7$OPEGuKT2KxNleZPBNcd0gQZWr2uMMAS3HQH5kEja5GI=','gabrielaolmos72@gmail.com','Gabriela Olmos Rodríguez',21,'CC','Santa Marta','2001-02-16','0',4,0,0,1,'P',1,0,NULL,3014037424,'Estudiante',1,1,0,'2022-07-01 21:52:16.920099','2022-07-04 22:09:29.463467',4,'Magdalena',2,5),(82,'1005289337','pbkdf2_sha256$320000$akAOEjAPyazUs6DG6DVAig$KyahXdEjaZ1d8NjMufEe0BKpjrU03UKsli05hWCWt8g=','valentinaleonr@unimagdalena.edu.co','Valentina León Romero',20,'CC','Bucaramanga','2002-06-08','0',5,0,1,1,'J',1,0,'',3227001873,'Estudiante',1,1,0,'2022-07-01 21:53:45.838766','2022-07-01 21:53:45.838799',2,'Santander',2,6),(83,'1002233994','pbkdf2_sha256$320000$qA9jB8ntmi7NSGPF5S6Qyk$mtscLJAOvf7YSawmrJwYRelSCjKiDFtIxrt/RNFfbrY=','edwinsandoval249@gmail.com','Edwin Sandoval',20,'CC','Riohacha','2001-08-11','0',5,0,0,1,'P',1,0,NULL,3058022877,'Estudiante',1,1,0,'2022-07-01 21:54:49.842293','2022-07-04 22:12:29.685912',4,'La Guajira',1,6),(84,'1004345372','pbkdf2_sha256$320000$IVgXFGrS1y4ezYiPoogL33$hFyz4pSdFj5wxL7FtB/ZOtOCgFjflObn0LorIt1e3Wg=','carlosmarioariza.2000@gmail.com','Carlos Ariza',22,'CC','Santa Marta','2000-01-18','0',6,1,1,1,'A',0,0,NULL,3003531066,'Estudiante',1,1,0,'2022-07-01 21:55:54.478348','2022-07-04 22:13:36.669074',2,'Magdalena',1,74),(85,'1004347093','pbkdf2_sha256$320000$JnZeyl6w8ju01vyPweiqro$ByIT50H52+Zu48n1FMhNmln7hh0hYFsNDRg1AHwKdQk=','ita2443@gmail.com','Esmeralda Lucía Herrera Ramírez',22,'CC','Santa Marta','2000-05-25','0',6,1,1,1,'J',1,0,NULL,3017139518,'Estudiante',1,1,0,'2022-07-01 21:56:45.092299','2022-07-04 22:14:40.450186',6,'Magdalena',2,74),(86,'100747434','pbkdf2_sha256$320000$7sk6PCSbNvgVyO8pG1RB6Z$DAL54Yp8Fnb7mEJ3g9pBUfzjh0BdfmVE0K4XR7tqS6I=','lolispabam@unimagdalena.edu.co','Lolis Puba Muñoz',20,'CC','San Sebastián de Buenavista','2002-04-08','0',9,0,1,1,'A',1,0,NULL,3244146340,'Estudiante',1,1,0,'2022-07-01 21:58:10.003170','2022-07-04 22:16:06.260229',2,'Magdalena',2,5),(87,'1004273882','pbkdf2_sha256$320000$p1Qap8m0EUgs5ZoeQAisuV$/gFty12RuydyrHTlXpkrFSdNkqv/AXKIBFXdMs6DLd0=','darleidys123az@gmail.com','Darleidys Johanna López Durán',20,'CC','Fundación','2001-08-13','0',6,0,0,1,'S',0,0,NULL,3004836229,'Estudiante',1,1,0,'2022-07-01 22:03:32.430629','2022-07-04 22:17:17.837455',2,'Magdalena',2,5),(88,'1081820947','pbkdf2_sha256$320000$IzBvbfISpaHmnaZ3P0WCqH$rBYyif3KQTxfRPWJ5i6o7143a0gmpQy/rBOcxE9Ta2M=','winjos123@gmail.com','Winston Bonnett',27,'CC','Fundación','2002-01-26','0',10,1,1,1,'A',0,0,NULL,3042981732,'Estudiante',1,1,0,'2022-07-01 22:05:16.412097','2022-07-04 22:18:23.353643',2,'Magdalena',1,47),(89,'1221968674','pbkdf2_sha256$320000$nOMV6wuJQ4s5crdrcJCtrr$hqHc71ztQdNcfuQPn2rinS35OImV/RUhQNueqLOkjNo=','camiloruizcoronel@gmail.com','Duvan Ruiz Coronel',26,'CC','Santa Marta','1996-08-20','0',8,0,0,1,'J',1,0,NULL,3003227929,'Estudiante',1,1,0,'2022-07-01 22:06:55.378955','2022-07-04 22:22:35.926835',2,'Magdalena',1,47),(90,'1193115580','pbkdf2_sha256$320000$lGZifOiS0jTumwDdCjACCn$eo1wd4vPr3T7vmO83Rr6FoDfaMqQFBInYZd12F6DDvE=','juliojavif@gmail.com','Julio Javier Fuentes Mario',22,'CC','San Zenón','1999-12-29','0',10,1,1,1,'J',1,0,NULL,3003790235,'Practicante en Montechelo Technology',0,1,0,'2022-07-01 22:09:23.814104','2022-07-04 22:24:30.376518',2,'Magdalena',1,26),(91,'1007934278','pbkdf2_sha256$320000$DLyReIpACS8jzBhQVPb5YI$m18pOBWgBsWpoXrqbkbm9+PbzKXBNriFRpbV96CIu3c=','anabuenahoramd@unimagdalena.edu.co','Ana Maria Buenahora Diaz',22,'CC','Santa Marta','2022-04-01','0',10,0,0,1,'A',1,0,NULL,3013733862,'Estudiante',0,1,0,'2022-07-01 22:09:49.313416','2022-07-04 22:25:31.812193',2,'Magdalena',2,26),(92,'1082968855','pbkdf2_sha256$320000$1eRybFHvgH7J0iy00EEOcl$XIjEjmuJcE8iBnWWp9Wcj7RMB8R9qCfDSQP5TYUTdFo=','obetbayon@gmail.com','Obet Bayona Lobo',28,'CC','Pelaya','1992-08-20','0',7,1,1,1,'S',1,0,NULL,3015875940,'Estudiante y cocinero',0,1,0,'2022-07-01 22:10:25.648563','2022-07-04 22:26:44.194887',2,'Cesar',1,26),(93,'1102849423','pbkdf2_sha256$320000$vzKQLCVRsP1BAhRRUMf1BW$9AthqK4rdylWwVJ3r8ZTBjPbncwNz81NiKrEr5RqVoo=','milepaba1@gmail.com','Milena Rodríguez Paba',30,'CC','Magangué','1992-04-19','0',7,0,1,1,'S',1,0,NULL,3053193754,'Estudiante',0,1,0,'2022-07-01 22:17:32.397474','2022-07-04 22:28:25.379546',2,'Bolívar',2,73),(94,'1001890708','pbkdf2_sha256$320000$tCfgwzIXytK2KuyZSEZMAp$hdEUO78wYSdOORHGnw9YE+ajk2c985oErJzaiFB6MOk=','zambranopte55@gmail.com','Andrés Felipe Zambrano Viloria',18,'CC','Soledad','2003-09-25','0',1,0,1,1,'A',0,0,NULL,3045851084,'Estudiante',0,0,0,'2022-07-01 22:18:00.922115','2022-07-04 22:41:54.025606',2,'Atlántico',1,84),(95,'1004371877','pbkdf2_sha256$320000$jUhKaJNP1gm8mTn6fiHl8J$ibYgk3CwadNEJu1LNRB9I3L1i8AjaYLu1Fq/SbChZW8=','josid-2000@hotmail.com','José David Aragón Cruz',22,'CC','Santa Marta','2000-02-02','0',8,0,1,1,'A',0,0,NULL,3013132179,'Estudiante',0,1,0,'2022-07-01 22:18:01.830874','2022-07-04 22:39:06.501553',2,'Magdalena',1,27),(96,'1083046675','pbkdf2_sha256$320000$OVbQqCwaS38NR7GwzaM3Za$QroS/Qj7XbiSMtXu3OCp2oKnGz5XrH4YtTfRVrOhcfA=','lsierragarcia4@gmail.com','Laura Sofía Sierra García',22,'CC','Bogotá','1999-08-12','0',9,1,1,1,'P',1,0,NULL,3023642343,'Estudiante',0,1,0,'2022-07-01 22:18:41.500011','2022-07-04 22:40:04.053622',4,'Cundinamarca',2,26),(97,'1083038681','pbkdf2_sha256$320000$smrTCtcdzJlYssFQNtZvJi$CmicGW/UoxeKT/pQQz9+Gzuj8Nbh1C1pUK1LDws33C0=','correoparaestudiar2@gmail.com','Esteban David Fontalvo Pertuz',23,'CC','Santa Marta','1998-09-24','0',9,1,1,1,'A',1,0,NULL,3043845355,'Estudiante',0,0,0,'2022-07-01 22:19:07.153280','2022-07-04 22:41:18.900259',2,'Magdalena',1,74),(98,'1004366894','pbkdf2_sha256$320000$l1af5lECVGNZFW8lMXyKZx$pk3OHNC8IPG9sPoa+If82pe7n6mP165L0F7i/yv+eUo=','vbuenahora@unimagdalena.edu.co','Valentina Buenahora Diaz',19,'CC','Santa Marta','2003-06-14','0',3,0,0,1,'A',1,0,NULL,3016964061,'Estudiante',0,1,0,'2022-07-01 22:19:10.938663','2022-07-04 22:43:05.429108',4,'Magdalena',2,94),(99,'1083040419','pbkdf2_sha256$320000$H8zvqy5n1VvaFeplonA2vC$QJog+C9U2wZUJ+D/yyKGPbes7Wr6+78wZAr/0DDG1Ks=','aibertgamboasb@unimagdalena.edu.co','Aibert Sebastian Gamboa Blanco',23,'CC','Bucaramanga','1998-11-07','0',10,0,1,1,'A',0,0,NULL,3043820973,'Desarrollador',0,1,0,'2022-07-01 22:19:29.781206','2022-07-04 22:44:11.241234',2,'Santander',1,26),(100,'1007934216','pbkdf2_sha256$320000$y7WIROdd8lbitC2lOCv41E$+n3MJyssCG78kqRprWCe3ZOo9esCQ3sIkKj9eHKen3U=','angelpelaezdp@unimagdalena.edu.co','Angel David Pelaez Pallares',22,'CC','Santa Marta','2000-04-19','0',10,1,1,1,'J',1,0,NULL,3005480398,'Estudiante',0,0,0,'2022-07-01 22:19:51.681229','2022-07-04 22:45:09.912742',2,'Magdalena',1,74),(101,'1007783232','pbkdf2_sha256$320000$zTX3UQGBMWq5UtYSeykfns$o196CpmbdldD/3ZR+qC8m17KSp2d6FKY/nm2VJatbBM=','eycard21@gmail.com','Eyleen Dayana Cardenas Gutierrez',22,'CC','Santa Marta','2000-05-27','0',10,0,1,1,'S',1,0,NULL,3216930748,'Estudiante',0,1,0,'2022-07-01 22:19:58.014852','2022-07-17 14:59:37.060019',2,'Magdalena',2,28),(102,'1083045403','pbkdf2_sha256$320000$c0MGVAbTMzHH0FhejJ8B4t$UrMJrcrDBoZIxFpgenSgfY0DWXhRbntH88y0MxljfLU=','luispuellocp@unimagdalena.edu.co','Luis Camilo Puello Palma',23,'CC','Santa Marta','1999-05-12','0',10,0,1,1,'S',1,0,NULL,3008501864,'Estudiante',0,1,0,'2022-07-01 22:20:14.664921','2022-07-04 22:49:24.615332',2,'Magdalena',1,26),(103,'1007934372','pbkdf2_sha256$320000$E2nn6Mb9Ymxsv1xnFWGQWd$7bbTHbnL0ETILH3u18O81wIvr0Pyz5SBPHw9wXHk/mY=','manuelmanjarresar@unimagdalena.edu.co','Manuel Alfonso Manjarres Rivera',22,'CC','Santa Marta','1999-12-13','0',1,0,0,1,'M',1,0,NULL,3024430069,'Estudiante',0,1,0,'2022-07-01 22:20:36.736839','2022-07-04 22:50:31.347187',2,'Magdalena',1,27),(104,'1083034227','pbkdf2_sha256$320000$JmSMA2w0UjgjjsB1DIwDFB$gZXwm5veYOwrhqh6BpoBaVwFlWhhVFSe/iarVgAb4ZA=','ezequielbg0@gmail.com','Ezequiel David Bilbao González',24,'CC','Santa Marta','1998-04-25','0',8,1,1,1,'M',1,0,NULL,3216629210,'Estudiante',1,1,0,'2022-07-01 22:20:50.517934','2022-07-12 02:39:11.046522',4,'Magdalena',1,54),(105,'1193506475','pbkdf2_sha256$320000$e4gHksNY8X2UpbG6irCMsK$TvDgHqTJJQbDPAE9PyA9UHmMfePvcv0c6bTvvJmmZ2I=','maqunimag@gmail.com','Maria Andrea Quintero Rodriguez',22,'CC','Barranquilla','2000-02-25','0',7,1,1,1,'S',1,0,NULL,3013839842,'Estudiante',0,1,0,'2022-07-01 22:21:02.513080','2022-07-04 22:52:28.591330',4,'Atlántico',2,73),(106,'1083048416','pbkdf2_sha256$320000$j7AyOqspzf2CMLGH9bMuiU$C7++kq+pCEtna0C9pF9hULP4ZVYKbTnf9jb9LeDHQzs=','dianamarcela.avilav@gmail.com','Diana Marcela Ávila Vergara',22,'CC','Santa Marta','1999-11-27','0',7,1,1,1,'P',1,0,NULL,3003342034,'Estudiante',0,1,0,'2022-07-01 22:21:33.170465','2022-07-04 22:53:15.339705',2,'Magdalena',2,71),(107,'1001896898','pbkdf2_sha256$320000$duBVt01kMwvyWKfoGGmn5F$hRULtDSsvbWnmg6k9G9LsC1FXE2bnvUm6blaecayBKc=','ali.sinning@gmail.com','Alida E. Sinning Sinning',22,'CC','Cartagena','1996-08-20','0',10,1,1,1,'A',1,0,NULL,3017920090,'Estudiante',0,1,0,'2022-07-01 22:21:39.766010','2022-07-04 22:54:34.151295',2,'Bolívar',2,74),(108,'1004347648','pbkdf2_sha256$320000$awrxJgsAKSnRGQmiq2B62c$ocx+ne+JreUJeei2wj+i3vJTfAbO9okm2cgwtehrO8I=','rosasalzar18@gmail.com','Rosa margarita Salazar cáceres',22,'CC','Santa Marta','1999-07-18','0',10,1,1,1,'M',1,0,NULL,3014754372,'Practicante en el área organizacional',1,1,0,'2022-07-01 22:22:01.026084','2022-07-04 22:55:33.323002',2,'Magdalena',2,74),(109,'1004348466','pbkdf2_sha256$320000$xKQqgH20zQ5DG9LtyCxRr7$2iZkv015oiy42wjDFJMHImu5G2avgs5xx3NN5xolLI4=','fredycaballero034@gmail.com','Fredy David Caballero',22,'CC','Santa Marta','1999-12-30','0',10,0,0,1,'S',0,0,NULL,3015962577,'Estudiante',1,1,0,'2022-07-01 22:22:30.254098','2022-07-04 22:56:48.585782',2,'Magdalena',1,26),(110,'1007692250','pbkdf2_sha256$320000$aP50TBEXTEkctcpJjbIrNB$sW+UYvJVYz6zlDPwua5PTZl9z+Q6TXUUZRSPiiAor6Y=','luisquintero1930@gmail.com','Luis Carlos Quintero Cantillo',22,'CC','Santa Marta','1999-10-30','0',11,1,1,1,'A',1,0,NULL,3042067341,'Estudiante',0,1,0,'2022-07-01 22:22:36.081511','2022-07-04 22:58:08.483599',2,'Magdalena',1,26),(111,'1235539564','pbkdf2_sha256$320000$BRzWYMXfRR47RvoxsDfKAu$6GryVRxh3v4kiSJ+c4d1NTVpSyMEPKLBbfHzi90vsWE=','karenhernandezsr@unimagdalena.edu.co','Karen Sofia Hernández Rodríguez',22,'CC','Valledupar','1999-07-13','0',10,1,1,1,'P',1,0,NULL,3127783909,'Desempleado',0,1,0,'2022-07-01 22:23:06.911059','2022-07-04 22:59:13.124793',4,'Cesar',2,73),(112,'1083018928','pbkdf2_sha256$320000$aUMLzMb9r2eFOOk02b6I9a$LV6K+wD9DRvQUrRHq4x0KjLiVZkJojBKP6bAy7fpHUA=','luispolofm@unimagdalena.edu.co','Luis Francisco Polo Mejia',25,'CC','Cerro de San Antonio','1996-07-30','0',10,0,1,1,'A',1,0,NULL,3046313110,'Estudiante',1,1,0,'2022-07-01 22:23:21.635934','2022-07-04 23:00:21.281328',2,'Magdalena',1,74),(113,'1083040932','pbkdf2_sha256$320000$FgcdABXdw6TOTj3dDFSwPD$SynFQgNwlSoUQtmzPro8NCqFOzZoWdLz5DZqGi+O5PA=','jorgehernandezdf@unimagdalena.edu.co','Jorge David Hernández Farelo',23,'CC','Santa Marta','1998-12-02','0',10,0,1,1,'M',1,0,NULL,3016618862,'Estudiante',1,1,0,'2022-07-01 22:23:26.572053','2022-07-04 23:03:24.768275',2,'Magdalena',1,74),(114,'1004373353','pbkdf2_sha256$320000$nRyLvSYWpbm0mwuJ9Iw4LU$qj+DApG/usROeKi6/w8WWFhGdex9G9a3mfoiO5ysnvs=','mariaespitiaaf@unimagdalena.edu.co','Maria Alejandra Espitia Fuentes',23,'CC','Santa Marta','1999-05-06','0',5,0,1,1,'A',1,0,NULL,3127088166,'Estudiante',0,1,0,'2022-07-01 22:24:10.658111','2022-07-04 23:04:31.532691',2,'Magdalena',2,29),(115,'1083035191','pbkdf2_sha256$320000$Ztkha9TNof4r9IwHREo7P2$1wnV6eK1tQFXdm2txeFGG+Nmuy26nZEbU0gIKwr2DCE=','dayanamarcela30@gmail.com','Dayana Alfaro Correa',24,'CC','Santa Marta','1998-05-30','0',10,1,0,1,'A',1,0,NULL,3017065397,'Estudiante',0,1,0,'2022-07-01 22:24:42.042221','2022-07-04 23:05:32.103190',2,'Magdalena',2,74),(116,'1083042563','pbkdf2_sha256$320000$GKbMMM9AWAWGgh9H3IdX7y$zdJjEd4Mab/bUBvF9VZza4W/czMKurkFE4bwoJ+mswA=','samueloz712@gmail.com','Kevin Samuel Mereño Ortiz',23,'CC','Santa Marta','1998-12-14','0',10,0,0,1,'A',1,0,NULL,3005565043,'Estudiante',0,1,0,'2022-07-01 22:24:57.187991','2022-07-04 23:06:31.444033',2,'Magdalena',1,26),(117,'1083027934','pbkdf2_sha256$320000$lBn9WaVQPnhsfUpcRprqCa$hMslGnuJdDcQ1ppQtha9w/VtknBL2i89w5gkJojwGOU=','lindaperezem@unimagdalena.edu.co','Linda Esther Perez Mercado',24,'CC','Cartagena','1997-08-14','0',7,0,1,1,'S',1,0,NULL,3045927559,'Estudiante',0,1,0,'2022-07-01 22:25:09.746027','2022-07-25 19:38:20.348339',2,'Bolívar',2,24),(118,'1004278076','pbkdf2_sha256$320000$q0mfqrqvBPKpPXPC4VhdiJ$pmfYyb3mJkY4jhwFPjM5J4M8RzdP7c6Zb43lz3ihbiY=','ejreales75@gmail.com','Ever Reales',22,'CC','Fundación','2000-05-07','0',10,1,1,1,'J',0,0,NULL,3017235820,'Desempleado',0,1,0,'2022-07-01 22:25:46.288385','2022-07-04 23:09:15.486383',2,'Magdalena',1,26),(119,'1028030207','pbkdf2_sha256$320000$K6qQb1rrPO9vOh81yZl0Wc$nSbUnZw+KeEcAVfksdhiva1UcsaZrviPfSqgrbgiU4Y=','joselopezdg@unimagdalena.edu.co','Jose David Lopez',25,'CC','Bogotá','1997-10-03','0',8,0,1,1,'A',1,0,NULL,3207753257,'Estudiante',0,1,0,'2022-07-01 22:25:47.106472','2022-07-04 23:10:08.937729',4,'Cundinamarca',1,74),(120,'1116772280','pbkdf2_sha256$320000$MECDASBiBRc2ukhk82Imz9$E33ovx7YJ+JY8n/qyaxQT/stS0rfZgR4zZ1LhmuU+zw=','jachacon@unimagdalena.edu.co','Javier Alfonso Chacon Ramirez',18,'CC','Arauca','2003-12-26','0',4,0,1,1,'P',1,0,NULL,3226630132,'Estudiante',0,1,0,'2022-07-01 22:27:06.214525','2022-07-04 23:10:54.015870',2,'Arauca',1,6),(121,'1004484831','pbkdf2_sha256$320000$5I8BGUdrkr95quYBVsJnxT$inzOfDsygDNsw5d7ZosdjEouH+J1W62MdffHSMq3O6k=','jenniferpao.q18@gmail.com','Jennifer Paola Quintero Perez',21,'CC','Aracataca','2001-06-18','0',6,0,1,1,'S',1,0,NULL,3046594883,'Estudiante',0,1,0,'2022-07-01 22:29:37.760532','2022-07-04 23:11:51.134586',4,'Magdalena',2,57),(122,'1004095339','pbkdf2_sha256$320000$4YGEUMwR3cG57lXhOL9kYQ$G60XZw5G3DHWmQ2c5JShaD1Ddi/aFiqh6G+KsZ/etYU=','vallerangelh@gmail.com','Hector Alejandro Valle Rangel',21,'CC','El Banco','2001-07-07','0',8,0,1,1,'A',1,0,NULL,3013730913,'Estudiante',0,1,0,'2022-07-01 22:30:21.874097','2022-07-04 23:12:49.807545',2,'Magdalena',1,8),(123,'1085170266','pbkdf2_sha256$320000$aRbe4T8JV44iXhFZpKfCKF$KPnC7ZcE8AsuHFtl5awmAuerXT8fZoDC0z+dbxfHoVc=','andrescasfe2001@gmail.com','Andrés Felipe Castro Felizzola',21,'CC','Guamal','2001-01-25','0',10,0,1,1,'M',1,0,NULL,3022004651,'Estudiante',0,1,0,'2022-07-01 22:30:31.255993','2022-07-04 23:13:52.067426',1,'Magdalena',1,26),(124,'1002028885','pbkdf2_sha256$320000$V6UWoK4ebxDPLD15gDKfba$ih0RtXKZlTryx9sFsCswqqFO9CjtI/3kxbrIUpgCewo=','gonzalezmezaw@gmail.com','Wendy Paola González Meza',20,'CC','Barranquilla','2001-11-14','0',6,0,1,1,'A',1,0,NULL,3137629243,'Estudiante',0,1,0,'2022-07-01 22:30:57.157631','2022-07-04 23:14:38.761871',2,'Atlántico',2,71),(125,'1004358769','pbkdf2_sha256$320000$M5T5D5bG1r7WotP9NNfAdX$3iKOgr9d5DSjoXUseD/Kzvx3oTL9kWVIk151bIinMos=','angelamadrid242002am@gmail.com','Angela Yineth Madrid Redondo',20,'CC','Santa Marta','2002-06-24','0',6,0,1,1,'M',1,0,NULL,3136922215,'Estudiante',0,1,0,'2022-07-01 22:31:22.641159','2022-07-04 23:15:21.722399',2,'Magdalena',2,1),(126,'1085168918','pbkdf2_sha256$320000$udBUAmME7du1kTIaZXf2WJ$VFQ/t0DbeHxEXLd7GIvUF1hqxCxZ9DIa1i+WrGZmRGE=','ednitalucerito@gmail.com','Edna Rocio Pedrozo Lucero',19,'CC','Guamal','2003-04-10','0',2,0,1,1,'J',1,0,NULL,3114101113,'Estudiante',0,1,0,'2022-07-01 22:31:38.886069','2022-07-04 23:16:13.582464',2,'Magdalena',2,1),(127,'1083020136','pbkdf2_sha256$320000$5Dcs6fUobQEsogaAKd1Ylz$aQRYxPlYw23+7u+jXSrKrCuZtvvlCMtah2UfoekAmBw=','dannimartinezreal@gmail.com','Laura Daniela Martinez Reales',24,'CC','Barranquilla','1996-10-22','0',11,1,1,1,'A',1,0,NULL,3052896555,'Estudiante',1,1,0,'2022-07-01 22:32:24.816114','2022-07-04 23:17:10.422860',2,'Atlántico',2,8),(128,'1083048494','pbkdf2_sha256$320000$9NpsXrUtNavNyo8g0185A7$X9wZvldzaLJRzgbFW1k3vsAXn4WZXIlgmP2vxXhTDS0=','luis.agb26@gmail.com','Luis Angel Gonzalez Bolaño',22,'CC','Santa Marta','1999-11-26','0',10,0,1,1,'S',1,0,NULL,3045294373,'Estudiante',0,1,0,'2022-07-01 22:32:47.493332','2022-07-04 23:21:10.027771',2,'Magdalena',1,27),(129,'1002422394','pbkdf2_sha256$320000$JA8Gn2FiOlNoVea3qYjFJY$Eswgw2UYQX3GFQWYWmo48HmgffFmie6xaM+pdAST7R4=','saithherrera15@gmail.com','Sait Junior Herrera Lara',20,'CC','Mompós','2002-02-15','0',7,0,1,1,'A',1,0,NULL,3146502243,'Estudiante',0,1,0,'2022-07-01 22:33:16.571486','2022-07-04 23:19:33.772555',3,'Bolívar',1,25),(130,'1235539702','pbkdf2_sha256$320000$D7H6N2iru2X8PwhMYuX4ME$RiIqxvUjtdjlQfvZQ13pBHMhVzCvz3QxmxkL92gtzn4=','anyelacastrillo.99@gmail.com','Angela Nicoll Castrillo Fragozo',22,'CC','Dibulla','1999-09-27','0',9,0,1,1,'J',0,0,NULL,3017067242,'Estudiante',0,1,0,'2022-07-01 22:33:17.315914','2022-07-04 23:20:24.270602',2,'La Guajira',2,55),(131,'1083048413','pbkdf2_sha256$320000$cuLlO0Qvom54vj2Rv8bbHm$P4e1UbO77JxdyT23rcYq6471gXPutH1T6jios8/KRPQ=','dannafernandezruda@gmail.com','Danna Fernandez',22,'CC','Santa Marta','1999-11-26','0',10,1,1,1,'A',1,0,NULL,3017884482,'Estudiante',0,1,0,'2022-07-01 22:33:50.743356','2022-07-04 23:24:20.191380',4,'Magdalena',2,5),(132,'1082945423','pbkdf2_sha256$320000$QgOfHPhCGRJL2qeRmVZgIT$vlYM6GDdyvCBFtv+UtNfFN75IWXreMSVw0YYUhm8H0A=','ocrc2001@gmail.com','Omar Camilo Rodriguez Casanova',20,'CC','Santa Marta','2001-08-05','0',4,1,1,1,'A',1,0,NULL,3218715567,'Estudiante',0,1,0,'2022-07-01 22:34:01.657356','2022-07-04 23:25:09.842535',4,'Magdalena',1,53),(133,'1002280317','pbkdf2_sha256$320000$yL6ebHVmZmJCtpiMCSC4TA$EEmOK41q5oTqdt47eZkF3MaXEZr1amnM2WQeIwK3n3Y=','alexherrerah4@gmail.com','Alex David Herrera Hernandez',21,'CC','Santa Rosa del Sur','2000-08-04','0',11,0,0,1,'P',1,0,NULL,3017479470,'Estudiante',0,1,0,'2022-07-01 22:34:12.163457','2022-07-04 23:27:13.764443',2,'Bolívar',1,28),(134,'1083047196','pbkdf2_sha256$320000$FVx0F8piFRErrjIJVK6jsk$OvzzsgZdMnAMmaGD6FvaFObWOSddiLopQxgRMoa+WUc=','sebastiancortes998@gmail.com','Johan Sebastian Cortes Rios',22,'CC','Bucaramanga','1999-09-08','0',9,1,1,1,'A',1,0,NULL,3002573496,'Estudiante',0,1,0,'2022-07-01 22:34:35.962360','2022-07-04 23:28:09.139694',2,'Santander',1,27),(135,'1004487126','pbkdf2_sha256$320000$vGZEpHfLGfIerftE8iOba1$CtX+VYjW2FfoYie3UR3arKDVcy6r7X8ehd64uE6qKtQ=','sppachecob1999@gmail.com','Sugeis Pacheco Bolaños',22,'CC','Ciénaga','1999-12-11','0',11,0,1,1,'A',1,0,NULL,3045995572,'Estudiante',0,1,0,'2022-07-01 22:34:47.395177','2022-07-04 23:39:18.529277',2,'Magdalena',2,27),(136,'1083016071','pbkdf2_sha256$320000$a7dwnzwPS460wCGbDpYLBk$GSoT3GOIBmW7+QWKDQCJbco/NRiFrNJv9PcS+MYhiPM=','davidvegafv@unimagdalena.edu.co','David Vega',20,'CC','Santa Marta','1996-08-20','0',2,0,0,0,NULL,0,0,NULL,3003859853,'Contratista',0,1,1,'2022-07-02 01:05:32.120302','2022-07-04 23:39:40.312938',1,'Magdalena',1,74),(137,'1083046849','pbkdf2_sha256$320000$RU5kneKEG9MOxWT68n4ivG$ARuQBZp3rzTKX9ZcwjY/BI4S+zpTHqj+6tRQ19h/r7k=','loraine12392@gmail.com','Loraine Cecilia Liñan Carrasquilla',20,'CC','Santa Marta','1996-08-20','0',2,0,0,0,NULL,0,0,NULL,3003859853,'Contratista',0,1,1,'2022-07-03 17:20:21.620303','2022-07-04 23:39:54.895605',1,'Magdalena',2,74),(138,'1004461415','pbkdf2_sha256$320000$0HWyUjgPQhoGxGlelM7tEi$RZ55KDEafLtYPZ65Wp7E3b1AVFaK370UMtlBRUagqBA=','angelicb07@gmail.com','Angelica Biviana Fragozo Zambrano',21,'CC','Santa Marta','2000-10-07','0',10,0,1,1,'A',0,0,NULL,3008324493,'Estudiante',0,1,0,'2022-07-04 16:50:47.849432','2022-07-04 23:40:43.334211',4,'Magdalena',2,74),(139,'1010029604','pbkdf2_sha256$320000$OcP9HhwmyzjM7vul6kiEVT$8v9S5kJxgBVTSRwKHslLv3C7F3xgkZenr/Uu6QfCrUE=','cristofermb2000@gmail.com','Cristofer Márquez Bonilla',22,'CC','Santa Marta','2000-01-13','0',5,1,1,1,'A',1,0,NULL,3042492251,'Auxiliar de bodega',0,1,0,'2022-07-04 16:51:15.020637','2022-07-04 23:41:33.088635',4,'Magdalena',1,24),(140,'1053005710','pbkdf2_sha256$320000$U0OAV37g66nKsZNMGywrXn$ovAvCoQLC5/I7mAq7FBKWV/qx7k5WBMs+4EihDqxGRg=','eviisws@gmail.com','Evelin Rodríguez Paba',23,'CC','Magangué','1998-11-08','0',5,1,1,1,'P',1,0,NULL,3017521599,'Estudiante',0,1,0,'2022-07-04 16:51:40.139654','2022-07-04 23:42:29.378427',2,'Bolívar',2,88),(141,'1007137626','pbkdf2_sha256$320000$ENlPh0CotWkyhGzSzwPGav$UyY1c1a9gRBT5ztpXzLCe2dhBv3+KYIMSIm4bqOZTB8=','mariabuelvasp03@gmail.com','María Alejandra Buelvas',20,'CC','Santa Marta','1996-08-20','Ing Pruefsadba',2,0,0,0,NULL,0,0,NULL,3003859853,'Contratista',1,1,1,'2022-07-05 00:14:04.782516','2022-07-05 00:14:55.865686',1,'Magdalena',2,74);
/*!40000 ALTER TABLE `authentication_usuarios` ENABLE KEYS */;
UNLOCK TABLES;

--
-- Table structure for table `corsheaders_corsmodel`
--

DROP TABLE IF EXISTS `corsheaders_corsmodel`;
/*!40101 SET @saved_cs_client     = @@character_set_client */;
/*!50503 SET character_set_client = utf8mb4 */;
CREATE TABLE `corsheaders_corsmodel` (
  `id` bigint NOT NULL AUTO_INCREMENT,
  `cors` varchar(255) NOT NULL,
  PRIMARY KEY (`id`)
) ENGINE=MyISAM DEFAULT CHARSET=utf8mb3;
/*!40101 SET character_set_client = @saved_cs_client */;

--
-- Dumping data for table `corsheaders_corsmodel`
--

LOCK TABLES `corsheaders_corsmodel` WRITE;
/*!40000 ALTER TABLE `corsheaders_corsmodel` DISABLE KEYS */;
/*!40000 ALTER TABLE `corsheaders_corsmodel` ENABLE KEYS */;
UNLOCK TABLES;

--
-- Table structure for table `django_admin_log`
--

DROP TABLE IF EXISTS `django_admin_log`;
/*!40101 SET @saved_cs_client     = @@character_set_client */;
/*!50503 SET character_set_client = utf8mb4 */;
CREATE TABLE `django_admin_log` (
  `id` int NOT NULL AUTO_INCREMENT,
  `action_time` datetime(6) NOT NULL,
  `object_id` longtext,
  `object_repr` varchar(200) NOT NULL,
  `action_flag` smallint unsigned NOT NULL,
  `change_message` longtext NOT NULL,
  `content_type_id` int DEFAULT NULL,
  `user_id` int NOT NULL,
  PRIMARY KEY (`id`),
  KEY `django_admin_log_content_type_id_c4bce8eb` (`content_type_id`),
  KEY `django_admin_log_user_id_c564eba6` (`user_id`),
  CONSTRAINT `django_admin_log_chk_1` CHECK ((`action_flag` >= 0))
) ENGINE=MyISAM AUTO_INCREMENT=248 DEFAULT CHARSET=utf8mb3;
/*!40101 SET character_set_client = @saved_cs_client */;

--
-- Dumping data for table `django_admin_log`
--

LOCK TABLES `django_admin_log` WRITE;
/*!40000 ALTER TABLE `django_admin_log` DISABLE KEYS */;
INSERT INTO `django_admin_log` VALUES (1,'2022-06-10 19:22:45.542241','1','Masculino',1,'[{\"added\": {}}]',21,1),(2,'2022-06-10 19:22:58.600808','1','Casado(a)',1,'[{\"added\": {}}]',15,1),(3,'2022-06-10 19:23:16.494949','1','CC:1234',1,'[{\"added\": {}}]',27,1),(4,'2022-06-23 23:18:26.202384','28','Prueba 1098:10985322',2,'[{\"changed\": {\"fields\": [\"Is staff\"]}}]',27,1),(5,'2022-06-23 23:22:38.448447','5','Prueba:1',2,'[]',27,1),(6,'2022-07-01 08:24:33.147399','31','Prueba 007(007)',2,'[{\"changed\": {\"fields\": [\"Is staff\"]}}]',27,1),(7,'2022-07-01 16:45:54.939011','2','Femenino',1,'[{\"added\": {}}]',21,1),(8,'2022-07-01 16:46:19.206047','3','Intersex',1,'[{\"added\": {}}]',21,1),(9,'2022-07-03 17:21:10.376576','137','Loraine Cecilia Liñan Carrasquilla(1083046849)',2,'[{\"changed\": {\"fields\": [\"Is staff\"]}}]',27,1),(10,'2022-07-04 17:20:32.960306','2','Soltero',1,'[{\"added\": {}}]',15,1),(11,'2022-07-04 17:20:54.796467','3','Unión libre',1,'[{\"added\": {}}]',15,1),(12,'2022-07-04 17:21:07.815359','4','Noviazgo',1,'[{\"added\": {}}]',15,1),(13,'2022-07-04 17:21:17.049242','5','Separado',1,'[{\"added\": {}}]',15,1),(14,'2022-07-04 17:21:23.724640','6','NA',1,'[{\"added\": {}}]',15,1),(15,'2022-07-04 17:25:31.830297','32','Aldo Enrique Charris Hernández(1221981774)',2,'[{\"changed\": {\"fields\": [\"Edad\", \"Fecha nacimiento\", \"Estado civil\", \"Semestre\", \"Covid positivo\", \"Covid familiar\", \"Covid vacuna\", \"Covid tipo vacuna\", \"Covid dosis\", \"Telefono\", \"Ocupacion\"]}}]',27,1),(16,'2022-07-04 17:36:53.282917','1','ADMINISTRACIÓN DE EMPRESAS',1,'[{\"added\": {}}]',28,1),(17,'2022-07-04 17:37:05.691688','2','ADMINISTRACIÓN DE EMPRESAS TURÍSTICAS Y HOTELERAS POR CICLOS PROPEDÉUTICOS',1,'[{\"added\": {}}]',28,1),(18,'2022-07-04 17:37:14.422507','3','ADMINISTRACIÓN DE LA SEGURIDAD Y SALUD EN EL TRABAJO POR CICLOS PROPEDÉUTICOS',1,'[{\"added\": {}}]',28,1),(19,'2022-07-04 17:37:22.944213','4','ADMINISTRACIÓN PÚBLICA POR CICLOS PROPEDÉUTICOS',1,'[{\"added\": {}}]',28,1),(20,'2022-07-04 17:37:34.339066','5','CONTADURÍA PÚBLICA',1,'[{\"added\": {}}]',28,1),(21,'2022-07-04 17:37:44.440712','6','ECONOMÍA',1,'[{\"added\": {}}]',28,1),(22,'2022-07-04 17:37:55.067209','7','GESTIÓN CULTURAL Y DE INDUSTRIAS CREATIVAS',1,'[{\"added\": {}}]',28,1),(23,'2022-07-04 17:38:03.638965','8','NEGOCIOS INTERNACIONALES',1,'[{\"added\": {}}]',28,1),(24,'2022-07-04 17:38:11.861212','9','TÉCNICO PROFESIONAL EN PREVENCIÓN DE RIESGOS LABORALES',1,'[{\"added\": {}}]',28,1),(25,'2022-07-04 17:38:37.688561','10','TÉCNICO PROFESIONAL EN PROCESOS DE GESTIÓN PÚBLICA TERRITORIAL',1,'[{\"added\": {}}]',28,1),(26,'2022-07-04 17:38:46.787438','11','TECNOLOGÍA EN GESTIÓN DE LA SEGURIDAD Y SALUD EN EL TRABAJO POR CICLOS PROPEDÉUTICOS',1,'[{\"added\": {}}]',28,1),(27,'2022-07-04 17:38:55.226721','12','TECNOLOGÍA EN GESTIÓN HOTELERA Y TURÍSTICA – POR CICLOS PROPEDÉUTICOS',1,'[{\"added\": {}}]',28,1),(28,'2022-07-04 17:39:03.115663','13','TECNOLOGÍA EN GESTIÓN PÚBLICA TERRITORIAL',1,'[{\"added\": {}}]',28,1),(29,'2022-07-04 17:39:17.224381','14','ESPECIALIZACIÓN EN ALTA GERENCIA',1,'[{\"added\": {}}]',28,1),(30,'2022-07-04 17:39:26.793264','15','ESPECIALIZACIÓN EN DIRECCIÓN Y LIDERAZGO EN ORGANIZACIONES EDUCATIVAS',1,'[{\"added\": {}}]',28,1),(31,'2022-07-04 17:39:36.241795','16','ESPECIALIZACIÓN EN FINANZAS',1,'[{\"added\": {}}]',28,1),(32,'2022-07-04 17:39:45.091004','17','ESPECIALIZACIÓN EN FORMULACIÓN Y GESTIÓN INTEGRAL DE PROYECTOS',1,'[{\"added\": {}}]',28,1),(33,'2022-07-04 17:39:54.026798','18','ESPECIALIZACIÓN EN GERENCIA DE MERCADEO',1,'[{\"added\": {}}]',28,1),(34,'2022-07-04 17:40:04.144112','19','ESPECIALIZACIÓN EN GESTIÓN ESTRATÉGICA DEL TALENTO HUMANO',1,'[{\"added\": {}}]',28,1),(35,'2022-07-04 17:47:15.197022','20','MAESTRÍA EN ADMINISTRACIÓN',1,'[{\"added\": {}}]',28,1),(36,'2022-07-04 17:47:25.316865','21','MAESTRÍA EN DESARROLLO TERRITORIAL SOSTENIBLE',1,'[{\"added\": {}}]',28,1),(37,'2022-07-04 17:47:34.773866','22','MAESTRÍA EN GESTIÓN DEL TURISMO SOSTENIBLE',1,'[{\"added\": {}}]',28,1),(38,'2022-07-04 17:48:19.076560','23','INGENIERÍA AGRONÓMICA',1,'[{\"added\": {}}]',28,1),(39,'2022-07-04 17:48:54.284477','24','INGENIERÍA AMBIENTAL Y SANITARIA',1,'[{\"added\": {}}]',28,1),(40,'2022-07-04 17:49:07.190739','25','INGENIERÍA CIVIL',1,'[{\"added\": {}}]',28,1),(41,'2022-07-04 17:49:17.070111','26','INGENIERÍA DE SISTEMAS',1,'[{\"added\": {}}]',28,1),(42,'2022-07-04 17:49:29.369496','27','INGENIERÍA ELECTRÓNICA',1,'[{\"added\": {}}]',28,1),(43,'2022-07-04 17:49:39.490328','28','INGENIERÍA INDUSTRIAL',1,'[{\"added\": {}}]',28,1),(44,'2022-07-04 17:49:47.790135','29','INGENIERÍA PESQUERA',1,'[{\"added\": {}}]',28,1),(45,'2022-07-04 17:49:58.025828','30','DOCTORADO EN INGENIERÍA',1,'[{\"added\": {}}]',28,1),(46,'2022-07-04 17:50:06.907018','31','ESPECIALIZACIÓN EN DESARROLLO DE SOFTWARE',1,'[{\"added\": {}}]',28,1),(47,'2022-07-04 17:50:15.537577','32','ESPECIALIZACIÓN EN GERENCIA DE PROYECTOS DE INGENIERÍA',1,'[{\"added\": {}}]',28,1),(48,'2022-07-04 17:50:26.867895','33','ESPECIALIZACIÓN EN GESTIÓN Y LEGISLACIÓN AMBIENTAL',1,'[{\"added\": {}}]',28,1),(49,'2022-07-04 17:50:36.048273','34','ESPECIALIZACIÓN EN LOGÍSTICA Y TRANSPORTE INTERNACIONAL',1,'[{\"added\": {}}]',28,1),(50,'2022-07-04 17:50:46.901517','35','MAESTRÍA EN CIENCIAS AGRARIAS',1,'[{\"added\": {}}]',28,1),(51,'2022-07-04 17:50:55.166373','36','MAESTRÍA EN INGENIERÍA',1,'[{\"added\": {}}]',28,1),(52,'2022-07-04 17:51:06.122116','37','MAESTRÍA EN LOGÍSTICA Y CADENA DE SUMINISTROS',1,'[{\"added\": {}}]',28,1),(53,'2022-07-04 17:51:15.376044','38','MAESTRÍA EN PESQUERÍAS TROPICALES',1,'[{\"added\": {}}]',28,1),(54,'2022-07-04 17:51:25.185720','39','MAESTRÍA EN SISTEMAS DE GESTIÓN',1,'[{\"added\": {}}]',28,1),(55,'2022-07-04 17:51:44.549841','40','AYUDANTE DE MINERÍA',1,'[{\"added\": {}}]',28,1),(56,'2022-07-04 17:51:53.322639','41','ELECTRICISTA RESIDENCIAL',1,'[{\"added\": {}}]',28,1),(57,'2022-07-04 17:52:10.634373','42','INSTALACIÓN DE REDES DE TELECOMUNICACIONES',1,'[{\"added\": {}}]',28,1),(58,'2022-07-04 17:52:19.773657','43','INSTALACIÓN DE SISTEMAS DE REFRIGERACIÓN COMERCIAL E INDUSTRIAL',1,'[{\"added\": {}}]',28,1),(59,'2022-07-04 17:52:30.537828','44','OFICIAL DE CONSTRUCCIÓN',1,'[{\"added\": {}}]',28,1),(60,'2022-07-04 17:52:38.345018','45','OPERADOR DE EQUIPOS PESADOS',1,'[{\"added\": {}}]',28,1),(61,'2022-07-04 17:52:47.660569','46','TÉCNICO LABORAL EN TRANSITO, TRANSPORTE Y SEGURIDAD VIAL',1,'[{\"added\": {}}]',28,1),(62,'2022-07-04 17:53:01.764620','47','BIOLOGÍA',1,'[{\"added\": {}}]',28,1),(63,'2022-07-04 17:53:11.929463','48','DOCTORADO EN CIENCIAS DEL MAR',1,'[{\"added\": {}}]',28,1),(64,'2022-07-04 17:53:23.877205','49','DOCTORADO EN CIENCIAS FÍSICAS (SUE CARIBE)',1,'[{\"added\": {}}]',28,1),(65,'2022-07-04 17:53:35.616569','50','MAESTRÍA EN CIENCIAS FÍSICAS (SUE CARIBE)',1,'[{\"added\": {}}]',28,1),(66,'2022-07-04 17:53:49.658839','51','MAESTRÍA EN ECOLOGÍA Y BIODIVERSIDAD',1,'[{\"added\": {}}]',28,1),(67,'2022-07-04 17:54:05.677860','52','MAESTRÍA EN GESTIÓN DEL TERRITORIO MARINO COSTERO',1,'[{\"added\": {}}]',28,1),(68,'2022-07-04 17:54:30.123746','53','ANTROPOLOGÍA',1,'[{\"added\": {}}]',28,1),(69,'2022-07-04 17:54:40.750953','54','CINE Y AUDIOVISUALES',1,'[{\"added\": {}}]',28,1),(70,'2022-07-04 17:54:57.614278','55','DERECHO',1,'[{\"added\": {}}]',28,1),(71,'2022-07-04 17:55:06.965315','56','HISTORIA Y PATRIMONIO',1,'[{\"added\": {}}]',28,1),(72,'2022-07-04 17:55:20.633425','57','PROFESIONAL EN DEPORTE',1,'[{\"added\": {}}]',28,1),(73,'2022-07-04 17:55:33.038008','58','TECNOLOGÍA EN EDUCACIÓN FÍSICA, RECREACIÓN Y DEPORTE',1,'[{\"added\": {}}]',28,1),(74,'2022-07-04 17:55:42.280809','59','ESPECIALIZACIÓN EN DERECHO ADMINISTRATIVO',1,'[{\"added\": {}}]',28,1),(75,'2022-07-04 17:55:53.353423','60','ESPECIALIZACIÓN EN DERECHO CONSTITUCIONAL',1,'[{\"added\": {}}]',28,1),(76,'2022-07-04 17:56:01.824040','61','ESPECIALIZACIÓN EN DERECHO PROCESAL',1,'[{\"added\": {}}]',28,1),(77,'2022-07-04 17:56:10.045362','62','ESPECIALIZACIÓN EN DERECHOS HUMANOS Y DERECHO INTERNACIONAL HUMANITARIO',1,'[{\"added\": {}}]',28,1),(78,'2022-07-04 17:56:20.045156','63','MAESTRÍA EN ANTROPOLOGÍA',1,'[{\"added\": {}}]',28,1),(79,'2022-07-04 17:56:29.833100','64','MAESTRÍA EN ARGUMENTACIÓN JURÍDICA',1,'[{\"added\": {}}]',28,1),(80,'2022-07-04 17:56:39.799438','65','MAESTRÍA EN ESCRITURAS AUDIOVISUALES',1,'[{\"added\": {}}]',28,1),(81,'2022-07-04 17:56:49.161939','66','MAESTRÍA EN PRODUCCIÓN AUDIOVISUAL CREATIVA',1,'[{\"added\": {}}]',28,1),(82,'2022-07-04 17:57:02.408873','67','MAESTRÍA EN PROMOCIÓN Y PROTECCIÓN DE LOS DERECHOS HUMANOS',1,'[{\"added\": {}}]',28,1),(83,'2022-07-04 17:57:42.716735','68','MÚSICA Y SONIDO',1,'[{\"added\": {}}]',28,1),(84,'2022-07-04 17:57:53.680425','69','OFICINISTA, CLASIFICACIÓN Y ARCHIVO',1,'[{\"added\": {}}]',28,1),(85,'2022-07-04 17:58:02.432454','70','TÉCNICO LABORAL POR COMPETENCIAS EN DISEÑO Y ANIMACIÓN 3D',1,'[{\"added\": {}}]',28,1),(86,'2022-07-04 17:58:16.586275','71','ENFERMERÍA',1,'[{\"added\": {}}]',28,1),(87,'2022-07-04 17:58:25.671794','72','MEDICINA',1,'[{\"added\": {}}]',28,1),(88,'2022-07-04 17:58:34.569030','73','ODONTOLOGÍA',1,'[{\"added\": {}}]',28,1),(89,'2022-07-04 17:58:47.031839','74','PSICOLOGÍA',1,'[{\"added\": {}}]',28,1),(90,'2022-07-04 17:59:03.152816','75','TECNOLOGÍA EN ATENCIÓN INTEGRAL A LA PRIMERA INFANCIA',1,'[{\"added\": {}}]',28,1),(91,'2022-07-04 17:59:24.365914','76','DOCTORADO EN MEDICINA TROPICAL',1,'[{\"added\": {}}]',28,1),(92,'2022-07-04 17:59:33.548374','77','ESPECIALIZACIÓN EN SEGURIDAD Y SALUD EN EL TRABAJO',1,'[{\"added\": {}}]',28,1),(93,'2022-07-04 18:00:05.949751','78','MAESTRÍA EN EPIDEMIOLOGÍA',1,'[{\"added\": {}}]',28,1),(94,'2022-07-04 18:00:15.299405','79','MAESTRÍA EN PSICOLOGÍA CLÍNICA, JURÍDICA Y FORENSE',1,'[{\"added\": {}}]',28,1),(95,'2022-07-04 18:00:24.749855','80','MAESTRÍA EN PSICOLOGÍA DE LAS ORGANIZACIONES Y DEL TRABAJO',1,'[{\"added\": {}}]',28,1),(96,'2022-07-04 18:00:33.230581','81','MAESTRÍA EN SALUD FAMILIAR Y COMUNITARIA',1,'[{\"added\": {}}]',28,1),(97,'2022-07-04 18:00:41.687896','82','MAESTRÍA EN SALUD MENTAL EN COMUNIDADES DIVERSAS',1,'[{\"added\": {}}]',28,1),(98,'2022-07-04 18:00:57.874670','83','AUXILIAR EN EDUCACIÓN PARA LA PRIMERA INFANCIA',1,'[{\"added\": {}}]',28,1),(99,'2022-07-04 18:01:06.091337','84','TÉCNICO LABORAL EN AUXILIAR EN SALUD ORAL',1,'[{\"added\": {}}]',28,1),(100,'2022-07-04 18:01:19.760485','85','LICENCIATURA EN ARTES',1,'[{\"added\": {}}]',28,1),(101,'2022-07-04 18:01:40.852709','86','LICENCIATURA EN CIENCIAS NATURALES Y EDUCACIÓN AMBIENTAL',1,'[{\"added\": {}}]',28,1),(102,'2022-07-04 18:03:12.890671','87','LICENCIATURA EN EDUCACION CAMPESINA Y RURAL',1,'[{\"added\": {}}]',28,1),(103,'2022-07-04 18:04:44.830184','88','LICENCIATURA EN EDUCACIÓN INFANTIL',1,'[{\"added\": {}}]',28,1),(104,'2022-07-04 18:04:55.792846','89','LICENCIATURA EN ETNOEDUCACIÓN',1,'[{\"added\": {}}]',28,1),(105,'2022-07-04 18:05:10.139224','90','LICENCIATURA EN INFORMÁTICA',1,'[{\"added\": {}}]',28,1),(106,'2022-07-04 18:05:37.412907','91','LICENCIATURA EN LENGUAS EXTRANJERAS CON ÉNFASIS EN INGLES',1,'[{\"added\": {}}]',28,1),(107,'2022-07-04 18:05:48.304146','92','LICENCIATURA EN LITERATURA Y LENGUA CASTELLANA',1,'[{\"added\": {}}]',28,1),(108,'2022-07-04 18:06:00.781234','93','LICENCIATURA EN LITERATURA Y LENGUA CASTELLANA - MODALIDAD DISTANCIA',1,'[{\"added\": {}}]',28,1),(109,'2022-07-04 18:06:40.705794','94','LICENCIATURA EN MATEMÁTICAS',1,'[{\"added\": {}}]',28,1),(110,'2022-07-04 18:10:11.737937','86','Ciencias de la Educación - Pregrado - LICENCIATURA EN CIENCIAS NATURALES Y EDUCACIÓN AMBIENTAL',2,'[{\"changed\": {\"fields\": [\"Facultad\"]}}]',28,1),(111,'2022-07-04 18:12:05.275334','94','Ciencias de la Educación - Pregrado - LICENCIATURA EN MATEMÁTICAS',2,'[{\"changed\": {\"fields\": [\"Facultad\"]}}]',28,1),(112,'2022-07-04 18:12:30.440646','95','Ciencias de la Educación - Pregrado - LICENCIATURA EN PREESCOLAR',1,'[{\"added\": {}}]',28,1),(113,'2022-07-04 18:12:41.511371','96','Ciencias de la Educación - Pregrado - LICENCIATURA EN QUÍMICA',1,'[{\"added\": {}}]',28,1),(114,'2022-07-04 18:12:50.998203','97','Ciencias de la Educación - Pregrado - LICENCIATURA EN TECNOLOGÍA',1,'[{\"added\": {}}]',28,1),(115,'2022-07-04 18:13:00.666197','98','Ciencias de la Educación - Postgrado - DOCTORADO EN CIENCIAS DE LA EDUCACIÓN (RUDECOLOMBIA)',1,'[{\"added\": {}}]',28,1),(116,'2022-07-04 18:13:10.928514','99','Ciencias de la Educación - Postgrado - DOCTORADO EN EDUCACIÓN, INTERCULTURALIDAD Y TERRITORIO',1,'[{\"added\": {}}]',28,1),(117,'2022-07-04 18:13:19.883972','100','Ciencias de la Educación - Postgrado - ESPECIALIZACIÓN EN DOCENCIA UNIVERSITARIA',1,'[{\"added\": {}}]',28,1),(118,'2022-07-04 18:14:01.108505','101','Ciencias de la Educación - Postgrado - MAESTRÍA EN EDUCACIÓN (SUE CARIBE)',1,'[{\"added\": {}}]',28,1),(119,'2022-07-04 18:14:19.822278','102','Ciencias de la Educación - Postgrado - MAESTRÍA EN ENSEÑANZA DE LAS CIENCIAS NATURALES',1,'[{\"added\": {}}]',28,1),(120,'2022-07-04 18:14:34.650157','103','Ciencias de la Educación - Postgrado - MAESTRÍA EN ENSEÑANZA DE LAS MATEMÁTICAS',1,'[{\"added\": {}}]',28,1),(121,'2022-07-04 18:14:50.982069','104','Ciencias de la Educación - Postgrado - MAESTRÍA EN ENSEÑANZA DEL LENGUAJE Y LA LENGUA CASTELLANA',1,'[{\"added\": {}}]',28,1),(122,'2022-07-04 18:24:17.543347','35','Adrian Andres Ardila Arrieta(1081829419)',2,'[{\"changed\": {\"fields\": [\"Edad\", \"Sexo\", \"Departamento nacimiento\", \"Ciudad nacimiento\", \"Fecha nacimiento\", \"Estado civil\", \"Programa\", \"Semestre\", \"Covid vacuna\", \"Covid tipo vacuna\", \"Telefono\", \"Ocupacion\"]}}]',27,1),(123,'2022-07-04 20:08:58.670096','32','Aldo Enrique Charris Hernández(1221981774)',2,'[{\"changed\": {\"fields\": [\"Sexo\", \"Departamento nacimiento\", \"Ciudad nacimiento\"]}}]',27,1),(124,'2022-07-04 20:09:33.358902','32','Aldo Enrique Charris Hernández(1221981774)',2,'[{\"changed\": {\"fields\": [\"Ciudad nacimiento\", \"Programa\"]}}]',27,1),(125,'2022-07-04 20:35:31.167972','32','Aldo Enrique Charris Hernández(1221981774)',2,'[{\"changed\": {\"fields\": [\"Programa academico\"]}}]',27,1),(126,'2022-07-04 20:37:17.522575','33','Iván José Almanza Montes(1192899981)',2,'[{\"changed\": {\"fields\": [\"Edad\", \"Sexo\", \"Departamento nacimiento\", \"Ciudad nacimiento\", \"Fecha nacimiento\", \"Estado civil\", \"Programa academico\", \"Covid vacuna\", \"Covid tipo vacuna\", \"Covid dosis\", \"Telefono\", \"Ocupacion\"]}}]',27,1),(127,'2022-07-04 20:41:09.679041','34','Daniela Blanco Cabas(1004346578)',2,'[{\"changed\": {\"fields\": [\"Edad\", \"Sexo\", \"Departamento nacimiento\", \"Ciudad nacimiento\", \"Programa academico\", \"Semestre\", \"Covid familiar\", \"Covid vacuna\", \"Covid tipo vacuna\", \"Covid dosis\", \"Telefono\", \"Ocupacion\"]}}]',27,1),(128,'2022-07-04 20:41:51.441661','34','Daniela Blanco Cabas(1004346578)',2,'[{\"changed\": {\"fields\": [\"Fecha nacimiento\"]}}]',27,1),(129,'2022-07-04 20:42:29.592894','35','Adrian Andres Ardila Arrieta(1081829419)',2,'[{\"changed\": {\"fields\": [\"Programa academico\"]}}]',27,1),(130,'2022-07-04 20:43:48.258144','36','Gustavo Gregorio Ramos Carcamo(1007744331)',2,'[{\"changed\": {\"fields\": [\"Edad\", \"Sexo\", \"Departamento nacimiento\", \"Ciudad nacimiento\", \"Estado civil\", \"Programa academico\", \"Semestre\", \"Covid vacuna\", \"Covid tipo vacuna\", \"Covid dosis\", \"Telefono\", \"Ocupacion\"]}}]',27,1),(131,'2022-07-04 20:45:06.657987','37','Yarelys Martinez Villalba(1082840500)',2,'[{\"changed\": {\"fields\": [\"Edad\", \"Sexo\", \"Departamento nacimiento\", \"Ciudad nacimiento\", \"Fecha nacimiento\", \"Estado civil\", \"Programa academico\", \"Semestre\", \"Covid positivo\", \"Covid familiar\", \"Covid vacuna\", \"Covid tipo vacuna\", \"Covid dosis\", \"Telefono\", \"Ocupacion\"]}}]',27,1),(132,'2022-07-04 20:52:07.464288','38','Kathleyn Valiente(1082832282)',2,'[{\"changed\": {\"fields\": [\"Edad\", \"Sexo\", \"Departamento nacimiento\", \"Ciudad nacimiento\", \"Fecha nacimiento\", \"Estado civil\", \"Programa academico\", \"Semestre\", \"Covid positivo\", \"Covid familiar\", \"Covid vacuna\", \"Covid tipo vacuna\", \"Covid dosis\", \"Telefono\", \"Ocupacion\"]}}]',27,1),(133,'2022-07-04 20:55:40.241292','39','Daniel Esteban Gaviria Oviedo(1048064539)',2,'[{\"changed\": {\"fields\": [\"Edad\", \"Sexo\", \"Departamento nacimiento\", \"Ciudad nacimiento\", \"Fecha nacimiento\", \"Estado civil\", \"Programa academico\", \"Semestre\", \"Covid positivo\", \"Covid familiar\", \"Covid vacuna\", \"Covid tipo vacuna\", \"Covid dosis\", \"Telefono\", \"Ocupacion\"]}}]',27,1),(134,'2022-07-04 20:58:20.736657','40','Isabella Ortiz Hinojosa(1082832015)',2,'[{\"changed\": {\"fields\": [\"Edad\", \"Sexo\", \"Departamento nacimiento\", \"Ciudad nacimiento\", \"Fecha nacimiento\", \"Estado civil\", \"Programa academico\", \"Semestre\", \"Covid vacuna\", \"Covid tipo vacuna\", \"Covid dosis\", \"Telefono\", \"Ocupacion\"]}}]',27,1),(135,'2022-07-04 20:59:23.221771','41','Daniela Molina Quintero(1004367405)',2,'[{\"changed\": {\"fields\": [\"Edad\", \"Sexo\", \"Departamento nacimiento\", \"Ciudad nacimiento\", \"Fecha nacimiento\", \"Estado civil\", \"Programa academico\", \"Covid vacuna\", \"Covid tipo vacuna\", \"Covid dosis\", \"Telefono\", \"Ocupacion\"]}}]',27,1),(136,'2022-07-04 21:01:33.901484','42','Christian David Linares(1083042818)',2,'[{\"changed\": {\"fields\": [\"Edad\", \"Sexo\", \"Departamento nacimiento\", \"Ciudad nacimiento\", \"Fecha nacimiento\", \"Programa academico\", \"Semestre\", \"Covid positivo\", \"Covid familiar\", \"Covid vacuna\", \"Covid tipo vacuna\", \"Covid dosis\", \"Discapacidad\", \"Discapacidad tipo\", \"Telefono\", \"Ocupacion\"]}}]',27,1),(137,'2022-07-04 21:03:23.225066','43','Olga Thomas Cervantes(1004359410)',2,'[{\"changed\": {\"fields\": [\"Sexo\", \"Departamento nacimiento\", \"Ciudad nacimiento\", \"Fecha nacimiento\", \"Estado civil\", \"Programa academico\", \"Semestre\", \"Covid vacuna\", \"Covid tipo vacuna\", \"Covid dosis\", \"Telefono\", \"Ocupacion\"]}}]',27,1),(138,'2022-07-04 21:04:48.741282','44','Andrés Cadena(1003316971)',2,'[{\"changed\": {\"fields\": [\"Sexo\", \"Departamento nacimiento\", \"Ciudad nacimiento\", \"Fecha nacimiento\", \"Estado civil\", \"Programa academico\", \"Semestre\", \"Covid vacuna\", \"Covid tipo vacuna\", \"Covid dosis\", \"Discapacidad\", \"Discapacidad tipo\", \"Telefono\", \"Ocupacion\"]}}]',27,1),(139,'2022-07-04 21:06:12.572524','45','Dayana Gonzalez(1007698131)',2,'[{\"changed\": {\"fields\": [\"Edad\", \"Sexo\", \"Departamento nacimiento\", \"Ciudad nacimiento\", \"Fecha nacimiento\", \"Estado civil\", \"Programa academico\", \"Semestre\", \"Covid vacuna\", \"Covid tipo vacuna\", \"Covid dosis\", \"Telefono\", \"Ocupacion\"]}}]',27,1),(140,'2022-07-04 21:07:12.638336','46','Josye Maiguel Liñan(1007861005)',2,'[{\"changed\": {\"fields\": [\"Edad\", \"Sexo\", \"Departamento nacimiento\", \"Ciudad nacimiento\", \"Fecha nacimiento\", \"Estado civil\", \"Programa academico\", \"Semestre\", \"Covid familiar\", \"Covid vacuna\", \"Covid tipo vacuna\", \"Covid dosis\", \"Telefono\", \"Ocupacion\"]}}]',27,1),(141,'2022-07-04 21:10:07.378215','47','Alver Andrés Tejada Redondo(1082843319)',2,'[{\"changed\": {\"fields\": [\"Edad\", \"Sexo\", \"Departamento nacimiento\", \"Ciudad nacimiento\", \"Fecha nacimiento\", \"Estado civil\", \"Programa academico\", \"Semestre\", \"Covid familiar\", \"Covid vacuna\", \"Covid tipo vacuna\", \"Covid dosis\", \"Telefono\", \"Ocupacion\"]}}]',27,1),(142,'2022-07-04 21:11:56.459253','48','Kelly Johana Cabrera Cerro(1000272349)',2,'[{\"changed\": {\"fields\": [\"Edad\", \"Sexo\", \"Departamento nacimiento\", \"Ciudad nacimiento\", \"Fecha nacimiento\", \"Estado civil\", \"Programa academico\", \"Semestre\", \"Covid familiar\", \"Covid vacuna\", \"Covid tipo vacuna\", \"Covid dosis\", \"Telefono\", \"Ocupacion\"]}}]',27,1),(143,'2022-07-04 21:14:13.907257','49','Luisa Mercado(1081821019)',2,'[{\"changed\": {\"fields\": [\"Edad\", \"Sexo\", \"Departamento nacimiento\", \"Ciudad nacimiento\", \"Fecha nacimiento\", \"Estado civil\", \"Programa academico\", \"Semestre\", \"Covid positivo\", \"Covid familiar\", \"Covid vacuna\", \"Covid tipo vacuna\", \"Covid dosis\", \"Telefono\", \"Ocupacion\"]}}]',27,1),(144,'2022-07-04 21:15:49.718353','50','Valexca Isabel Fernandez Riascos(1007744156)',2,'[{\"changed\": {\"fields\": [\"Edad\", \"Sexo\", \"Departamento nacimiento\", \"Ciudad nacimiento\", \"Fecha nacimiento\", \"Estado civil\", \"Programa academico\", \"Semestre\", \"Covid vacuna\", \"Covid tipo vacuna\", \"Covid dosis\", \"Telefono\", \"Ocupacion\"]}}]',27,1),(145,'2022-07-04 21:16:51.288655','51','Derys Romero(1001822919)',2,'[{\"changed\": {\"fields\": [\"Edad\", \"Sexo\", \"Departamento nacimiento\", \"Ciudad nacimiento\", \"Fecha nacimiento\", \"Estado civil\", \"Programa academico\", \"Semestre\", \"Covid positivo\", \"Covid familiar\", \"Covid vacuna\", \"Covid tipo vacuna\", \"Covid dosis\", \"Telefono\", \"Ocupacion\"]}}]',27,1),(146,'2022-07-04 21:17:55.410046','52','Maria Alejandra Oyuela(1007692324)',2,'[{\"changed\": {\"fields\": [\"Edad\", \"Sexo\", \"Departamento nacimiento\", \"Ciudad nacimiento\", \"Fecha nacimiento\", \"Estado civil\", \"Programa academico\", \"Semestre\", \"Covid positivo\", \"Covid familiar\", \"Covid vacuna\", \"Covid tipo vacuna\", \"Covid dosis\", \"Telefono\", \"Ocupacion\"]}}]',27,1),(147,'2022-07-04 21:18:54.430298','53','Geraldine Jimenez Villa(1004463916)',2,'[{\"changed\": {\"fields\": [\"Edad\", \"Sexo\", \"Departamento nacimiento\", \"Ciudad nacimiento\", \"Fecha nacimiento\", \"Estado civil\", \"Programa academico\", \"Semestre\", \"Covid positivo\", \"Covid vacuna\", \"Covid tipo vacuna\", \"Covid dosis\", \"Telefono\", \"Ocupacion\"]}}]',27,1),(148,'2022-07-04 21:19:57.015268','54','Diego Olivero(1004377763)',2,'[{\"changed\": {\"fields\": [\"Edad\", \"Sexo\", \"Departamento nacimiento\", \"Ciudad nacimiento\", \"Fecha nacimiento\", \"Estado civil\", \"Programa academico\", \"Semestre\", \"Covid positivo\", \"Covid familiar\", \"Covid vacuna\", \"Covid tipo vacuna\", \"Covid dosis\", \"Telefono\", \"Ocupacion\"]}}]',27,1),(149,'2022-07-04 21:21:22.774063','55','Adrian Camilo Polo(1007714075)',2,'[{\"changed\": {\"fields\": [\"Edad\", \"Sexo\", \"Departamento nacimiento\", \"Ciudad nacimiento\", \"Fecha nacimiento\", \"Estado civil\", \"Programa academico\", \"Semestre\", \"Covid vacuna\", \"Covid tipo vacuna\", \"Covid dosis\", \"Telefono\", \"Ocupacion\"]}}]',27,1),(150,'2022-07-04 21:23:10.622471','56','Mauro Jose Cantillo Sevilla(1004378202)',2,'[{\"changed\": {\"fields\": [\"Edad\", \"Sexo\", \"Departamento nacimiento\", \"Ciudad nacimiento\", \"Fecha nacimiento\", \"Estado civil\", \"Programa academico\", \"Covid positivo\", \"Covid familiar\", \"Covid vacuna\", \"Covid tipo vacuna\", \"Covid dosis\", \"Telefono\", \"Ocupacion\"]}}]',27,1),(151,'2022-07-04 21:26:30.260634','57','Maryuris Milena Aran Mendoza(1082880580)',2,'[{\"changed\": {\"fields\": [\"Edad\", \"Sexo\", \"Departamento nacimiento\", \"Ciudad nacimiento\", \"Fecha nacimiento\", \"Estado civil\", \"Programa academico\", \"Semestre\", \"Covid vacuna\", \"Covid tipo vacuna\", \"Covid dosis\", \"Telefono\", \"Ocupacion\"]}}]',27,1),(152,'2022-07-04 21:27:53.418086','58','Luis Mateus Ramirez(1221970694)',2,'[{\"changed\": {\"fields\": [\"Edad\", \"Sexo\", \"Departamento nacimiento\", \"Ciudad nacimiento\", \"Fecha nacimiento\", \"Estado civil\", \"Programa academico\", \"Semestre\", \"Covid positivo\", \"Covid familiar\", \"Covid vacuna\", \"Covid tipo vacuna\", \"Covid dosis\", \"Telefono\", \"Ocupacion\"]}}]',27,1),(153,'2022-07-04 21:28:56.398242','59','Steeven Zambrano Laguna(1126249223)',2,'[{\"changed\": {\"fields\": [\"Sexo\", \"Departamento nacimiento\", \"Ciudad nacimiento\", \"Fecha nacimiento\", \"Estado civil\", \"Programa academico\", \"Semestre\", \"Covid positivo\", \"Covid familiar\", \"Covid vacuna\", \"Covid tipo vacuna\", \"Covid dosis\", \"Telefono\", \"Ocupacion\"]}}]',27,1),(154,'2022-07-04 21:29:54.937691','60','Alejandra Acosta Santofinio(1004368185)',2,'[{\"changed\": {\"fields\": [\"Edad\", \"Sexo\", \"Departamento nacimiento\", \"Ciudad nacimiento\", \"Fecha nacimiento\", \"Estado civil\", \"Programa academico\", \"Semestre\", \"Covid vacuna\", \"Covid tipo vacuna\", \"Covid dosis\", \"Telefono\", \"Ocupacion\"]}}]',27,1),(155,'2022-07-04 21:30:49.706580','61','Carlos Arturo Becker Zapata(1082838617)',2,'[{\"changed\": {\"fields\": [\"Edad\", \"Sexo\", \"Departamento nacimiento\", \"Ciudad nacimiento\", \"Fecha nacimiento\", \"Estado civil\", \"Programa academico\", \"Semestre\", \"Covid familiar\", \"Covid vacuna\", \"Covid tipo vacuna\", \"Covid dosis\", \"Telefono\", \"Ocupacion\"]}}]',27,1),(156,'2022-07-04 21:31:42.986997','62','John Jairo Correa Romero(1007783379)',2,'[{\"changed\": {\"fields\": [\"Edad\", \"Sexo\", \"Departamento nacimiento\", \"Ciudad nacimiento\", \"Fecha nacimiento\", \"Estado civil\", \"Programa academico\", \"Semestre\", \"Covid familiar\", \"Covid vacuna\", \"Covid tipo vacuna\", \"Covid dosis\", \"Telefono\", \"Ocupacion\"]}}]',27,1),(157,'2022-07-04 21:32:53.536865','63','Rafael David Caraballo Vizcaino(1007714383)',2,'[{\"changed\": {\"fields\": [\"Sexo\", \"Departamento nacimiento\", \"Ciudad nacimiento\", \"Fecha nacimiento\", \"Estado civil\", \"Programa academico\", \"Semestre\", \"Covid positivo\", \"Covid familiar\", \"Covid vacuna\", \"Covid tipo vacuna\", \"Covid dosis\", \"Telefono\", \"Ocupacion\"]}}]',27,1),(158,'2022-07-04 21:34:22.092247','64','Sarah Daniela Calvo Farrayans(1235539313)',2,'[{\"changed\": {\"fields\": [\"Edad\", \"Sexo\", \"Departamento nacimiento\", \"Ciudad nacimiento\", \"Fecha nacimiento\", \"Estado civil\", \"Programa academico\", \"Semestre\", \"Covid positivo\", \"Covid vacuna\", \"Covid tipo vacuna\", \"Covid dosis\", \"Telefono\", \"Ocupacion\"]}}]',27,1),(159,'2022-07-04 21:41:25.157259','65','Airam Siul Delaytz Morillo(1001919038)',2,'[{\"changed\": {\"fields\": [\"Edad\", \"Sexo\", \"Ciudad nacimiento\", \"Fecha nacimiento\", \"Estado civil\", \"Programa academico\", \"Semestre\", \"Covid vacuna\", \"Covid tipo vacuna\", \"Covid dosis\", \"Telefono\", \"Ocupacion\"]}}]',27,1),(160,'2022-07-04 21:42:25.613371','66','Jerson David Guerrero Polo(1004366338)',2,'[{\"changed\": {\"fields\": [\"Edad\", \"Sexo\", \"Departamento nacimiento\", \"Ciudad nacimiento\", \"Fecha nacimiento\", \"Estado civil\", \"Programa academico\", \"Semestre\", \"Covid familiar\", \"Covid vacuna\", \"Covid tipo vacuna\", \"Telefono\", \"Ocupacion\"]}}]',27,1),(161,'2022-07-04 21:45:27.602912','67','Ezequiel Armando Linero Suarez(1082832844)',2,'[{\"changed\": {\"fields\": [\"Edad\", \"Sexo\", \"Departamento nacimiento\", \"Ciudad nacimiento\", \"Fecha nacimiento\", \"Estado civil\", \"Programa academico\", \"Semestre\", \"Covid vacuna\", \"Covid tipo vacuna\", \"Covid dosis\", \"Telefono\", \"Ocupacion\"]}}]',27,1),(162,'2022-07-04 21:46:33.824985','68','Marina Isabel Polo Rivero(1221981876)',2,'[{\"changed\": {\"fields\": [\"Edad\", \"Sexo\", \"Departamento nacimiento\", \"Ciudad nacimiento\", \"Fecha nacimiento\", \"Estado civil\", \"Programa academico\", \"Semestre\", \"Covid positivo\", \"Covid vacuna\", \"Covid tipo vacuna\", \"Telefono\", \"Ocupacion\"]}}]',27,1),(163,'2022-07-04 21:47:28.883942','69','Adriano Ricardo de la Cruz(1004348397)',2,'[{\"changed\": {\"fields\": [\"Edad\", \"Sexo\", \"Ciudad nacimiento\", \"Fecha nacimiento\", \"Estado civil\", \"Programa academico\", \"Semestre\", \"Covid vacuna\", \"Covid tipo vacuna\", \"Covid dosis\", \"Telefono\", \"Ocupacion\"]}}]',27,1),(164,'2022-07-04 21:53:28.160256','70','Rocio Isabel Torrejano Rivera(1193278296)',2,'[{\"changed\": {\"fields\": [\"Sexo\", \"Departamento nacimiento\", \"Ciudad nacimiento\", \"Fecha nacimiento\", \"Estado civil\", \"Programa academico\", \"Semestre\", \"Covid positivo\", \"Covid familiar\", \"Covid vacuna\", \"Covid tipo vacuna\", \"Covid dosis\", \"Telefono\", \"Ocupacion\"]}}]',27,1),(165,'2022-07-04 21:55:02.964747','71','Edien Enrique Ternera Rodriguez(1007556265)',2,'[{\"changed\": {\"fields\": [\"Edad\", \"Sexo\", \"Departamento nacimiento\", \"Ciudad nacimiento\", \"Fecha nacimiento\", \"Estado civil\", \"Programa academico\", \"Semestre\", \"Covid vacuna\", \"Covid tipo vacuna\", \"Covid dosis\", \"Telefono\", \"Ocupacion\"]}}]',27,1),(166,'2022-07-04 21:56:16.173383','72','María Fernanda Pérez Pérez(1005625522)',2,'[{\"changed\": {\"fields\": [\"Edad\", \"Sexo\", \"Departamento nacimiento\", \"Ciudad nacimiento\", \"Fecha nacimiento\", \"Estado civil\", \"Programa academico\", \"Semestre\", \"Covid positivo\", \"Covid familiar\", \"Covid vacuna\", \"Covid tipo vacuna\", \"Covid dosis\", \"Telefono\", \"Ocupacion\"]}}]',27,1),(167,'2022-07-04 21:57:08.510280','73','Andrea Carolina Pertúz Montaño(1016043226)',2,'[{\"changed\": {\"fields\": [\"Edad\", \"Sexo\", \"Departamento nacimiento\", \"Ciudad nacimiento\", \"Fecha nacimiento\", \"Estado civil\", \"Programa academico\", \"Semestre\", \"Covid familiar\", \"Covid vacuna\", \"Covid tipo vacuna\", \"Covid dosis\", \"Telefono\", \"Ocupacion\"]}}]',27,1),(168,'2022-07-04 21:58:49.962936','74','Jenifer Pomares Garcés(1031671122)',2,'[{\"changed\": {\"fields\": [\"Edad\", \"Sexo\", \"Departamento nacimiento\", \"Ciudad nacimiento\", \"Fecha nacimiento\", \"Estado civil\", \"Programa academico\", \"Semestre\", \"Covid positivo\", \"Covid familiar\", \"Covid vacuna\", \"Covid tipo vacuna\", \"Covid dosis\", \"Telefono\", \"Ocupacion\"]}}]',27,1),(169,'2022-07-04 22:00:32.956871','75','Jeun De la Hoz(1083041481)',2,'[{\"changed\": {\"fields\": [\"Edad\", \"Sexo\", \"Departamento nacimiento\", \"Ciudad nacimiento\", \"Fecha nacimiento\", \"Estado civil\", \"Programa academico\", \"Semestre\", \"Covid positivo\", \"Covid familiar\", \"Covid vacuna\", \"Covid tipo vacuna\", \"Telefono\", \"Ocupacion\"]}}]',27,1),(170,'2022-07-04 22:01:37.147914','76','Ana Marcela Pinedo Sanchez(1007744487)',2,'[{\"changed\": {\"fields\": [\"Edad\", \"Sexo\", \"Departamento nacimiento\", \"Ciudad nacimiento\", \"Fecha nacimiento\", \"Estado civil\", \"Programa academico\", \"Semestre\", \"Covid familiar\", \"Covid vacuna\", \"Covid tipo vacuna\", \"Covid dosis\", \"Telefono\", \"Ocupacion\"]}}]',27,1),(171,'2022-07-04 22:02:43.710759','77','Nicolás David Martinez Mier(1004463074)',2,'[{\"changed\": {\"fields\": [\"Sexo\", \"Departamento nacimiento\", \"Ciudad nacimiento\", \"Fecha nacimiento\", \"Estado civil\", \"Programa academico\", \"Semestre\", \"Covid positivo\", \"Covid familiar\", \"Covid vacuna\", \"Covid tipo vacuna\", \"Covid dosis\", \"Telefono\", \"Ocupacion\"]}}]',27,1),(172,'2022-07-04 22:03:27.640996','78','Camilo Andres Castro Vergara(1004358074)',2,'[{\"changed\": {\"fields\": [\"Edad\", \"Sexo\", \"Departamento nacimiento\", \"Ciudad nacimiento\", \"Fecha nacimiento\", \"Estado civil\", \"Programa academico\", \"Semestre\", \"Covid positivo\", \"Covid familiar\", \"Covid vacuna\", \"Covid tipo vacuna\", \"Covid dosis\", \"Telefono\", \"Ocupacion\"]}}]',27,1),(173,'2022-07-04 22:04:21.218483','79','Camelia Garcia Julio(1004306636)',2,'[{\"changed\": {\"fields\": [\"Edad\", \"Sexo\", \"Departamento nacimiento\", \"Ciudad nacimiento\", \"Fecha nacimiento\", \"Estado civil\", \"Programa academico\", \"Semestre\", \"Covid vacuna\", \"Covid tipo vacuna\", \"Covid dosis\", \"Telefono\", \"Ocupacion\"]}}]',27,1),(174,'2022-07-04 22:08:02.880335','80','Daniela Jimenez Obregón(1042848366)',2,'[{\"changed\": {\"fields\": [\"Edad\", \"Sexo\", \"Departamento nacimiento\", \"Ciudad nacimiento\", \"Fecha nacimiento\", \"Estado civil\", \"Programa academico\", \"Semestre\", \"Covid positivo\", \"Covid vacuna\", \"Covid tipo vacuna\", \"Telefono\", \"Ocupacion\"]}}]',27,1),(175,'2022-07-04 22:09:29.670512','81','Gabriela Olmos Rodríguez(1007759156)',2,'[{\"changed\": {\"fields\": [\"Edad\", \"Sexo\", \"Ciudad nacimiento\", \"Fecha nacimiento\", \"Estado civil\", \"Programa academico\", \"Semestre\", \"Covid vacuna\", \"Covid tipo vacuna\", \"Covid dosis\", \"Telefono\", \"Ocupacion\"]}}]',27,1),(176,'2022-07-04 22:12:29.823768','83','Edwin Sandoval(1002233994)',2,'[{\"changed\": {\"fields\": [\"Sexo\", \"Departamento nacimiento\", \"Ciudad nacimiento\", \"Fecha nacimiento\", \"Estado civil\", \"Programa academico\", \"Semestre\", \"Covid vacuna\", \"Covid tipo vacuna\", \"Covid dosis\", \"Telefono\"]}}]',27,1),(177,'2022-07-04 22:13:36.796322','84','Carlos Ariza(1004345372)',2,'[{\"changed\": {\"fields\": [\"Edad\", \"Sexo\", \"Ciudad nacimiento\", \"Fecha nacimiento\", \"Estado civil\", \"Programa academico\", \"Semestre\", \"Covid positivo\", \"Covid familiar\", \"Covid vacuna\", \"Covid tipo vacuna\", \"Telefono\", \"Ocupacion\"]}}]',27,1),(178,'2022-07-04 22:14:40.657065','85','Esmeralda Lucía Herrera Ramírez(1004347093)',2,'[{\"changed\": {\"fields\": [\"Edad\", \"Sexo\", \"Ciudad nacimiento\", \"Fecha nacimiento\", \"Estado civil\", \"Programa academico\", \"Semestre\", \"Covid positivo\", \"Covid familiar\", \"Covid vacuna\", \"Covid tipo vacuna\", \"Covid dosis\", \"Telefono\", \"Ocupacion\"]}}]',27,1),(179,'2022-07-04 22:16:06.468811','86','Lolis Puba Muñoz(100747434)',2,'[{\"changed\": {\"fields\": [\"Sexo\", \"Ciudad nacimiento\", \"Fecha nacimiento\", \"Estado civil\", \"Programa academico\", \"Semestre\", \"Covid familiar\", \"Covid vacuna\", \"Covid tipo vacuna\", \"Covid dosis\", \"Telefono\", \"Ocupacion\"]}}]',27,1),(180,'2022-07-04 22:17:17.976488','87','Darleidys Johanna López Durán(1004273882)',2,'[{\"changed\": {\"fields\": [\"Sexo\", \"Ciudad nacimiento\", \"Fecha nacimiento\", \"Estado civil\", \"Programa academico\", \"Semestre\", \"Covid vacuna\", \"Covid tipo vacuna\", \"Telefono\", \"Ocupacion\"]}}]',27,1),(181,'2022-07-04 22:18:23.494876','88','Winston Bonnett(1081820947)',2,'[{\"changed\": {\"fields\": [\"Edad\", \"Sexo\", \"Ciudad nacimiento\", \"Fecha nacimiento\", \"Estado civil\", \"Programa academico\", \"Semestre\", \"Covid positivo\", \"Covid familiar\", \"Covid vacuna\", \"Covid tipo vacuna\", \"Telefono\", \"Ocupacion\"]}}]',27,1),(182,'2022-07-04 22:22:36.068698','89','Duvan Ruiz Coronel(1221968674)',2,'[{\"changed\": {\"fields\": [\"Edad\", \"Sexo\", \"Ciudad nacimiento\", \"Estado civil\", \"Programa academico\", \"Semestre\", \"Covid vacuna\", \"Covid tipo vacuna\", \"Covid dosis\", \"Telefono\", \"Ocupacion\"]}}]',27,1),(183,'2022-07-04 22:24:30.577899','90','Julio Javier Fuentes Mario(1193115580)',2,'[{\"changed\": {\"fields\": [\"Edad\", \"Sexo\", \"Ciudad nacimiento\", \"Fecha nacimiento\", \"Estado civil\", \"Programa academico\", \"Semestre\", \"Covid positivo\", \"Covid familiar\", \"Covid vacuna\", \"Covid tipo vacuna\", \"Covid dosis\", \"Telefono\", \"Ocupacion\"]}}]',27,1),(184,'2022-07-04 22:25:32.024241','91','Ana Maria Buenahora Diaz(1007934278)',2,'[{\"changed\": {\"fields\": [\"Edad\", \"Sexo\", \"Ciudad nacimiento\", \"Fecha nacimiento\", \"Estado civil\", \"Programa academico\", \"Semestre\", \"Covid vacuna\", \"Covid tipo vacuna\", \"Covid dosis\", \"Telefono\", \"Ocupacion\"]}}]',27,1),(185,'2022-07-04 22:26:44.319513','92','Obet Bayona Lobo(1082968855)',2,'[{\"changed\": {\"fields\": [\"Edad\", \"Sexo\", \"Departamento nacimiento\", \"Ciudad nacimiento\", \"Fecha nacimiento\", \"Estado civil\", \"Programa academico\", \"Semestre\", \"Covid positivo\", \"Covid familiar\", \"Covid vacuna\", \"Covid tipo vacuna\", \"Covid dosis\", \"Telefono\", \"Ocupacion\"]}}]',27,1),(186,'2022-07-04 22:28:25.585860','93','Milena Rodríguez Paba(1102849423)',2,'[{\"changed\": {\"fields\": [\"Edad\", \"Sexo\", \"Departamento nacimiento\", \"Ciudad nacimiento\", \"Fecha nacimiento\", \"Estado civil\", \"Programa academico\", \"Semestre\", \"Covid familiar\", \"Covid vacuna\", \"Covid tipo vacuna\", \"Covid dosis\", \"Telefono\", \"Ocupacion\"]}}]',27,1),(187,'2022-07-04 22:37:22.347242','94','Andrés Felipe Zambrano Viloria(1001890708)',2,'[{\"changed\": {\"fields\": [\"Edad\", \"Sexo\", \"Departamento nacimiento\", \"Ciudad nacimiento\", \"Fecha nacimiento\", \"Estado civil\", \"Programa academico\", \"Semestre\", \"Covid familiar\", \"Covid vacuna\", \"Covid tipo vacuna\", \"Telefono\", \"Ocupacion\"]}}]',27,1),(188,'2022-07-04 22:39:06.708418','95','José David Aragón Cruz(1004371877)',2,'[{\"changed\": {\"fields\": [\"Edad\", \"Sexo\", \"Ciudad nacimiento\", \"Fecha nacimiento\", \"Estado civil\", \"Programa academico\", \"Semestre\", \"Covid familiar\", \"Covid vacuna\", \"Covid tipo vacuna\", \"Telefono\", \"Ocupacion\"]}}]',27,1),(189,'2022-07-04 22:40:04.369642','96','Laura Sofía Sierra García(1083046675)',2,'[{\"changed\": {\"fields\": [\"Edad\", \"Sexo\", \"Departamento nacimiento\", \"Ciudad nacimiento\", \"Fecha nacimiento\", \"Estado civil\", \"Programa academico\", \"Semestre\", \"Covid positivo\", \"Covid familiar\", \"Covid vacuna\", \"Covid tipo vacuna\", \"Covid dosis\", \"Telefono\", \"Ocupacion\"]}}]',27,1),(190,'2022-07-04 22:41:19.111786','97','Esteban David Fontalvo Pertuz(1083038681)',2,'[{\"changed\": {\"fields\": [\"Edad\", \"Sexo\", \"Ciudad nacimiento\", \"Fecha nacimiento\", \"Estado civil\", \"Programa academico\", \"Semestre\", \"Covid positivo\", \"Covid familiar\", \"Covid vacuna\", \"Covid tipo vacuna\", \"Covid dosis\", \"Telefono\", \"Ocupacion\"]}}]',27,1),(191,'2022-07-04 22:41:54.232055','94','Andrés Felipe Zambrano Viloria(1001890708)',2,'[{\"changed\": {\"fields\": [\"Programa academico\"]}}]',27,1),(192,'2022-07-04 22:43:05.606915','98','Valentina Buenahora Diaz(1004366894)',2,'[{\"changed\": {\"fields\": [\"Edad\", \"Sexo\", \"Ciudad nacimiento\", \"Fecha nacimiento\", \"Estado civil\", \"Programa academico\", \"Semestre\", \"Covid vacuna\", \"Covid tipo vacuna\", \"Covid dosis\", \"Telefono\", \"Ocupacion\"]}}]',27,1),(193,'2022-07-04 22:44:11.449232','99','Aibert Sebastian Gamboa Blanco(1083040419)',2,'[{\"changed\": {\"fields\": [\"Edad\", \"Sexo\", \"Departamento nacimiento\", \"Ciudad nacimiento\", \"Fecha nacimiento\", \"Estado civil\", \"Programa academico\", \"Semestre\", \"Covid familiar\", \"Covid vacuna\", \"Covid tipo vacuna\", \"Telefono\", \"Ocupacion\"]}}]',27,1),(194,'2022-07-04 22:45:10.124350','100','Angel David Pelaez Pallares(1007934216)',2,'[{\"changed\": {\"fields\": [\"Edad\", \"Sexo\", \"Ciudad nacimiento\", \"Fecha nacimiento\", \"Estado civil\", \"Programa academico\", \"Semestre\", \"Covid positivo\", \"Covid familiar\", \"Covid vacuna\", \"Covid tipo vacuna\", \"Covid dosis\", \"Telefono\", \"Ocupacion\"]}}]',27,1),(195,'2022-07-04 22:47:32.252465','101','Eyleen Dayana Cardenas Gutierrez(1007753232)',2,'[{\"changed\": {\"fields\": [\"Edad\", \"Sexo\", \"Ciudad nacimiento\", \"Fecha nacimiento\", \"Estado civil\", \"Programa academico\", \"Semestre\", \"Covid familiar\", \"Covid vacuna\", \"Covid tipo vacuna\", \"Covid dosis\", \"Telefono\", \"Ocupacion\"]}}]',27,1),(196,'2022-07-04 22:49:24.746850','102','Luis Camilo Puello Palma(1083045403)',2,'[{\"changed\": {\"fields\": [\"Edad\", \"Sexo\", \"Ciudad nacimiento\", \"Fecha nacimiento\", \"Estado civil\", \"Programa academico\", \"Semestre\", \"Covid familiar\", \"Covid vacuna\", \"Covid tipo vacuna\", \"Covid dosis\", \"Telefono\", \"Ocupacion\"]}}]',27,1),(197,'2022-07-04 22:50:31.486241','103','Manuel Alfonso Manjarres Rivera(1007934372)',2,'[{\"changed\": {\"fields\": [\"Edad\", \"Sexo\", \"Ciudad nacimiento\", \"Fecha nacimiento\", \"Estado civil\", \"Programa academico\", \"Semestre\", \"Covid vacuna\", \"Covid tipo vacuna\", \"Covid dosis\", \"Telefono\", \"Ocupacion\"]}}]',27,1),(198,'2022-07-04 22:51:33.202062','104','Ezequiel David Bilbao González(1083034227)',2,'[{\"changed\": {\"fields\": [\"Edad\", \"Sexo\", \"Ciudad nacimiento\", \"Fecha nacimiento\", \"Estado civil\", \"Programa academico\", \"Semestre\", \"Covid positivo\", \"Covid familiar\", \"Covid vacuna\", \"Covid tipo vacuna\", \"Covid dosis\", \"Telefono\", \"Ocupacion\"]}}]',27,1),(199,'2022-07-04 22:52:28.750726','105','Maria Andrea Quintero Rodriguez(1193506475)',2,'[{\"changed\": {\"fields\": [\"Edad\", \"Sexo\", \"Departamento nacimiento\", \"Ciudad nacimiento\", \"Fecha nacimiento\", \"Estado civil\", \"Programa academico\", \"Semestre\", \"Covid positivo\", \"Covid familiar\", \"Covid vacuna\", \"Covid tipo vacuna\", \"Covid dosis\", \"Telefono\", \"Ocupacion\"]}}]',27,1),(200,'2022-07-04 22:53:15.496233','106','Diana Marcela Ávila Vergara(1083048416)',2,'[{\"changed\": {\"fields\": [\"Edad\", \"Sexo\", \"Ciudad nacimiento\", \"Fecha nacimiento\", \"Estado civil\", \"Programa academico\", \"Semestre\", \"Covid positivo\", \"Covid familiar\", \"Covid vacuna\", \"Covid tipo vacuna\", \"Covid dosis\", \"Telefono\", \"Ocupacion\"]}}]',27,1),(201,'2022-07-04 22:54:34.336302','107','Alida E. Sinning Sinning(1001896898)',2,'[{\"changed\": {\"fields\": [\"Edad\", \"Sexo\", \"Departamento nacimiento\", \"Ciudad nacimiento\", \"Estado civil\", \"Programa academico\", \"Semestre\", \"Covid positivo\", \"Covid familiar\", \"Covid vacuna\", \"Covid tipo vacuna\", \"Covid dosis\", \"Telefono\", \"Ocupacion\"]}}]',27,1),(202,'2022-07-04 22:55:33.529036','108','Rosa margarita Salazar cáceres(1004347648)',2,'[{\"changed\": {\"fields\": [\"Edad\", \"Sexo\", \"Ciudad nacimiento\", \"Fecha nacimiento\", \"Estado civil\", \"Programa academico\", \"Semestre\", \"Covid positivo\", \"Covid familiar\", \"Covid vacuna\", \"Covid tipo vacuna\", \"Covid dosis\", \"Telefono\", \"Ocupacion\"]}}]',27,1),(203,'2022-07-04 22:56:48.792723','109','Fredy David Caballero(1004348466)',2,'[{\"changed\": {\"fields\": [\"Edad\", \"Sexo\", \"Ciudad nacimiento\", \"Fecha nacimiento\", \"Estado civil\", \"Programa academico\", \"Semestre\", \"Covid vacuna\", \"Covid tipo vacuna\", \"Telefono\", \"Ocupacion\"]}}]',27,1),(204,'2022-07-04 22:58:08.664222','110','Luis Carlos Quintero Cantillo(1007692250)',2,'[{\"changed\": {\"fields\": [\"Edad\", \"Sexo\", \"Ciudad nacimiento\", \"Fecha nacimiento\", \"Estado civil\", \"Programa academico\", \"Semestre\", \"Covid positivo\", \"Covid familiar\", \"Covid vacuna\", \"Covid tipo vacuna\", \"Covid dosis\", \"Telefono\", \"Ocupacion\"]}}]',27,1),(205,'2022-07-04 22:59:13.289622','111','Karen Sofia Hernández Rodríguez(1235539564)',2,'[{\"changed\": {\"fields\": [\"Edad\", \"Sexo\", \"Departamento nacimiento\", \"Ciudad nacimiento\", \"Fecha nacimiento\", \"Estado civil\", \"Programa academico\", \"Semestre\", \"Covid positivo\", \"Covid familiar\", \"Covid vacuna\", \"Covid tipo vacuna\", \"Covid dosis\", \"Telefono\", \"Ocupacion\"]}}]',27,1),(206,'2022-07-04 23:00:21.476682','112','Luis Francisco Polo Mejia(1083018928)',2,'[{\"changed\": {\"fields\": [\"Edad\", \"Sexo\", \"Ciudad nacimiento\", \"Fecha nacimiento\", \"Estado civil\", \"Programa academico\", \"Semestre\", \"Covid familiar\", \"Covid vacuna\", \"Covid tipo vacuna\", \"Covid dosis\", \"Telefono\", \"Ocupacion\"]}}]',27,1),(207,'2022-07-04 23:03:24.976684','113','Jorge David Hernández Farelo(1083040932)',2,'[{\"changed\": {\"fields\": [\"Edad\", \"Sexo\", \"Ciudad nacimiento\", \"Fecha nacimiento\", \"Estado civil\", \"Programa academico\", \"Semestre\", \"Covid familiar\", \"Covid vacuna\", \"Covid tipo vacuna\", \"Covid dosis\", \"Telefono\", \"Ocupacion\"]}}]',27,1),(208,'2022-07-04 23:04:31.746099','114','Maria Alejandra Espitia Fuentes(1004373353)',2,'[{\"changed\": {\"fields\": [\"Edad\", \"Sexo\", \"Ciudad nacimiento\", \"Fecha nacimiento\", \"Estado civil\", \"Programa academico\", \"Semestre\", \"Covid familiar\", \"Covid vacuna\", \"Covid tipo vacuna\", \"Covid dosis\", \"Telefono\", \"Ocupacion\"]}}]',27,1),(209,'2022-07-04 23:05:32.237814','115','Dayana Alfaro Correa(1083035191)',2,'[{\"changed\": {\"fields\": [\"Edad\", \"Sexo\", \"Ciudad nacimiento\", \"Fecha nacimiento\", \"Estado civil\", \"Programa academico\", \"Semestre\", \"Covid positivo\", \"Covid vacuna\", \"Covid tipo vacuna\", \"Covid dosis\", \"Telefono\", \"Ocupacion\"]}}]',27,1),(210,'2022-07-04 23:06:31.649494','116','Kevin Samuel Mereño Ortiz(1083042563)',2,'[{\"changed\": {\"fields\": [\"Edad\", \"Sexo\", \"Ciudad nacimiento\", \"Fecha nacimiento\", \"Estado civil\", \"Programa academico\", \"Semestre\", \"Covid vacuna\", \"Covid tipo vacuna\", \"Covid dosis\", \"Telefono\", \"Ocupacion\"]}}]',27,1),(211,'2022-07-04 23:08:01.272320','117','Linda Esther Perez Mercado(1083027834)',2,'[{\"changed\": {\"fields\": [\"Edad\", \"Sexo\", \"Departamento nacimiento\", \"Ciudad nacimiento\", \"Fecha nacimiento\", \"Estado civil\", \"Programa academico\", \"Semestre\", \"Covid familiar\", \"Covid vacuna\", \"Covid tipo vacuna\", \"Covid dosis\", \"Telefono\", \"Ocupacion\"]}}]',27,1),(212,'2022-07-04 23:09:15.695722','118','Ever Reales(1004278076)',2,'[{\"changed\": {\"fields\": [\"Edad\", \"Sexo\", \"Ciudad nacimiento\", \"Fecha nacimiento\", \"Estado civil\", \"Programa academico\", \"Semestre\", \"Covid positivo\", \"Covid familiar\", \"Covid vacuna\", \"Covid tipo vacuna\", \"Telefono\", \"Ocupacion\"]}}]',27,1),(213,'2022-07-04 23:10:09.147258','119','Jose David Lopez(1028030207)',2,'[{\"changed\": {\"fields\": [\"Edad\", \"Sexo\", \"Departamento nacimiento\", \"Ciudad nacimiento\", \"Fecha nacimiento\", \"Estado civil\", \"Programa academico\", \"Semestre\", \"Covid familiar\", \"Covid vacuna\", \"Covid tipo vacuna\", \"Covid dosis\", \"Telefono\", \"Ocupacion\"]}}]',27,1),(214,'2022-07-04 23:10:54.153855','120','Javier Alfonso Chacon Ramirez(1116772280)',2,'[{\"changed\": {\"fields\": [\"Edad\", \"Sexo\", \"Departamento nacimiento\", \"Ciudad nacimiento\", \"Fecha nacimiento\", \"Estado civil\", \"Programa academico\", \"Semestre\", \"Covid familiar\", \"Covid vacuna\", \"Covid tipo vacuna\", \"Covid dosis\", \"Telefono\", \"Ocupacion\"]}}]',27,1),(215,'2022-07-04 23:11:51.340437','121','Jennifer Paola Quintero Perez(1004484831)',2,'[{\"changed\": {\"fields\": [\"Edad\", \"Sexo\", \"Ciudad nacimiento\", \"Fecha nacimiento\", \"Estado civil\", \"Programa academico\", \"Semestre\", \"Covid familiar\", \"Covid vacuna\", \"Covid tipo vacuna\", \"Covid dosis\", \"Telefono\", \"Ocupacion\"]}}]',27,1),(216,'2022-07-04 23:12:50.015849','122','Hector Alejandro Valle Rangel(1004095339)',2,'[{\"changed\": {\"fields\": [\"Edad\", \"Sexo\", \"Ciudad nacimiento\", \"Fecha nacimiento\", \"Estado civil\", \"Programa academico\", \"Semestre\", \"Covid familiar\", \"Covid vacuna\", \"Covid tipo vacuna\", \"Covid dosis\", \"Telefono\", \"Ocupacion\"]}}]',27,1),(217,'2022-07-04 23:13:52.280289','123','Andrés Felipe Castro Felizzola(1085170266)',2,'[{\"changed\": {\"fields\": [\"Edad\", \"Sexo\", \"Ciudad nacimiento\", \"Fecha nacimiento\", \"Programa academico\", \"Semestre\", \"Covid familiar\", \"Covid vacuna\", \"Covid tipo vacuna\", \"Covid dosis\", \"Telefono\", \"Ocupacion\"]}}]',27,1),(218,'2022-07-04 23:14:38.968424','124','Wendy Paola González Meza(1002028885)',2,'[{\"changed\": {\"fields\": [\"Sexo\", \"Departamento nacimiento\", \"Ciudad nacimiento\", \"Fecha nacimiento\", \"Estado civil\", \"Programa academico\", \"Semestre\", \"Covid familiar\", \"Covid vacuna\", \"Covid tipo vacuna\", \"Covid dosis\", \"Telefono\", \"Ocupacion\"]}}]',27,1),(219,'2022-07-04 23:15:21.877160','125','Angela Yineth Madrid Redondo(1004358769)',2,'[{\"changed\": {\"fields\": [\"Sexo\", \"Ciudad nacimiento\", \"Fecha nacimiento\", \"Estado civil\", \"Programa academico\", \"Semestre\", \"Covid familiar\", \"Covid vacuna\", \"Covid tipo vacuna\", \"Covid dosis\", \"Telefono\", \"Ocupacion\"]}}]',27,1),(220,'2022-07-04 23:16:13.788519','126','Edna Rocio Pedrozo Lucero(1085168918)',2,'[{\"changed\": {\"fields\": [\"Edad\", \"Sexo\", \"Ciudad nacimiento\", \"Fecha nacimiento\", \"Estado civil\", \"Programa academico\", \"Covid familiar\", \"Covid vacuna\", \"Covid tipo vacuna\", \"Covid dosis\", \"Telefono\", \"Ocupacion\"]}}]',27,1),(221,'2022-07-04 23:17:10.629151','127','Laura Daniela Martinez Reales(1083020136)',2,'[{\"changed\": {\"fields\": [\"Edad\", \"Sexo\", \"Departamento nacimiento\", \"Ciudad nacimiento\", \"Fecha nacimiento\", \"Estado civil\", \"Programa academico\", \"Semestre\", \"Covid positivo\", \"Covid familiar\", \"Covid vacuna\", \"Covid tipo vacuna\", \"Covid dosis\", \"Telefono\", \"Ocupacion\"]}}]',27,1),(222,'2022-07-04 23:19:33.894665','129','Sait Junior Herrera Lara(1002422394)',2,'[{\"changed\": {\"fields\": [\"Sexo\", \"Departamento nacimiento\", \"Ciudad nacimiento\", \"Fecha nacimiento\", \"Estado civil\", \"Programa academico\", \"Semestre\", \"Covid familiar\", \"Covid vacuna\", \"Covid tipo vacuna\", \"Covid dosis\", \"Telefono\", \"Ocupacion\"]}}]',27,1),(223,'2022-07-04 23:20:24.397994','130','Angela Nicoll Castrillo Fragozo(1235539702)',2,'[{\"changed\": {\"fields\": [\"Edad\", \"Sexo\", \"Departamento nacimiento\", \"Ciudad nacimiento\", \"Fecha nacimiento\", \"Estado civil\", \"Programa academico\", \"Semestre\", \"Covid familiar\", \"Covid vacuna\", \"Covid tipo vacuna\", \"Telefono\", \"Ocupacion\"]}}]',27,1),(224,'2022-07-04 23:21:10.149345','128','Luis Angel Gonzalez Bolaño(1083048494)',2,'[{\"changed\": {\"fields\": [\"Edad\", \"Sexo\", \"Ciudad nacimiento\", \"Fecha nacimiento\", \"Estado civil\", \"Programa academico\", \"Semestre\", \"Covid familiar\", \"Covid vacuna\", \"Covid tipo vacuna\", \"Covid dosis\", \"Telefono\", \"Ocupacion\"]}}]',27,1),(225,'2022-07-04 23:24:20.314336','131','Danna Fernandez(1083048413)',2,'[{\"changed\": {\"fields\": [\"Edad\", \"Sexo\", \"Ciudad nacimiento\", \"Fecha nacimiento\", \"Estado civil\", \"Programa academico\", \"Semestre\", \"Covid positivo\", \"Covid familiar\", \"Covid vacuna\", \"Covid tipo vacuna\", \"Covid dosis\", \"Telefono\", \"Ocupacion\"]}}]',27,1),(226,'2022-07-04 23:25:10.000324','132','Omar Camilo Rodriguez Casanova(1082945423)',2,'[{\"changed\": {\"fields\": [\"Sexo\", \"Ciudad nacimiento\", \"Fecha nacimiento\", \"Estado civil\", \"Programa academico\", \"Semestre\", \"Covid positivo\", \"Covid familiar\", \"Covid vacuna\", \"Covid tipo vacuna\", \"Covid dosis\", \"Telefono\", \"Ocupacion\"]}}]',27,1),(227,'2022-07-04 23:27:13.895543','133','Alex David Herrera Hernandez(1002280317)',2,'[{\"changed\": {\"fields\": [\"Edad\", \"Sexo\", \"Departamento nacimiento\", \"Ciudad nacimiento\", \"Fecha nacimiento\", \"Estado civil\", \"Programa academico\", \"Semestre\", \"Covid vacuna\", \"Covid tipo vacuna\", \"Covid dosis\", \"Telefono\", \"Ocupacion\"]}}]',27,1),(228,'2022-07-04 23:28:09.264153','134','Johan Sebastian Cortes Rios(1083047196)',2,'[{\"changed\": {\"fields\": [\"Edad\", \"Sexo\", \"Departamento nacimiento\", \"Ciudad nacimiento\", \"Fecha nacimiento\", \"Estado civil\", \"Programa academico\", \"Semestre\", \"Covid positivo\", \"Covid familiar\", \"Covid vacuna\", \"Covid tipo vacuna\", \"Covid dosis\", \"Telefono\", \"Ocupacion\"]}}]',27,1),(229,'2022-07-04 23:39:18.656246','135','Sugeis Pacheco Bolaños(1004487126)',2,'[{\"changed\": {\"fields\": [\"Edad\", \"Sexo\", \"Ciudad nacimiento\", \"Fecha nacimiento\", \"Estado civil\", \"Programa academico\", \"Semestre\", \"Covid familiar\", \"Covid vacuna\", \"Covid tipo vacuna\", \"Covid dosis\", \"Telefono\", \"Ocupacion\"]}}]',27,1),(230,'2022-07-04 23:39:40.435903','136','David Vega(1083016071)',2,'[{\"changed\": {\"fields\": [\"Ciudad nacimiento\", \"Programa academico\"]}}]',27,1),(231,'2022-07-04 23:39:55.017947','137','Loraine Cecilia Liñan Carrasquilla(1083046849)',2,'[{\"changed\": {\"fields\": [\"Ciudad nacimiento\", \"Programa academico\"]}}]',27,1),(232,'2022-07-04 23:40:43.455235','138','Angelica Biviana Fragozo Zambrano(1004461415)',2,'[{\"changed\": {\"fields\": [\"Edad\", \"Sexo\", \"Ciudad nacimiento\", \"Fecha nacimiento\", \"Estado civil\", \"Programa academico\", \"Semestre\", \"Covid familiar\", \"Covid vacuna\", \"Covid tipo vacuna\", \"Telefono\", \"Ocupacion\"]}}]',27,1),(233,'2022-07-04 23:41:33.440800','139','Cristofer Márquez Bonilla(1010029604)',2,'[{\"changed\": {\"fields\": [\"Edad\", \"Sexo\", \"Ciudad nacimiento\", \"Fecha nacimiento\", \"Estado civil\", \"Programa academico\", \"Semestre\", \"Covid positivo\", \"Covid familiar\", \"Covid vacuna\", \"Covid tipo vacuna\", \"Covid dosis\", \"Telefono\", \"Ocupacion\"]}}]',27,1),(234,'2022-07-04 23:42:29.505588','140','Evelin Rodríguez Paba(1053005710)',2,'[{\"changed\": {\"fields\": [\"Edad\", \"Sexo\", \"Departamento nacimiento\", \"Ciudad nacimiento\", \"Fecha nacimiento\", \"Estado civil\", \"Programa academico\", \"Semestre\", \"Covid positivo\", \"Covid familiar\", \"Covid vacuna\", \"Covid tipo vacuna\", \"Covid dosis\", \"Telefono\", \"Ocupacion\"]}}]',27,1),(235,'2022-07-05 00:14:55.993045','141','María Alejandra Buelvas(1007137626)',2,'[{\"changed\": {\"fields\": [\"Programa academico\", \"Is staff\"]}}]',27,1),(236,'2022-07-16 23:45:05.704546','149','Gisell Natally Álvarez Linares(1010051911)',2,'[{\"changed\": {\"fields\": [\"Programa academico\"]}}]',27,1),(237,'2022-07-17 04:51:51.321829','150','Maridey Dayana Polo Castañeda(1082860850)',2,'[{\"changed\": {\"fields\": [\"Programa academico\", \"Is controlgroup\"]}}]',27,1),(238,'2022-07-17 04:52:07.370972','151','Gustavo Adolfo Lindarte Sierra(1121529545)',2,'[{\"changed\": {\"fields\": [\"Programa academico\", \"Is controlgroup\"]}}]',27,1),(239,'2022-07-17 04:52:27.058657','152','Santiago Andres Vásquez Mercado(1082836092)',2,'[{\"changed\": {\"fields\": [\"Programa academico\", \"Is controlgroup\"]}}]',27,1),(240,'2022-07-17 04:52:35.015227','153','Taimis Fanith Caballero Rodríguez(1079914090)',2,'[{\"changed\": {\"fields\": [\"Programa academico\", \"Is controlgroup\"]}}]',27,1),(241,'2022-07-17 04:52:45.238285','154','Cristian Mateo Castro Ortiz(1004365286)',2,'[{\"changed\": {\"fields\": [\"Programa academico\", \"Is controlgroup\"]}}]',27,1),(242,'2022-07-17 14:58:02.695987','101','Eyleen Dayana Cardenas Gutierrez(1007783232)',2,'[{\"changed\": {\"fields\": [\"Password\"]}}]',27,1),(243,'2022-07-22 19:53:13.480449','155','Miguel Angel Martelo Ramirez(1083024428)',2,'[{\"changed\": {\"fields\": [\"Programa academico\", \"Is controlgroup\"]}}]',27,1),(244,'2022-08-31 20:16:08.747004','158','Danay Vanessa Pardo Bermúdez(1083018407)',1,'[{\"added\": {}}]',27,1),(245,'2022-08-31 20:17:02.197746','156','Danna Lozano Caselles(1003174601)',2,'[{\"changed\": {\"fields\": [\"Is controlgroup\"]}}]',27,1),(246,'2022-08-31 23:51:51.758420','160','Danay Vanessa Pardo Bermúdez(1083018407)',2,'[{\"changed\": {\"fields\": [\"Programa academico\", \"Is controlgroup\"]}}]',27,1),(247,'2022-09-23 21:01:30.823012','161','Geisy SanJuan Cáceres(1080421710)',2,'[{\"changed\": {\"fields\": [\"Programa academico\"]}}]',27,1);
/*!40000 ALTER TABLE `django_admin_log` ENABLE KEYS */;
UNLOCK TABLES;

--
-- Table structure for table `django_content_type`
--

DROP TABLE IF EXISTS `django_content_type`;
/*!40101 SET @saved_cs_client     = @@character_set_client */;
/*!50503 SET character_set_client = utf8mb4 */;
CREATE TABLE `django_content_type` (
  `id` int NOT NULL AUTO_INCREMENT,
  `app_label` varchar(100) NOT NULL,
  `model` varchar(100) NOT NULL,
  PRIMARY KEY (`id`),
  UNIQUE KEY `django_content_type_app_label_model_76bd3d3b_uniq` (`app_label`,`model`)
) ENGINE=MyISAM AUTO_INCREMENT=29 DEFAULT CHARSET=utf8mb3;
/*!40101 SET character_set_client = @saved_cs_client */;

--
-- Dumping data for table `django_content_type`
--

LOCK TABLES `django_content_type` WRITE;
/*!40000 ALTER TABLE `django_content_type` DISABLE KEYS */;
INSERT INTO `django_content_type` VALUES (1,'corsheaders','corsmodel'),(2,'admin','logentry'),(3,'auth','permission'),(4,'auth','group'),(5,'auth','user'),(6,'contenttypes','contenttype'),(7,'sessions','session'),(8,'api','viewpreguntarespuesta'),(9,'api','viewrespuestaencuestas'),(10,'api','avancemodulos'),(11,'api','clasificacion'),(12,'api','definiciones'),(13,'api','encuesta'),(14,'api','escolaridad'),(15,'api','estado_civil'),(16,'api','personal'),(17,'api','pregunta'),(18,'api','preguntarespuesta'),(19,'api','respuesta'),(20,'api','seccionemocional'),(21,'api','sexo'),(22,'api','usuario'),(23,'api','usuarioencuesta'),(24,'api','usuariorespuesta'),(25,'api','emocion'),(26,'api','definicionesusuario'),(27,'authentication','usuarios'),(28,'api','programaacademico');
/*!40000 ALTER TABLE `django_content_type` ENABLE KEYS */;
UNLOCK TABLES;

--
-- Table structure for table `django_migrations`
--

DROP TABLE IF EXISTS `django_migrations`;
/*!40101 SET @saved_cs_client     = @@character_set_client */;
/*!50503 SET character_set_client = utf8mb4 */;
CREATE TABLE `django_migrations` (
  `id` bigint NOT NULL AUTO_INCREMENT,
  `app` varchar(255) NOT NULL,
  `name` varchar(255) NOT NULL,
  `applied` datetime(6) NOT NULL,
  PRIMARY KEY (`id`)
) ENGINE=MyISAM AUTO_INCREMENT=37 DEFAULT CHARSET=utf8mb3;
/*!40101 SET character_set_client = @saved_cs_client */;

--
-- Dumping data for table `django_migrations`
--

LOCK TABLES `django_migrations` WRITE;
/*!40000 ALTER TABLE `django_migrations` DISABLE KEYS */;
INSERT INTO `django_migrations` VALUES (1,'contenttypes','0001_initial','2022-06-10 19:21:30.079237'),(2,'auth','0001_initial','2022-06-10 19:21:30.410349'),(3,'admin','0001_initial','2022-06-10 19:21:30.509084'),(4,'admin','0002_logentry_remove_auto_add','2022-06-10 19:21:30.517064'),(5,'admin','0003_logentry_add_action_flag_choices','2022-06-10 19:21:30.524044'),(6,'api','0001_initial','2022-06-10 19:21:31.131983'),(7,'authentication','0001_initial','2022-06-10 19:21:31.276071'),(8,'api','0002_initial','2022-06-10 19:21:31.326936'),(9,'contenttypes','0002_remove_content_type_name','2022-06-10 19:21:31.395752'),(10,'auth','0002_alter_permission_name_max_length','2022-06-10 19:21:31.423677'),(11,'auth','0003_alter_user_email_max_length','2022-06-10 19:21:31.451602'),(12,'auth','0004_alter_user_username_opts','2022-06-10 19:21:31.460578'),(13,'auth','0005_alter_user_last_login_null','2022-06-10 19:21:31.489501'),(14,'auth','0006_require_contenttypes_0002','2022-06-10 19:21:31.491496'),(15,'auth','0007_alter_validators_add_error_messages','2022-06-10 19:21:31.498477'),(16,'auth','0008_alter_user_username_max_length','2022-06-10 19:21:31.528396'),(17,'auth','0009_alter_user_last_name_max_length','2022-06-10 19:21:31.556322'),(18,'auth','0010_alter_group_name_max_length','2022-06-10 19:21:31.619153'),(19,'auth','0011_update_proxy_permissions','2022-06-10 19:21:31.664074'),(20,'auth','0012_alter_user_first_name_max_length','2022-06-10 19:21:31.691959'),(21,'corsheaders','0001_initial','2022-06-10 19:21:31.698940'),(22,'corsheaders','0002_alter_corsmodel_id','2022-06-10 19:21:31.722877'),(23,'sessions','0001_initial','2022-06-10 19:21:31.749805'),(24,'authentication','0002_alter_usuarios_covid_dosis_and_more','2022-06-17 02:01:37.369637'),(25,'authentication','0003_rename_lugar_nacimiento_usuarios_ciudad_nacimiento_and_more','2022-06-17 02:14:52.621151'),(26,'api','0003_delete_viewpreguntarespuesta_and_more','2022-06-30 05:03:53.901404'),(27,'api','0004_delete_seccionemocional','2022-06-30 05:11:13.103314'),(28,'api','0005_rename_diagnostico_avancemodulos_autoevaluativo','2022-07-01 19:36:53.143227'),(29,'api','0006_programaacademico','2022-07-04 17:35:50.293840'),(30,'authentication','0004_remove_usuarios_sexo_alter_usuarios_programa','2022-07-04 18:18:12.073265'),(31,'authentication','0005_usuarios_sexo','2022-07-04 18:18:49.613707'),(32,'authentication','0006_alter_usuarios_sexo','2022-07-04 18:24:04.462300'),(33,'authentication','0002_alter_usuarios_programa','2022-07-04 20:07:27.911606'),(34,'authentication','0004_usuarios_programa_academico','2022-07-04 20:32:18.619503'),(35,'api','0007_avancemodulos_fecha','2022-08-07 19:06:42.981342'),(36,'api','0008_rename_cognitivo_avancemodulos_piensalo','2022-08-08 03:01:15.040651');
/*!40000 ALTER TABLE `django_migrations` ENABLE KEYS */;
UNLOCK TABLES;

--
-- Table structure for table `django_session`
--

DROP TABLE IF EXISTS `django_session`;
/*!40101 SET @saved_cs_client     = @@character_set_client */;
/*!50503 SET character_set_client = utf8mb4 */;
CREATE TABLE `django_session` (
  `session_key` varchar(40) NOT NULL,
  `session_data` longtext NOT NULL,
  `expire_date` datetime(6) NOT NULL,
  PRIMARY KEY (`session_key`),
  KEY `django_session_expire_date_a5c62663` (`expire_date`)
) ENGINE=MyISAM DEFAULT CHARSET=utf8mb3;
/*!40101 SET character_set_client = @saved_cs_client */;

--
-- Dumping data for table `django_session`
--

LOCK TABLES `django_session` WRITE;
/*!40000 ALTER TABLE `django_session` DISABLE KEYS */;
INSERT INTO `django_session` VALUES ('h0xbw2tah5djbgbkld31wy09f2z4ms5u','.eJxVjDkOwjAUBe_iGlnxHlPScwbrLzYOIEeKkwpxd4iUAto3M-8lEmxrTVvPS5pYnIUSp98NgR657YDv0G6zpLmty4RyV-RBu7zOnJ-Xw_07qNDrt8aBiiquqBExFlPsgIEckxmd94Y46qKALdtonHWOQYcMCiySDTpoL94fAHA4Lg:1nzkCq:8G1wQrJmOUrRM3Hvi1BaleUu5i4SMufZzOJB1ditAvs','2022-06-24 19:22:04.539805'),('8awpqa0d6ead3n8b6zmwhvif22px7w7v','.eJxVjDkOwjAUBe_iGlnxHlPScwbrLzYOIEeKkwpxd4iUAto3M-8lEmxrTVvPS5pYnIUSp98NgR657YDv0G6zpLmty4RyV-RBu7zOnJ-Xw_07qNDrt8aBiiquqBExFlPsgIEckxmd94Y46qKALdtonHWOQYcMCiySDTpoL94fAHA4Lg:1nzqGs:dAkgWnvwEc_a4uUpZ3GJGDq2RwBm6OLg_YQdjmI04vs','2022-06-25 01:50:38.788064'),('iej5eswe9se9oca6i1ozf823i0tadtgb','.eJxVjDkOwjAUBe_iGlnxHlPScwbrLzYOIEeKkwpxd4iUAto3M-8lEmxrTVvPS5pYnIUSp98NgR657YDv0G6zpLmty4RyV-RBu7zOnJ-Xw_07qNDrt8aBiiquqBExFlPsgIEckxmd94Y46qKALdtonHWOQYcMCiySDTpoL94fAHA4Lg:1o4W2v:nWjuDjFLu5lDlVLNz5HuLEKIMc5LL3JMvfLgu4YU3e8','2022-07-07 23:15:33.786719'),('uywqyahtgtof7wp8zb5ch4i48x5gsep1','.eJxVjDkOwjAUBe_iGlnxHlPScwbrLzYOIEeKkwpxd4iUAto3M-8lEmxrTVvPS5pYnIUSp98NgR657YDv0G6zpLmty4RyV-RBu7zOnJ-Xw_07qNDrt8aBiiquqBExFlPsgIEckxmd94Y46qKALdtonHWOQYcMCiySDTpoL94fAHA4Lg:1o59bW:5fxlXtp-B9-dgF29iQipJVdtk5OWLj9H3VLdCxAUNuc','2022-07-09 17:29:54.641931'),('8uuvf82nbzmh5yngj07xw8a0ylei5vu9','.eJxVjDkOwjAUBe_iGlnxHlPScwbrLzYOIEeKkwpxd4iUAto3M-8lEmxrTVvPS5pYnIUSp98NgR657YDv0G6zpLmty4RyV-RBu7zOnJ-Xw_07qNDrt8aBiiquqBExFlPsgIEckxmd94Y46qKALdtonHWOQYcMCiySDTpoL94fAHA4Lg:1o5O9i:SRydrITFl_8y0qSDCECRHzz8NhFgkhss8yAZUXLeV9M','2022-07-10 09:02:10.381304'),('yo072drnmyb255zpz3tqvf8sf85b9fxs','.eJxVjDkOwjAUBe_iGlnxHlPScwbrLzYOIEeKkwpxd4iUAto3M-8lEmxrTVvPS5pYnIUSp98NgR657YDv0G6zpLmty4RyV-RBu7zOnJ-Xw_07qNDrt8aBiiquqBExFlPsgIEckxmd94Y46qKALdtonHWOQYcMCiySDTpoL94fAHA4Lg:1o7Bwn:1Cf5EK9b8_XP4Js0KxXi1HxclALrGMV05j9bqlQ8giE','2022-07-15 08:24:17.318323'),('w0v2uveopvppqmwha73w2b19gq6a2cs4','.eJxVjDkOwjAUBe_iGlnxHlPScwbrLzYOIEeKkwpxd4iUAto3M-8lEmxrTVvPS5pYnIUSp98NgR657YDv0G6zpLmty4RyV-RBu7zOnJ-Xw_07qNDrt8aBiiquqBExFlPsgIEckxmd94Y46qKALdtonHWOQYcMCiySDTpoL94fAHA4Lg:1o7JlM:xbs9K2bkfPjagjIc54idgydqvc2vUp9geGFGC5klNJ4','2022-07-15 16:45:00.685288'),('nxpxvoa8fmlymvqju22dnu07psnskwzj','.eJxVjDkOwjAUBe_iGlnxHlPScwbrLzYOIEeKkwpxd4iUAto3M-8lEmxrTVvPS5pYnIUSp98NgR657YDv0G6zpLmty4RyV-RBu7zOnJ-Xw_07qNDrt8aBiiquqBExFlPsgIEckxmd94Y46qKALdtonHWOQYcMCiySDTpoL94fAHA4Lg:1o7P6L:AKFAbpB-QwPF-YoH3MSUQNTAF-aLcjNA0QTvj7Qne2s','2022-07-15 22:27:01.695597'),('iuihqucd7321r7lyf9ibgjlgmrjvghsl','.eJxVjDkOwjAUBe_iGlnxHlPScwbrLzYOIEeKkwpxd4iUAto3M-8lEmxrTVvPS5pYnIUSp98NgR657YDv0G6zpLmty4RyV-RBu7zOnJ-Xw_07qNDrt8aBiiquqBExFlPsgIEckxmd94Y46qKALdtonHWOQYcMCiySDTpoL94fAHA4Lg:1o83HE:eR05gqoPIkvhubMqjoo0_rk2T1nphVTz4PEDD-oRHUw','2022-07-17 17:20:56.316139'),('0j0jd6y2mw5jatj8lwld4702f4aco1kt','.eJxVjDkOwjAUBe_iGlnxHlPScwbrLzYOIEeKkwpxd4iUAto3M-8lEmxrTVvPS5pYnIUSp98NgR657YDv0G6zpLmty4RyV-RBu7zOnJ-Xw_07qNDrt8aBiiquqBExFlPsgIEckxmd94Y46qKALdtonHWOQYcMCiySDTpoL94fAHA4Lg:1o8SVV:h0Zb6oMFuVe55pUQBVeMkboDWDimJ23VJ6UGR35Yu2A','2022-07-18 20:17:21.011699'),('65rcxxgsnjzmqphbey6ipvdb4osk803h','.eJxVjDkOwjAUBe_iGlnxHlPScwbrLzYOIEeKkwpxd4iUAto3M-8lEmxrTVvPS5pYnIUSp98NgR657YDv0G6zpLmty4RyV-RBu7zOnJ-Xw_07qNDrt8aBiiquqBExFlPsgIEckxmd94Y46qKALdtonHWOQYcMCiySDTpoL94fAHA4Lg:1oCrQz:Uf84jVqffz-4HRA8Ioz0RwSLrlNSsmkPWb05VDsQMdI','2022-07-30 23:42:53.480100'),('vkg8v06wauzy0bv31g6z15s1d6wgxmte','.eJxVjDkOwjAUBe_iGlnxHlPScwbrLzYOIEeKkwpxd4iUAto3M-8lEmxrTVvPS5pYnIUSp98NgR657YDv0G6zpLmty4RyV-RBu7zOnJ-Xw_07qNDrt8aBiiquqBExFlPsgIEckxmd94Y46qKALdtonHWOQYcMCiySDTpoL94fAHA4Lg:1oTU5t:p2Ef35mFG7kPiUzpbAUGxtZJHS5-QxDfk3eYVzDz2Xk','2022-09-14 20:13:49.873575'),('8hy9zbn8v5ivzuykp4r1zw1lqiem1lsk','.eJxVjDkOwjAUBe_iGlnxHlPScwbrLzYOIEeKkwpxd4iUAto3M-8lEmxrTVvPS5pYnIUSp98NgR657YDv0G6zpLmty4RyV-RBu7zOnJ-Xw_07qNDrt8aBiiquqBExFlPsgIEckxmd94Y46qKALdtonHWOQYcMCiySDTpoL94fAHA4Lg:1oTXUH:DdTPP2_Zmm1rlRWk9zVTBDx1gvIuF9Ruu0dwugQdQP0','2022-09-14 23:51:13.787538'),('ehqpuo0jlbkd36uko2eskozs6ikas5tg','.eJxVjDkOwjAUBe_iGlnxHlPScwbrLzYOIEeKkwpxd4iUAto3M-8lEmxrTVvPS5pYnIUSp98NgR657YDv0G6zpLmty4RyV-RBu7zOnJ-Xw_07qNDrt8aBiiquqBExFlPsgIEckxmd94Y46qKALdtonHWOQYcMCiySDTpoL94fAHA4Lg:1obpnO:i3el87JTMH8EqaR_G_Yffc7dyh6fglTAyjkL2f6d91U','2022-10-07 21:01:14.966664');
/*!40000 ALTER TABLE `django_session` ENABLE KEYS */;
UNLOCK TABLES;

--
-- Table structure for table `encuesta`
--

DROP TABLE IF EXISTS `encuesta`;
/*!40101 SET @saved_cs_client     = @@character_set_client */;
/*!50503 SET character_set_client = utf8mb4 */;
CREATE TABLE `encuesta` (
  `id_encuesta` int NOT NULL AUTO_INCREMENT,
  `nombre` varchar(45) NOT NULL,
  `descripcion` longtext,
  `colorHex` varchar(30) NOT NULL,
  PRIMARY KEY (`id_encuesta`)
) ENGINE=MyISAM AUTO_INCREMENT=8 DEFAULT CHARSET=utf8mb3;
/*!40101 SET character_set_client = @saved_cs_client */;

--
-- Dumping data for table `encuesta`
--

LOCK TABLES `encuesta` WRITE;
/*!40000 ALTER TABLE `encuesta` DISABLE KEYS */;
INSERT INTO `encuesta` VALUES (3,'Ansiedad','A continuación, encontrará algunas afirmaciones. Lea atentamente cada frase indique por favor el grado de acuerdo o desacuerdo con respecto a las mismas. Señale con una “X” la respuesta que más se aproxime a sus preferencias. Responda en relación como se ha sentido durante los últimos quince días (dos semanas más recientes)','#114caf'),(4,'Depresión','A continuación, encontrará algunas afirmaciones. Lea atentamente cada frase indique por favor el grado de acuerdo o desacuerdo con respecto a las mismas. Señale con una “X” la respuesta que más se aproxime a sus preferencias.\r\nResponda en relación como se ha sentido durante los últimos quince días (dos semanas más recientes)\r\n','#156fcc'),(5,'Escala de Inteligencia Emocional','En este cuestionario encontrarás algunas afirmaciones sobre tus emociones y sentimientos. Lea atentamente cada afirmación e indique el grado de acuerdo o desacuerdo con cada una de ellas marcando con una X el número que más se acerque a sus preferencias.\r\nTen siempre presente que no hay respuestas correctas o incorrectas, ni buenas o malas. No pase demasiado tiempo pensando en cada respuesta.\r\n','#475fc8'),(6,'Escala de Estrés Percibido ','Las preguntas en esta escala hacen referencia a sus sentimientos y pensamientos durante el último mes. En cada caso, por favor indique con una “X” cómo usted se ha sentido o ha pensado en cada situación.','#cf45a5'),(7,'Inventario de Pensamientos Automáticos ','A continuación, encontraras una lista de pensamientos que suelen presentar las personas ante diversas situaciones. Se trata de que valores la frecuencia con que sueles pensarlos, siguiendo la escala que se te presenta a continuación:','#1c8caf');
/*!40000 ALTER TABLE `encuesta` ENABLE KEYS */;
UNLOCK TABLES;

--
-- Table structure for table `pregunta`
--

DROP TABLE IF EXISTS `pregunta`;
/*!40101 SET @saved_cs_client     = @@character_set_client */;
/*!50503 SET character_set_client = utf8mb4 */;
CREATE TABLE `pregunta` (
  `id_pregunta` int NOT NULL AUTO_INCREMENT,
  `pregunta` longtext NOT NULL,
  `itemID` int DEFAULT NULL,
  `id_encuesta` int NOT NULL,
  PRIMARY KEY (`id_pregunta`),
  KEY `pregunta_id_encuesta_7dbe74bf` (`id_encuesta`)
) ENGINE=MyISAM AUTO_INCREMENT=126 DEFAULT CHARSET=utf8mb3;
/*!40101 SET character_set_client = @saved_cs_client */;

--
-- Dumping data for table `pregunta`
--

LOCK TABLES `pregunta` WRITE;
/*!40000 ALTER TABLE `pregunta` DISABLE KEYS */;
INSERT INTO `pregunta` VALUES (18,'No pude dejar de estar triste a pesar de la ayuda de amigos y familiares',1,4),(19,'Me sentí deprimido (a)',2,4),(20,'Pensé que mi vida ha sido un fracaso',3,4),(21,'Me sentí nervioso',4,4),(22,'Estuve feliz',5,4),(23,'Me sentí solo (a)',6,4),(24,'Disfruté la vida',7,4),(25,'Tuve crisis de llanto',8,4),(26,'Me sentí triste',9,4),(27,'Sentí que no podía seguir adelante',10,4),(28,'Me siento más nervioso y ansioso que de costumbre.',1,3),(29,'Me da miedo sin razón alguna.',2,3),(30,'Me enojo fácilmente o siento pánico.',3,3),(31,'Siento que me estoy desmoronando.',4,3),(32,'Mis brazos y piernas tiemblan.',5,3),(33,'Me molestan los dolores de cabeza, cuello y dolor de espalda.',6,3),(34,'Me siento débil y me canso fácilmente.',7,3),(35,'Puedo sentir mi corazón latir rápido.',8,3),(36,'Me molestan los mareos.',9,3),(37,'Tengo desmayos o sensación de desmayos.',10,3),(38,'Tengo sensación de entumecimiento y hormigueo en mis dedos de manos y pies.',11,3),(39,'Me molestan los dolores de estómago o la indigestión.',12,3),(40,'Tengo que vaciar mi vejiga con frecuencia.',13,3),(41,'Se me calienta la cara y se me pone enrojecida.',14,3),(42,'Tengo pesadillas.',15,3),(43,'Presto mucha atención a mis sentimientos. ',1,5),(44,'Me preocupan mucho mis sentimientos',2,5),(45,'Me resulta útil pensar en mis emociones.',3,5),(46,'Vale la pena prestar atención a mis emociones y estados de ánimo.',4,5),(47,'Dejo que mis sentimientos se interpongan en mis pensamientos.',5,5),(48,'Pienso constantemente en mi estado de ánimo. ',6,5),(49,'A menudo pienso en mis sentimientos.',7,5),(50,'Presto mucha atención a lo que siento.  ',8,5),(51,'Suelo saber lo que siento',9,5),(52,'A menudo puedo saber lo que siento.',10,5),(53,'Casi siempre sé exactamente lo que siento.',11,5),(54,'Suelo conocer mis sentimientos sobre las personas o cualquier tema',12,5),(55,'A menudo soy consciente de lo que siento sobre cualquier tema.',13,5),(56,'Siempre puedo decir lo que siento.',14,5),(57,'A veces puedo decir lo que siento.',15,5),(58,'Puedo entender lo que siento.',16,5),(59,'Aunque a veces estoy triste, casi siempre tengo una actitud optimista.',17,5),(60,'Aunque me sienta mal, intento pensar en cosas bonitas.',18,5),(61,'Cuando me aburro, pienso en las cosas agradables de la vida.',19,5),(62,'Intento tener pensamientos positivos aunque me sienta mal.',20,5),(63,'Si siento que estoy perdiendo la cabeza, intento calmarme.',21,5),(64,'Me preocupo por mantener un buen estado de ánimo.',22,5),(65,'Siempre tengo mucha energía cuando soy feliz.',23,5),(66,'Cuando estoy enfadado, intento cambiar mi estado de ánimo.',24,5),(67,'En el último mes, ¿con qué frecuencia ha estado afectado por algo que ha ocurrido inesperadamente?',1,6),(68,'En el último mes, ¿con qué frecuencia se ha sentido incapaz de controlar las cosas importantes en su vida?',2,6),(69,'En el último mes, ¿con qué frecuencia se ha sentido nervioso o estresado?',3,6),(70,'En el último mes, ¿con qué frecuencia ha manejado con éxito los pequeños problemas irritantes de la vida?',4,6),(71,'En el último mes, ¿con qué frecuencia ha sentido que ha afrontado con eficacia los cambios importantes que han estado ocurriendo en su vida?',5,6),(72,'En el último mes, ¿con qué frecuencia ha estado seguro sobre su capacidad para manejar sus problemas personales?',6,6),(73,'En el último mes, ¿con qué frecuencia ha sentido que las cosas le van bien?',7,6),(74,'En el último mes, ¿con qué frecuencia ha sentido que no podía afrontar todas las cosas que tenía que hacer?',8,6),(75,'En el último mes, ¿con qué frecuencia ha podido controlar las dificultades de su vida?',9,6),(76,'En el último mes, ¿con qué frecuencia se ha sentido que tenía todo bajo control?',10,6),(77,'En el último mes, ¿con qué frecuencia ha estado enfadado porque las cosas que le han ocurrido estaban fuera de su control?',11,6),(78,'En el último mes, ¿con qué frecuencia ha pensado sobre las cosas que le quedan por hacer?',12,6),(79,'En el último mes, ¿con qué frecuencia ha podido controlar la forma de invertir su tiempo?',13,6),(80,'En el último mes, ¿con qué frecuencia ha sentido que las dificultades se acumulan tanto que no puede superarlas?',14,6),(81,'No puedo soportar ciertas cosas que me pasan',1,7),(82,'Solamente me pasan cosas malas',2,7),(83,'Todo lo que hago me sale mal',3,7),(84,'Sé que piensan mal de mi',4,7),(85,'¿Y si tengo alguna enfermedad grave?',5,7),(86,'Soy inferior a la gente en casi todo',6,7),(87,'Si otros cambiaran su actitud yo me sentiría mejor',7,7),(88,'¡No hay derecho a que me traten así!',8,7),(89,'Si me siento triste es porque soy un enfermo mental',9,7),(90,'Mis problemas dependen de los que me rodean',10,7),(91,'Soy un desastre como persona',11,7),(92,'Yo tengo la culpa de todo lo que me pasa',12,7),(93,'Debería de estar bien y no tener estos problemas',13,7),(94,'Sé que tengo la razón y no me entienden',14,7),(95,'Aunque ahora sufra, algún día tendré mi recompensa',15,7),(96,'Es horrible que me pase esto',16,7),(97,'Mi vida es un continuo fracaso',17,7),(98,'Siempre tendré este problema',18,7),(99,'Sé que me están mintiendo y engañando',19,7),(100,'¿Y si me vuelvo loco y pierdo la cabeza?',20,7),(101,'Soy superior a la gente en casi todo',21,7),(102,'Yo soy responsable del sufrimiento de los que me rodean',22,7),(103,'Si me quisieran de verdad no me tratarían así',23,7),(104,'Me siento culpable y es porque he hecho algo malo',24,7),(105,'Si tuviera más apoyo no tendría estos problemas',25,7),(106,'Alguien que conozco es un imbécil',26,7),(107,'Otros tienen la culpa de lo que me pasa',27,7),(108,'No debería de cometer estos errores',28,7),(109,'No quiere reconocer que estoy en lo cierto',29,7),(110,'Ya vendrán mejores tiempos',30,7),(111,'Es insoportable no puedo aguantar mas',31,7),(112,'Soy incompetente e inútil',32,7),(113,'Nunca podré salir de esta situación',33,7),(114,'Quieren hacerme daño',34,7),(115,'Y, ¿si les pasa algo malo a las personas que quiero?',35,7),(116,'La gente hace las cosas mejor que yo',36,7),(117,'Soy una víctima de mis circunstancias',37,7),(118,'No me tratan como deberían hacerlo y me lo merezco',38,7),(119,'Si tengo estos síntomas es porque soy un enfermo',39,7),(120,'Si tuviera mejor situación económica no tendría estos problemas',40,7),(121,'Soy un neurótico',41,7),(122,'Lo que me pasa es un castigo que merezco',42,7),(123,'Debería recibir más atención y cariño de otros',43,7),(124,'Tengo razón y voy a hacer lo que me da la gana',44,7),(125,'Tarde o temprano irán las cosas mejor',45,7);
/*!40000 ALTER TABLE `pregunta` ENABLE KEYS */;
UNLOCK TABLES;

--
-- Table structure for table `pregunta_respuesta`
--

DROP TABLE IF EXISTS `pregunta_respuesta`;
/*!40101 SET @saved_cs_client     = @@character_set_client */;
/*!50503 SET character_set_client = utf8mb4 */;
CREATE TABLE `pregunta_respuesta` (
  `id_pregunta_respuesta` int NOT NULL AUTO_INCREMENT,
  `orden` int NOT NULL,
  `id_pregunta` int NOT NULL,
  `id_respuesta` int NOT NULL,
  PRIMARY KEY (`id_pregunta_respuesta`),
  KEY `pregunta_respuesta_id_pregunta_cb782ae2` (`id_pregunta`),
  KEY `pregunta_respuesta_id_respuesta_465c14db` (`id_respuesta`)
) ENGINE=MyISAM AUTO_INCREMENT=491 DEFAULT CHARSET=utf8mb3;
/*!40101 SET character_set_client = @saved_cs_client */;

--
-- Dumping data for table `pregunta_respuesta`
--

LOCK TABLES `pregunta_respuesta` WRITE;
/*!40000 ALTER TABLE `pregunta_respuesta` DISABLE KEYS */;
INSERT INTO `pregunta_respuesta` VALUES (21,1,18,1),(22,2,18,2),(23,3,18,3),(24,4,18,4),(25,1,19,1),(26,2,19,2),(27,3,19,3),(28,4,19,4),(29,1,20,1),(30,2,20,2),(31,3,20,3),(32,4,20,4),(33,1,21,1),(34,2,21,2),(35,3,21,3),(36,4,21,4),(37,1,22,5),(38,2,22,6),(39,3,22,7),(40,4,22,8),(41,1,23,1),(42,2,23,2),(43,3,23,3),(44,4,23,4),(45,1,24,5),(46,2,24,6),(47,3,24,7),(48,4,24,8),(49,1,25,1),(50,2,25,2),(51,3,25,3),(52,4,25,4),(53,1,26,1),(54,2,26,2),(55,3,26,3),(56,4,26,4),(57,1,27,1),(58,2,27,2),(59,3,27,3),(60,4,27,4),(61,1,28,1),(62,2,28,2),(63,3,28,3),(64,4,28,4),(65,1,29,1),(66,2,29,2),(67,3,29,3),(68,4,29,4),(69,1,30,1),(70,2,30,2),(71,3,30,3),(72,4,30,4),(73,1,31,1),(74,2,31,2),(75,3,31,3),(76,4,31,4),(77,1,32,1),(78,2,32,2),(79,3,32,3),(80,4,32,4),(81,1,33,1),(82,2,33,2),(83,3,33,3),(84,4,33,4),(85,1,34,1),(86,2,34,2),(87,3,34,3),(88,4,34,4),(89,1,35,1),(90,2,35,2),(91,3,35,3),(92,4,35,4),(93,1,36,1),(94,2,36,2),(95,3,36,3),(96,4,36,4),(97,1,37,1),(98,2,37,2),(99,3,37,3),(100,4,37,4),(101,1,38,1),(102,2,38,2),(103,3,38,3),(104,4,38,4),(105,1,39,1),(106,2,39,2),(107,3,39,3),(108,4,39,4),(109,1,40,1),(110,2,40,2),(111,3,40,3),(112,4,40,4),(113,1,41,1),(114,2,41,2),(115,3,41,3),(116,4,41,4),(117,1,42,1),(118,2,42,2),(119,3,42,3),(120,4,42,4),(121,1,43,9),(122,2,43,10),(123,3,43,11),(124,4,43,12),(125,5,43,13),(126,1,44,9),(127,2,44,10),(128,3,44,11),(129,4,44,12),(130,5,44,13),(131,1,45,9),(132,2,45,10),(133,3,45,11),(134,4,45,12),(135,5,45,13),(136,1,46,9),(137,2,46,10),(138,3,46,11),(139,4,46,12),(140,5,46,13),(141,1,47,9),(142,2,47,10),(143,3,47,11),(144,4,47,12),(145,5,47,13),(146,1,48,9),(147,2,48,10),(148,3,48,11),(149,4,48,12),(150,5,48,13),(151,1,49,9),(152,2,49,10),(153,3,49,11),(154,4,49,12),(155,5,49,13),(156,1,50,9),(157,2,50,10),(158,3,50,11),(159,4,50,12),(160,5,50,13),(161,1,51,9),(162,2,51,10),(163,3,51,11),(164,4,51,12),(165,5,51,13),(166,1,52,9),(167,2,52,10),(168,3,52,11),(169,4,52,12),(170,5,52,13),(171,1,53,9),(172,2,53,10),(173,3,53,11),(174,4,53,12),(175,5,53,13),(176,1,54,9),(177,2,54,10),(178,3,54,11),(179,4,54,12),(180,5,54,13),(181,1,55,9),(182,2,55,10),(183,3,55,11),(184,4,55,12),(185,5,55,13),(186,1,56,9),(187,2,56,10),(188,3,56,11),(189,4,56,12),(190,5,56,13),(191,1,57,9),(192,2,57,10),(193,3,57,11),(194,4,57,12),(195,5,57,13),(196,1,58,9),(197,2,58,10),(198,3,58,11),(199,4,58,12),(200,5,58,13),(201,1,59,9),(202,2,59,10),(203,3,59,11),(204,4,59,12),(205,5,59,13),(206,1,60,9),(207,2,60,10),(208,3,60,11),(209,4,60,12),(210,5,60,13),(211,1,61,9),(212,2,61,10),(213,3,61,11),(214,4,61,12),(215,5,61,13),(216,1,62,9),(217,2,62,10),(218,3,62,11),(219,4,62,12),(220,5,62,13),(221,1,63,9),(222,2,63,10),(223,3,63,11),(224,4,63,12),(225,5,63,13),(226,1,64,9),(227,2,64,10),(228,3,64,11),(229,4,64,12),(230,5,64,13),(231,1,65,9),(232,2,65,10),(233,3,65,11),(234,4,65,12),(235,5,65,13),(236,1,66,9),(237,2,66,10),(238,3,66,11),(239,4,66,12),(240,5,66,13),(241,1,67,14),(242,2,67,15),(243,3,67,16),(244,4,67,17),(245,5,67,18),(246,1,68,14),(247,2,68,15),(248,3,68,16),(249,4,68,17),(250,5,68,18),(251,1,69,14),(252,2,69,15),(253,3,69,16),(254,4,69,17),(255,5,69,18),(256,1,70,19),(257,2,70,20),(258,3,70,21),(259,4,70,22),(260,5,70,23),(261,1,71,19),(262,2,71,20),(263,3,71,21),(264,4,71,22),(265,5,71,23),(266,1,72,19),(267,2,72,20),(268,3,72,21),(269,4,72,22),(270,5,72,23),(271,1,73,19),(272,2,73,20),(273,3,73,21),(274,4,73,22),(275,5,73,23),(276,1,74,14),(277,2,74,15),(278,3,74,16),(279,4,74,17),(280,5,74,18),(281,1,75,19),(282,2,75,20),(283,3,75,21),(284,4,75,22),(285,5,75,23),(286,1,76,19),(287,2,76,20),(288,3,76,21),(289,4,76,22),(290,5,76,23),(291,1,77,14),(292,2,77,15),(293,3,77,16),(294,4,77,17),(295,5,77,18),(296,1,78,14),(297,2,78,15),(298,3,78,16),(299,4,78,17),(300,5,78,18),(301,1,79,19),(302,2,79,20),(303,3,79,21),(304,4,79,22),(305,5,79,23),(306,1,80,14),(307,2,80,15),(308,3,80,16),(309,4,80,17),(310,5,80,18),(311,1,81,24),(312,2,81,25),(313,3,81,26),(314,4,81,27),(315,1,82,24),(316,2,82,25),(317,3,82,26),(318,4,82,27),(319,1,83,24),(320,2,83,25),(321,3,83,26),(322,4,83,27),(323,1,84,24),(324,2,84,25),(325,3,84,26),(326,4,84,27),(327,1,85,24),(328,2,85,25),(329,3,85,26),(330,4,85,27),(331,1,86,24),(332,2,86,25),(333,3,86,26),(334,4,86,27),(335,1,87,24),(336,2,87,25),(337,3,87,26),(338,4,87,27),(339,1,88,24),(340,2,88,25),(341,3,88,26),(342,4,88,27),(343,1,89,24),(344,2,89,25),(345,3,89,26),(346,4,89,27),(347,1,90,24),(348,2,90,25),(349,3,90,26),(350,4,90,27),(351,1,91,24),(352,2,91,25),(353,3,91,26),(354,4,91,27),(355,1,92,24),(356,2,92,25),(357,3,92,26),(358,4,92,27),(359,1,93,24),(360,2,93,25),(361,3,93,26),(362,4,93,27),(363,1,94,24),(364,2,94,25),(365,3,94,26),(366,4,94,27),(367,1,95,24),(368,2,95,25),(369,3,95,26),(370,4,95,27),(371,1,96,24),(372,2,96,25),(373,3,96,26),(374,4,96,27),(375,1,97,24),(376,2,97,25),(377,3,97,26),(378,4,97,27),(379,1,98,24),(380,2,98,25),(381,3,98,26),(382,4,98,27),(383,1,99,24),(384,2,99,25),(385,3,99,26),(386,4,99,27),(387,1,100,24),(388,2,100,25),(389,3,100,26),(390,4,100,27),(391,1,101,24),(392,2,101,25),(393,3,101,26),(394,4,101,27),(395,1,102,24),(396,2,102,25),(397,3,102,26),(398,4,102,27),(399,1,103,24),(400,2,103,25),(401,3,103,26),(402,4,103,27),(403,1,104,24),(404,2,104,25),(405,3,104,26),(406,4,104,27),(407,1,105,24),(408,2,105,25),(409,3,105,26),(410,4,105,27),(411,1,106,24),(412,2,106,25),(413,3,106,26),(414,4,106,27),(415,1,107,24),(416,2,107,25),(417,3,107,26),(418,4,107,27),(419,1,108,24),(420,2,108,25),(421,3,108,26),(422,4,108,27),(423,1,109,24),(424,2,109,25),(425,3,109,26),(426,4,109,27),(427,1,110,24),(428,2,110,25),(429,3,110,26),(430,4,110,27),(431,1,111,24),(432,2,111,25),(433,3,111,26),(434,4,111,27),(435,1,112,24),(436,2,112,25),(437,3,112,26),(438,4,112,27),(439,1,113,24),(440,2,113,25),(441,3,113,26),(442,4,113,27),(443,1,114,24),(444,2,114,25),(445,3,114,26),(446,4,114,27),(447,1,115,24),(448,2,115,25),(449,3,115,26),(450,4,115,27),(451,1,116,24),(452,2,116,25),(453,3,116,26),(454,4,116,27),(455,1,117,24),(456,2,117,25),(457,3,117,26),(458,4,117,27),(459,1,118,24),(460,2,118,25),(461,3,118,26),(462,4,118,27),(463,1,119,24),(464,2,119,25),(465,3,119,26),(466,4,119,27),(467,1,120,24),(468,2,120,25),(469,3,120,26),(470,4,120,27),(471,1,121,24),(472,2,121,25),(473,3,121,26),(474,4,121,27),(475,1,122,24),(476,2,122,25),(477,3,122,26),(478,4,122,27),(479,1,123,24),(480,2,123,25),(481,3,123,26),(482,4,123,27),(483,1,124,24),(484,2,124,25),(485,3,124,26),(486,4,124,27),(487,1,125,24),(488,2,125,25),(489,3,125,26),(490,4,125,27);
/*!40000 ALTER TABLE `pregunta_respuesta` ENABLE KEYS */;
UNLOCK TABLES;

--
-- Table structure for table `respuesta`
--

DROP TABLE IF EXISTS `respuesta`;
/*!40101 SET @saved_cs_client     = @@character_set_client */;
/*!50503 SET character_set_client = utf8mb4 */;
CREATE TABLE `respuesta` (
  `id_respuesta` int NOT NULL AUTO_INCREMENT,
  `valor` int DEFAULT NULL,
  `respuesta` varchar(60) NOT NULL,
  PRIMARY KEY (`id_respuesta`)
) ENGINE=MyISAM AUTO_INCREMENT=28 DEFAULT CHARSET=utf8mb3;
/*!40101 SET character_set_client = @saved_cs_client */;

--
-- Dumping data for table `respuesta`
--

LOCK TABLES `respuesta` WRITE;
/*!40000 ALTER TABLE `respuesta` DISABLE KEYS */;
INSERT INTO `respuesta` VALUES (1,1,'Nunca'),(2,2,'Algunas veces'),(3,3,'Casi siempre'),(4,4,'Siempre'),(5,4,'Nunca'),(6,3,'A veces'),(7,2,'Muchas veces'),(8,1,'Siempre'),(9,1,'Totalmente de acuerdo'),(10,2,'De acuerdo'),(11,3,'Ni de acuerdo ni en desacuerdo'),(12,4,'En desacuerdo'),(13,5,'Totalmente en desacuerdo'),(14,0,'Nunca'),(15,1,'Casi nunca'),(16,2,'De vez en cuando'),(17,3,'A menudo'),(18,4,'Muy a menudo'),(19,4,'Nunca'),(20,3,'Casi nunca'),(21,2,'De vez en cuando'),(22,1,'A menudo'),(23,0,'Muy a menudo'),(24,0,'Nunca pienso en eso'),(25,1,'Algunas veces lo pienso'),(26,2,'Bastantes veces lo pienso'),(27,3,'Con mucha frecuencia lo pienso');
/*!40000 ALTER TABLE `respuesta` ENABLE KEYS */;
UNLOCK TABLES;

--
-- Table structure for table `usuario_encuesta`
--

DROP TABLE IF EXISTS `usuario_encuesta`;
/*!40101 SET @saved_cs_client     = @@character_set_client */;
/*!50503 SET character_set_client = utf8mb4 */;
CREATE TABLE `usuario_encuesta` (
  `id_usuario_encuesta` int NOT NULL AUTO_INCREMENT,
  `fecha` datetime(6) DEFAULT NULL,
  `id_encuesta` int NOT NULL,
  `id_usuario` bigint NOT NULL,
  PRIMARY KEY (`id_usuario_encuesta`),
  KEY `usuario_encuesta_id_encuesta_b4401e80` (`id_encuesta`),
  KEY `usuario_encuesta_id_usuario_3cd7d0e9` (`id_usuario`)
) ENGINE=MyISAM AUTO_INCREMENT=1439 DEFAULT CHARSET=utf8mb3;
/*!40101 SET character_set_client = @saved_cs_client */;

--
-- Dumping data for table `usuario_encuesta`
--

LOCK TABLES `usuario_encuesta` WRITE;
/*!40000 ALTER TABLE `usuario_encuesta` DISABLE KEYS */;
INSERT INTO `usuario_encuesta` VALUES (878,'2022-07-11 21:17:06.956000',5,114),(877,'2022-07-11 21:17:06.956000',4,114),(876,'2022-07-11 21:17:06.956000',3,114),(875,'2022-07-11 21:17:06.956000',7,114),(874,'2022-07-11 21:17:06.956000',6,114),(873,'2022-07-11 20:23:18.462000',6,107),(872,'2022-07-11 20:23:18.462000',7,107),(871,'2022-07-11 20:23:18.462000',5,107),(870,'2022-07-11 20:23:18.462000',4,107),(869,'2022-07-11 20:23:18.462000',3,107),(868,'2022-07-11 15:45:00.130000',6,96),(867,'2022-07-11 15:45:00.130000',7,96),(866,'2022-07-11 15:45:00.130000',5,96),(865,'2022-07-11 15:45:00.130000',3,96),(864,'2022-07-11 15:45:00.130000',4,96),(863,'2022-07-10 18:15:02.863000',7,97),(862,'2022-07-10 18:15:02.863000',6,97),(861,'2022-07-10 18:15:02.863000',5,97),(860,'2022-07-10 18:15:02.863000',4,97),(859,'2022-07-10 18:15:02.863000',3,97),(858,'2022-07-09 18:26:35.194000',6,124),(857,'2022-07-09 18:26:35.194000',7,124),(856,'2022-07-09 18:26:35.194000',5,124),(855,'2022-07-09 18:26:35.194000',4,124),(854,'2022-07-09 18:26:35.194000',3,124),(853,'2022-07-09 15:10:24.829000',5,108),(852,'2022-07-09 15:10:24.829000',7,108),(851,'2022-07-09 15:10:24.829000',3,108),(850,'2022-07-09 15:10:24.829000',4,108),(849,'2022-07-09 15:10:24.829000',6,108),(848,'2022-07-09 01:11:41.319000',6,37),(847,'2022-07-09 01:11:41.319000',7,37),(846,'2022-07-09 01:11:41.319000',5,37),(845,'2022-07-09 01:11:41.319000',4,37),(844,'2022-07-09 01:11:41.319000',3,37),(843,'2022-07-09 00:18:41.882000',7,45),(842,'2022-07-09 00:18:41.882000',4,45),(841,'2022-07-09 00:18:41.882000',6,45),(840,'2022-07-09 00:18:41.882000',5,45),(839,'2022-07-09 00:18:41.882000',3,45),(838,'2022-07-09 00:05:59.873000',7,102),(837,'2022-07-09 00:05:59.873000',5,102),(836,'2022-07-09 00:05:59.873000',6,102),(835,'2022-07-09 00:05:59.873000',4,102),(834,'2022-07-09 00:05:59.873000',3,102),(833,'2022-07-08 23:47:31.431000',7,118),(832,'2022-07-08 23:47:31.431000',6,118),(831,'2022-07-08 23:47:31.431000',4,118),(830,'2022-07-08 23:47:31.431000',5,118),(829,'2022-07-08 23:47:31.431000',3,118),(828,'2022-07-08 23:43:54.429000',7,134),(827,'2022-07-08 23:43:54.429000',5,134),(826,'2022-07-08 23:43:54.429000',6,134),(825,'2022-07-08 23:43:54.429000',4,134),(824,'2022-07-08 23:43:54.429000',3,134),(823,'2022-07-08 23:18:30.510000',5,133),(822,'2022-07-08 23:18:30.510000',6,133),(821,'2022-07-08 23:18:30.510000',7,133),(820,'2022-07-08 23:18:30.510000',4,133),(819,'2022-07-08 23:18:30.510000',3,133),(818,'2022-07-08 22:40:36.350000',5,112),(817,'2022-07-08 22:40:36.350000',7,112),(816,'2022-07-08 22:40:36.350000',6,112),(815,'2022-07-08 22:40:36.350000',4,112),(814,'2022-07-08 22:40:36.350000',3,112),(813,'2022-07-08 22:21:38.980000',7,130),(812,'2022-07-08 22:21:38.980000',6,130),(811,'2022-07-08 22:21:38.980000',4,130),(810,'2022-07-08 22:21:38.980000',3,130),(809,'2022-07-08 22:21:38.980000',5,130),(808,'2022-07-07 01:23:04.243000',7,48),(807,'2022-07-07 01:23:04.243000',5,48),(806,'2022-07-07 01:23:04.243000',6,48),(805,'2022-07-07 01:23:04.243000',3,48),(804,'2022-07-07 01:23:04.243000',4,48),(803,'2022-07-06 20:43:12.676000',5,93),(802,'2022-07-06 20:43:12.676000',7,93),(801,'2022-07-06 20:43:12.676000',6,93),(800,'2022-07-06 20:43:12.676000',4,93),(799,'2022-07-06 20:43:12.676000',3,93),(798,'2022-07-06 15:00:13.585000',7,90),(797,'2022-07-06 15:00:13.585000',4,90),(796,'2022-07-06 15:00:13.585000',6,90),(795,'2022-07-06 15:00:13.585000',5,90),(794,'2022-07-06 15:00:13.585000',3,90),(793,'2022-07-06 06:43:48.014000',7,136),(792,'2022-07-06 06:43:48.014000',6,136),(791,'2022-07-06 06:43:48.014000',5,136),(790,'2022-07-06 06:43:48.014000',4,136),(789,'2022-07-06 06:43:48.014000',3,136),(788,'2022-07-06 06:22:24.774000',7,136),(787,'2022-07-06 06:22:24.774000',6,136),(786,'2022-07-06 06:22:24.774000',4,136),(785,'2022-07-06 06:22:24.774000',5,136),(784,'2022-07-06 06:22:24.774000',3,136),(783,'2022-07-06 06:21:51.648000',5,136),(782,'2022-07-06 06:21:51.648000',6,136),(781,'2022-07-06 06:21:51.648000',3,136),(780,'2022-07-06 06:21:51.648000',4,136),(779,'2022-07-06 06:21:51.648000',7,136),(778,'2022-07-05 22:15:47.170000',4,59),(777,'2022-07-05 22:15:47.170000',6,59),(776,'2022-07-05 22:15:47.170000',7,59),(775,'2022-07-05 22:15:47.170000',5,59),(774,'2022-07-05 22:15:47.170000',3,59),(773,'2022-07-05 21:54:54.839000',7,136),(772,'2022-07-05 21:54:54.839000',6,136),(771,'2022-07-05 21:54:54.839000',5,136),(770,'2022-07-05 21:54:54.839000',3,136),(769,'2022-07-05 21:54:54.839000',4,136),(768,'2022-07-05 21:42:03.686000',7,136),(767,'2022-07-05 21:42:03.686000',4,136),(766,'2022-07-05 21:42:03.686000',6,136),(765,'2022-07-05 21:42:03.686000',3,136),(764,'2022-07-05 21:42:03.686000',5,136),(763,'2022-07-05 17:16:27.220000',5,68),(762,'2022-07-05 17:16:27.220000',7,68),(761,'2022-07-05 17:16:27.220000',4,68),(760,'2022-07-05 17:16:27.220000',6,68),(759,'2022-07-05 17:16:27.220000',3,68),(758,'2022-07-05 16:55:15.909000',6,69),(757,'2022-07-05 16:55:15.909000',7,69),(756,'2022-07-05 16:55:15.909000',3,69),(755,'2022-07-05 16:55:15.909000',5,69),(754,'2022-07-05 16:55:15.909000',4,69),(879,'2022-07-11 21:33:43.718000',5,39),(880,'2022-07-11 21:33:43.718000',3,39),(881,'2022-07-11 21:33:43.718000',4,39),(882,'2022-07-11 21:33:43.718000',6,39),(883,'2022-07-11 21:33:43.718000',7,39),(884,'2022-07-11 21:34:41.894000',3,47),(885,'2022-07-11 21:34:41.894000',4,47),(886,'2022-07-11 21:34:41.894000',5,47),(887,'2022-07-11 21:34:41.894000',6,47),(888,'2022-07-11 21:34:41.894000',7,47),(889,'2022-07-11 23:12:52.506000',3,60),(890,'2022-07-11 23:12:52.506000',4,60),(891,'2022-07-11 23:12:52.506000',6,60),(892,'2022-07-11 23:12:52.506000',5,60),(893,'2022-07-11 23:12:52.506000',7,60),(894,'2022-07-12 00:16:15.852000',3,54),(895,'2022-07-12 00:16:15.852000',6,54),(896,'2022-07-12 00:16:15.852000',5,54),(897,'2022-07-12 00:16:15.852000',4,54),(898,'2022-07-12 00:16:15.852000',7,54),(899,'2022-07-12 00:34:13.918000',3,63),(900,'2022-07-12 00:34:13.918000',5,63),(901,'2022-07-12 00:34:13.918000',6,63),(902,'2022-07-12 00:34:13.918000',4,63),(903,'2022-07-12 00:34:13.918000',7,63),(904,'2022-07-12 00:58:38.807000',5,113),(905,'2022-07-12 00:58:38.807000',3,113),(906,'2022-07-12 00:58:38.807000',6,113),(907,'2022-07-12 00:58:38.807000',4,113),(909,'2022-07-12 01:08:54.990000',3,62),(908,'2022-07-12 00:58:38.807000',7,113),(910,'2022-07-12 01:08:54.990000',6,62),(911,'2022-07-12 01:08:54.990000',7,62),(912,'2022-07-12 01:08:54.990000',5,62),(913,'2022-07-12 01:08:54.990000',4,62),(914,'2022-07-12 01:31:08.421000',3,57),(915,'2022-07-12 01:31:08.421000',5,57),(916,'2022-07-12 01:31:08.421000',7,57),(917,'2022-07-12 01:31:08.421000',6,57),(918,'2022-07-12 01:31:08.421000',4,57),(919,'2022-07-12 01:41:24.187000',6,115),(920,'2022-07-12 01:41:24.187000',4,115),(921,'2022-07-12 01:41:24.187000',3,115),(922,'2022-07-12 01:41:24.187000',7,115),(923,'2022-07-12 01:41:24.187000',5,115),(924,'2022-07-12 02:36:01.723000',3,104),(925,'2022-07-12 02:36:01.723000',6,104),(926,'2022-07-12 02:36:01.723000',5,104),(927,'2022-07-12 02:36:01.723000',4,104),(928,'2022-07-12 02:36:01.723000',7,104),(929,'2022-07-12 03:44:18.826000',4,139),(930,'2022-07-12 03:44:18.826000',3,139),(931,'2022-07-12 03:44:18.826000',7,139),(932,'2022-07-12 03:44:18.826000',5,139),(933,'2022-07-12 03:44:18.826000',6,139),(934,'2022-07-12 15:07:28.896000',7,119),(935,'2022-07-12 15:07:28.896000',3,119),(936,'2022-07-12 15:07:28.896000',6,119),(937,'2022-07-12 15:07:28.896000',5,119),(938,'2022-07-12 15:07:28.896000',4,119),(939,'2022-07-12 15:51:25.178000',3,66),(940,'2022-07-12 15:51:25.178000',5,66),(941,'2022-07-12 15:51:25.178000',6,66),(942,'2022-07-12 15:51:25.178000',4,66),(943,'2022-07-12 15:51:25.178000',7,66),(944,'2022-07-12 15:58:56.022000',5,53),(945,'2022-07-12 15:58:56.022000',3,53),(946,'2022-07-12 15:58:56.022000',6,53),(947,'2022-07-12 15:58:56.022000',4,53),(948,'2022-07-12 15:58:56.022000',7,53),(949,'2022-07-12 16:59:12.227000',3,87),(951,'2022-07-12 16:59:12.227000',5,87),(950,'2022-07-12 16:59:12.227000',4,87),(952,'2022-07-12 16:59:12.227000',6,87),(953,'2022-07-12 16:59:12.227000',7,87),(954,'2022-07-12 17:15:14.946000',3,94),(955,'2022-07-12 17:15:14.946000',4,94),(956,'2022-07-12 17:15:14.946000',5,94),(957,'2022-07-12 17:15:14.946000',6,94),(958,'2022-07-12 17:15:14.946000',7,94),(959,'2022-07-12 21:23:20.571000',7,61),(960,'2022-07-12 21:23:20.571000',3,61),(961,'2022-07-12 21:23:20.571000',4,61),(962,'2022-07-12 21:23:20.571000',5,61),(964,'2022-07-12 21:29:21.461000',3,52),(963,'2022-07-12 21:23:20.571000',6,61),(966,'2022-07-12 21:29:21.461000',5,52),(965,'2022-07-12 21:29:21.461000',4,52),(967,'2022-07-12 21:29:21.461000',6,52),(968,'2022-07-12 21:29:21.461000',7,52),(969,'2022-07-12 21:52:43.646000',5,98),(970,'2022-07-12 21:52:43.646000',3,98),(971,'2022-07-12 21:52:43.646000',4,98),(972,'2022-07-12 21:52:43.646000',6,98),(973,'2022-07-12 21:52:43.646000',7,98),(974,'2022-07-12 21:54:33.469000',3,38),(975,'2022-07-12 21:54:33.469000',4,38),(976,'2022-07-12 21:54:33.469000',5,38),(977,'2022-07-12 21:54:33.469000',6,38),(978,'2022-07-12 21:54:33.469000',7,38),(979,'2022-07-13 02:46:56.808000',3,32),(980,'2022-07-13 02:46:56.808000',5,32),(981,'2022-07-13 02:46:56.808000',4,32),(982,'2022-07-13 02:46:56.808000',6,32),(983,'2022-07-13 02:46:56.808000',7,32),(984,'2022-07-13 02:52:21.436000',4,77),(985,'2022-07-13 02:52:21.436000',3,77),(986,'2022-07-13 02:52:21.436000',5,77),(987,'2022-07-13 02:52:21.436000',6,77),(991,'2022-07-13 03:03:26.061000',7,78),(989,'2022-07-13 03:03:26.061000',3,78),(993,'2022-07-13 03:03:26.061000',6,78),(990,'2022-07-13 03:03:26.061000',5,78),(992,'2022-07-13 03:03:26.061000',4,78),(995,'2022-07-13 04:06:17.932000',6,109),(994,'2022-07-13 04:06:17.932000',3,109),(998,'2022-07-13 04:06:17.932000',4,109),(996,'2022-07-13 04:06:17.932000',5,109),(997,'2022-07-13 04:06:17.932000',7,109),(1000,'2022-07-13 04:10:22.328000',4,111),(999,'2022-07-13 04:10:22.328000',3,111),(1001,'2022-07-13 04:10:22.328000',5,111),(1002,'2022-07-13 04:10:22.328000',6,111),(1003,'2022-07-13 04:10:22.328000',7,111),(1005,'2022-07-13 05:05:01.434000',4,91),(1004,'2022-07-13 05:05:01.434000',3,91),(1006,'2022-07-13 05:05:01.434000',5,91),(1007,'2022-07-13 05:05:01.434000',6,91),(1008,'2022-07-13 05:05:01.434000',7,91),(1009,'2022-07-13 16:12:29.583000',3,122),(1010,'2022-07-13 16:12:29.583000',6,122),(1011,'2022-07-13 16:12:29.583000',5,122),(1012,'2022-07-13 16:12:29.583000',4,122),(1013,'2022-07-13 16:12:29.583000',7,122),(1014,'2022-07-13 20:02:23.966000',6,123),(1015,'2022-07-13 20:02:23.966000',4,123),(1016,'2022-07-13 20:02:23.966000',7,123),(1017,'2022-07-13 20:02:23.966000',3,123),(1018,'2022-07-13 20:02:23.966000',5,123),(1019,'2022-07-13 20:31:56.373000',3,127),(1020,'2022-07-13 20:31:56.373000',4,127),(1021,'2022-07-13 20:31:56.373000',5,127),(1022,'2022-07-13 20:31:56.373000',6,127),(1023,'2022-07-13 20:31:56.373000',7,127),(1025,'2022-07-13 20:54:06.147000',3,140),(1024,'2022-07-13 20:54:06.147000',5,140),(1026,'2022-07-13 20:54:06.147000',6,140),(1027,'2022-07-13 20:54:06.147000',4,140),(1028,'2022-07-13 20:54:06.147000',7,140),(1029,'2022-07-14 00:42:57.238000',4,137),(1030,'2022-07-14 00:42:57.238000',5,137),(1031,'2022-07-14 00:42:57.238000',6,137),(1032,'2022-07-14 00:42:57.238000',3,137),(1033,'2022-07-14 00:42:57.238000',7,137),(1034,'2022-07-14 04:37:14.048000',3,75),(1035,'2022-07-14 04:37:14.048000',4,75),(1036,'2022-07-14 04:37:14.048000',6,75),(1037,'2022-07-14 04:37:14.048000',5,75),(1038,'2022-07-14 04:37:14.048000',7,75),(1039,'2022-07-14 18:35:10.539000',3,110),(1040,'2022-07-14 18:35:10.539000',4,110),(1041,'2022-07-14 18:35:10.539000',5,110),(1042,'2022-07-14 18:35:10.539000',7,110),(1043,'2022-07-14 18:35:10.539000',6,110),(1044,'2022-07-14 20:09:32.041000',7,105),(1048,'2022-07-14 20:09:32.041000',3,105),(1047,'2022-07-14 20:09:32.041000',5,105),(1046,'2022-07-14 20:09:32.041000',6,105),(1045,'2022-07-14 20:09:32.041000',4,105),(1053,'2022-07-15 02:41:18.205000',7,146),(1052,'2022-07-15 02:41:18.205000',4,146),(1051,'2022-07-15 02:41:18.205000',5,146),(1050,'2022-07-15 02:41:18.205000',6,146),(1049,'2022-07-15 02:41:18.205000',3,146),(988,'2022-07-13 02:52:21.436000',7,77),(1058,'2022-07-15 05:41:01.130000',7,92),(1057,'2022-07-15 05:41:01.130000',5,92),(1056,'2022-07-15 05:41:01.130000',6,92),(1055,'2022-07-15 05:41:01.130000',4,92),(1054,'2022-07-15 05:41:01.130000',3,92),(1063,'2022-07-15 05:41:42.760000',6,106),(1062,'2022-07-15 05:41:42.760000',3,106),(1061,'2022-07-15 05:41:42.760000',4,106),(1060,'2022-07-15 05:41:42.760000',7,106),(1059,'2022-07-15 05:41:42.760000',5,106),(1068,'2022-07-15 12:16:24.098000',7,147),(1067,'2022-07-15 12:16:24.098000',6,147),(1066,'2022-07-15 12:16:24.098000',4,147),(1065,'2022-07-15 12:16:24.098000',5,147),(1064,'2022-07-15 12:16:24.098000',3,147),(1073,'2022-07-15 14:34:18.711000',6,82),(1072,'2022-07-15 14:34:18.711000',7,82),(1071,'2022-07-15 14:34:18.711000',5,82),(1070,'2022-07-15 14:34:18.711000',4,82),(1069,'2022-07-15 14:34:18.711000',3,82),(1078,'2022-07-15 19:28:09.604000',7,99),(1077,'2022-07-15 19:28:09.604000',6,99),(1076,'2022-07-15 19:28:09.604000',5,99),(1075,'2022-07-15 19:28:09.604000',4,99),(1074,'2022-07-15 19:28:09.604000',3,99),(1083,'2022-07-15 22:30:50.161000',7,131),(1082,'2022-07-15 22:30:50.161000',4,131),(1081,'2022-07-15 22:30:50.161000',6,131),(1080,'2022-07-15 22:30:50.161000',5,131),(1079,'2022-07-15 22:30:50.161000',3,131),(1088,'2022-07-16 01:24:52.698000',7,84),(1087,'2022-07-16 01:24:52.698000',6,84),(1086,'2022-07-16 01:24:52.698000',5,84),(1085,'2022-07-16 01:24:52.698000',3,84),(1084,'2022-07-16 01:24:52.698000',4,84),(1093,'2022-07-16 04:26:09.253000',7,145),(1092,'2022-07-16 04:26:09.253000',6,145),(1091,'2022-07-16 04:26:09.253000',5,145),(1090,'2022-07-16 04:26:09.253000',4,145),(1089,'2022-07-16 04:26:09.253000',3,145),(1098,'2022-07-17 17:55:03.943000',4,153),(1097,'2022-07-17 17:55:03.943000',5,153),(1096,'2022-07-17 17:55:03.943000',3,153),(1095,'2022-07-17 17:55:03.943000',6,153),(1094,'2022-07-17 17:55:03.943000',7,153),(1103,'2022-07-17 20:06:52.049000',5,154),(1102,'2022-07-17 20:06:52.049000',6,154),(1101,'2022-07-17 20:06:52.049000',7,154),(1100,'2022-07-17 20:06:52.049000',4,154),(1099,'2022-07-17 20:06:52.049000',3,154),(1108,'2022-07-17 20:38:22.028000',3,151),(1107,'2022-07-17 20:38:22.028000',5,151),(1106,'2022-07-17 20:38:22.028000',6,151),(1105,'2022-07-17 20:38:22.028000',7,151),(1104,'2022-07-17 20:38:22.028000',4,151),(1113,'2022-07-18 04:01:22.456000',7,73),(1112,'2022-07-18 04:01:22.456000',5,73),(1111,'2022-07-18 04:01:22.456000',6,73),(1110,'2022-07-18 04:01:22.456000',4,73),(1109,'2022-07-18 04:01:22.456000',3,73),(1118,'2022-07-18 17:19:04.439000',3,150),(1117,'2022-07-18 17:19:04.439000',7,150),(1116,'2022-07-18 17:19:04.439000',5,150),(1115,'2022-07-18 17:19:04.439000',6,150),(1114,'2022-07-18 17:19:04.439000',4,150),(1123,'2022-07-18 22:46:15.942000',3,149),(1122,'2022-07-18 22:46:15.942000',7,149),(1121,'2022-07-18 22:46:15.942000',6,149),(1120,'2022-07-18 22:46:15.942000',5,149),(1119,'2022-07-18 22:46:15.942000',4,149),(1128,'2022-07-19 03:46:23.177000',7,101),(1127,'2022-07-19 03:46:23.177000',6,101),(1126,'2022-07-19 03:46:23.177000',5,101),(1125,'2022-07-19 03:46:23.177000',4,101),(1124,'2022-07-19 03:46:23.177000',3,101),(1133,'2022-07-20 05:56:27.495000',4,95),(1132,'2022-07-20 05:56:27.495000',6,95),(1131,'2022-07-20 05:56:27.495000',5,95),(1130,'2022-07-20 05:56:27.495000',7,95),(1129,'2022-07-20 05:56:27.495000',3,95),(1138,'2022-07-20 21:27:33.856000',4,138),(1137,'2022-07-20 21:27:33.856000',7,138),(1136,'2022-07-20 21:27:33.856000',6,138),(1135,'2022-07-20 21:27:33.856000',5,138),(1134,'2022-07-20 21:27:33.856000',3,138),(1143,'2022-07-20 22:17:31.487000',7,128),(1142,'2022-07-20 22:17:31.487000',5,128),(1141,'2022-07-20 22:17:31.487000',4,128),(1140,'2022-07-20 22:17:31.487000',6,128),(1139,'2022-07-20 22:17:31.487000',3,128),(1148,'2022-07-22 05:42:27.138000',5,65),(1147,'2022-07-22 05:42:27.138000',4,65),(1146,'2022-07-22 05:42:27.138000',7,65),(1145,'2022-07-22 05:42:27.138000',6,65),(1144,'2022-07-22 05:42:27.138000',3,65),(1153,'2022-07-22 16:30:56.544000',7,141),(1152,'2022-07-22 16:30:56.544000',6,141),(1151,'2022-07-22 16:30:56.544000',4,141),(1150,'2022-07-22 16:30:56.544000',5,141),(1149,'2022-07-22 16:30:56.544000',3,141),(1158,'2022-07-27 15:42:11.052000',7,36),(1157,'2022-07-27 15:42:11.052000',6,36),(1156,'2022-07-27 15:42:11.052000',5,36),(1155,'2022-07-27 15:42:11.052000',4,36),(1154,'2022-07-27 15:42:11.052000',3,36),(1163,'2022-07-27 20:57:47.719000',7,155),(1162,'2022-07-27 20:57:47.719000',6,155),(1161,'2022-07-27 20:57:47.719000',5,155),(1160,'2022-07-27 20:57:47.719000',4,155),(1159,'2022-07-27 20:57:47.719000',3,155),(1168,'2022-07-29 18:29:58.236000',7,141),(1167,'2022-07-29 18:29:58.236000',6,141),(1166,'2022-07-29 18:29:58.236000',5,141),(1165,'2022-07-29 18:29:58.236000',4,141),(1164,'2022-07-29 18:29:58.236000',3,141),(1173,'2022-08-02 04:49:56.131000',6,121),(1172,'2022-08-02 04:49:56.131000',7,121),(1171,'2022-08-02 04:49:56.131000',5,121),(1170,'2022-08-02 04:49:56.131000',4,121),(1169,'2022-08-02 04:49:56.131000',3,121),(1178,'2022-08-07 19:56:06.834000',4,142),(1177,'2022-08-07 19:56:06.834000',6,142),(1176,'2022-08-07 19:56:06.834000',5,142),(1175,'2022-08-07 19:56:06.834000',3,142),(1174,'2022-08-07 19:56:06.834000',7,142),(1183,'2022-08-15 01:38:56.772000',5,148),(1182,'2022-08-15 01:38:56.772000',6,148),(1181,'2022-08-15 01:38:56.772000',4,148),(1180,'2022-08-15 01:38:56.772000',7,148),(1179,'2022-08-15 01:38:56.772000',3,148),(1188,'2022-08-16 03:27:48.192000',7,142),(1187,'2022-08-16 03:27:48.192000',4,142),(1186,'2022-08-16 03:27:48.192000',6,142),(1185,'2022-08-16 03:27:48.192000',5,142),(1184,'2022-08-16 03:27:48.192000',3,142),(1193,'2022-08-29 23:51:48.510000',7,136),(1192,'2022-08-29 23:51:48.510000',6,136),(1191,'2022-08-29 23:51:48.510000',5,136),(1190,'2022-08-29 23:51:48.510000',3,136),(1189,'2022-08-29 23:51:48.510000',4,136),(1198,'2022-08-29 23:52:34.555000',7,136),(1197,'2022-08-29 23:52:34.555000',6,136),(1196,'2022-08-29 23:52:34.555000',5,136),(1195,'2022-08-29 23:52:34.555000',4,136),(1194,'2022-08-29 23:52:34.555000',3,136),(1203,'2022-08-29 23:53:08.839000',7,136),(1202,'2022-08-29 23:53:08.839000',6,136),(1201,'2022-08-29 23:53:08.839000',5,136),(1200,'2022-08-29 23:53:08.839000',4,136),(1199,'2022-08-29 23:53:08.839000',3,136),(1208,'2022-08-29 23:54:25.119000',7,136),(1207,'2022-08-29 23:54:25.119000',6,136),(1206,'2022-08-29 23:54:25.119000',5,136),(1205,'2022-08-29 23:54:25.119000',4,136),(1204,'2022-08-29 23:54:25.119000',3,136),(1213,'2022-08-29 23:56:25.033000',7,136),(1212,'2022-08-29 23:56:25.033000',6,136),(1211,'2022-08-29 23:56:25.033000',5,136),(1210,'2022-08-29 23:56:25.033000',4,136),(1209,'2022-08-29 23:56:25.033000',3,136),(1218,'2022-08-29 23:58:45.168000',7,136),(1217,'2022-08-29 23:58:45.168000',6,136),(1216,'2022-08-29 23:58:45.168000',5,136),(1215,'2022-08-29 23:58:45.168000',4,136),(1214,'2022-08-29 23:58:45.168000',3,136),(1223,'2022-09-11 21:15:50.283000',7,142),(1222,'2022-09-11 21:15:50.283000',6,142),(1221,'2022-09-11 21:15:50.283000',5,142),(1220,'2022-09-11 21:15:50.283000',4,142),(1219,'2022-09-11 21:15:50.283000',3,142),(1228,'2022-09-23 23:16:46.141000',5,142),(1227,'2022-09-23 23:16:46.141000',7,142),(1226,'2022-09-23 23:16:46.141000',6,142),(1225,'2022-09-23 23:16:46.141000',3,142),(1224,'2022-09-23 23:16:46.141000',4,142),(1233,'2022-09-24 18:07:15.937000',7,69),(1232,'2022-09-24 18:07:15.937000',6,69),(1231,'2022-09-24 18:07:15.937000',5,69),(1230,'2022-09-24 18:07:15.937000',4,69),(1229,'2022-09-24 18:07:15.937000',3,69),(1238,'2022-09-27 00:00:31.922000',5,45),(1237,'2022-09-27 00:00:31.922000',6,45),(1236,'2022-09-27 00:00:31.922000',7,45),(1235,'2022-09-27 00:00:31.922000',4,45),(1234,'2022-09-27 00:00:31.922000',3,45),(1243,'2022-09-27 02:44:12.505000',7,59),(1242,'2022-09-27 02:44:12.505000',6,59),(1241,'2022-09-27 02:44:12.505000',5,59),(1240,'2022-09-27 02:44:12.505000',4,59),(1239,'2022-09-27 02:44:12.505000',3,59),(1248,'2022-09-27 13:35:21.656000',7,57),(1247,'2022-09-27 13:35:21.656000',3,57),(1246,'2022-09-27 13:35:21.656000',6,57),(1245,'2022-09-27 13:35:21.656000',4,57),(1244,'2022-09-27 13:35:21.656000',5,57),(1253,'2022-09-27 14:39:10.109000',7,32),(1252,'2022-09-27 14:39:10.109000',6,32),(1251,'2022-09-27 14:39:10.109000',5,32),(1250,'2022-09-27 14:39:10.109000',4,32),(1249,'2022-09-27 14:39:10.109000',3,32),(1258,'2022-09-28 16:25:31.311000',5,48),(1257,'2022-09-28 16:25:31.311000',4,48),(1256,'2022-09-28 16:25:31.311000',6,48),(1255,'2022-09-28 16:25:31.311000',7,48),(1254,'2022-09-28 16:25:31.311000',3,48),(1263,'2022-09-28 17:37:11.256000',7,54),(1262,'2022-09-28 17:37:11.256000',6,54),(1261,'2022-09-28 17:37:11.256000',5,54),(1260,'2022-09-28 17:37:11.256000',4,54),(1259,'2022-09-28 17:37:11.256000',3,54),(1268,'2022-09-29 18:11:42.167000',5,82),(1267,'2022-09-29 18:11:42.167000',7,82),(1266,'2022-09-29 18:11:42.167000',4,82),(1265,'2022-09-29 18:11:42.167000',6,82),(1264,'2022-09-29 18:11:42.167000',3,82),(1273,'2022-10-01 18:22:28.896000',6,70),(1272,'2022-10-01 18:22:28.896000',5,70),(1271,'2022-10-01 18:22:28.896000',7,70),(1270,'2022-10-01 18:22:28.896000',4,70),(1269,'2022-10-01 18:22:28.896000',3,70),(1278,'2022-10-01 18:37:32.106000',7,87),(1277,'2022-10-01 18:37:32.106000',6,87),(1276,'2022-10-01 18:37:32.106000',4,87),(1275,'2022-10-01 18:37:32.106000',5,87),(1274,'2022-10-01 18:37:32.106000',3,87),(1283,'2022-10-01 19:39:13.018000',3,62),(1282,'2022-10-01 19:39:13.018000',7,62),(1281,'2022-10-01 19:39:13.018000',5,62),(1280,'2022-10-01 19:39:13.018000',6,62),(1279,'2022-10-01 19:39:13.018000',4,62),(1288,'2022-10-02 20:54:17.222000',6,102),(1287,'2022-10-02 20:54:17.222000',7,102),(1286,'2022-10-02 20:54:17.222000',5,102),(1285,'2022-10-02 20:54:17.222000',4,102),(1284,'2022-10-02 20:54:17.222000',3,102),(1293,'2022-10-02 22:45:34.082000',7,115),(1292,'2022-10-02 22:45:34.082000',6,115),(1291,'2022-10-02 22:45:34.082000',5,115),(1290,'2022-10-02 22:45:34.082000',4,115),(1289,'2022-10-02 22:45:34.082000',3,115),(1298,'2022-10-03 00:00:36.232000',7,107),(1297,'2022-10-03 00:00:36.232000',6,107),(1296,'2022-10-03 00:00:36.232000',5,107),(1295,'2022-10-03 00:00:36.232000',4,107),(1294,'2022-10-03 00:00:36.232000',3,107),(1303,'2022-10-03 02:44:03.210000',6,104),(1302,'2022-10-03 02:44:03.210000',7,104),(1301,'2022-10-03 02:44:03.210000',5,104),(1300,'2022-10-03 02:44:03.210000',4,104),(1299,'2022-10-03 02:44:03.210000',3,104),(1308,'2022-10-03 03:10:54.802000',6,128),(1307,'2022-10-03 03:10:54.802000',7,128),(1306,'2022-10-03 03:10:54.802000',4,128),(1305,'2022-10-03 03:10:54.802000',5,128),(1304,'2022-10-03 03:10:54.802000',3,128),(1313,'2022-10-03 04:23:53.814000',3,121),(1312,'2022-10-03 04:23:53.814000',7,121),(1311,'2022-10-03 04:23:53.814000',6,121),(1310,'2022-10-03 04:23:53.814000',5,121),(1309,'2022-10-03 04:23:53.814000',4,121),(1318,'2022-10-03 13:39:16.414000',6,114),(1317,'2022-10-03 13:39:16.414000',7,114),(1316,'2022-10-03 13:39:16.414000',4,114),(1315,'2022-10-03 13:39:16.414000',3,114),(1314,'2022-10-03 13:39:16.414000',5,114),(1323,'2022-10-03 15:39:14.385000',7,52),(1322,'2022-10-03 15:39:14.385000',6,52),(1321,'2022-10-03 15:39:14.385000',5,52),(1320,'2022-10-03 15:39:14.385000',4,52),(1319,'2022-10-03 15:39:14.385000',3,52),(1328,'2022-10-03 20:25:49.503000',4,150),(1327,'2022-10-03 20:25:49.503000',3,150),(1326,'2022-10-03 20:25:49.503000',6,150),(1325,'2022-10-03 20:25:49.503000',7,150),(1324,'2022-10-03 20:25:49.503000',5,150),(1333,'2022-10-04 16:56:09.148000',6,98),(1332,'2022-10-04 16:56:09.148000',7,98),(1331,'2022-10-04 16:56:09.148000',5,98),(1330,'2022-10-04 16:56:09.148000',4,98),(1329,'2022-10-04 16:56:09.148000',3,98),(1338,'2022-10-04 18:11:40.530000',5,38),(1337,'2022-10-04 18:11:40.530000',6,38),(1336,'2022-10-04 18:11:40.530000',4,38),(1335,'2022-10-04 18:11:40.530000',3,38),(1334,'2022-10-04 18:11:40.530000',7,38),(1343,'2022-10-04 19:28:01.612000',7,147),(1342,'2022-10-04 19:28:01.612000',6,147),(1341,'2022-10-04 19:28:01.612000',5,147),(1340,'2022-10-04 19:28:01.612000',4,147),(1339,'2022-10-04 19:28:01.612000',3,147),(1348,'2022-10-04 19:59:06.158000',7,60),(1347,'2022-10-04 19:59:06.158000',5,60),(1346,'2022-10-04 19:59:06.158000',4,60),(1345,'2022-10-04 19:59:06.158000',3,60),(1344,'2022-10-04 19:59:06.158000',6,60),(1353,'2022-10-05 03:43:44.521000',5,37),(1352,'2022-10-05 03:43:44.521000',7,37),(1351,'2022-10-05 03:43:44.521000',6,37),(1350,'2022-10-05 03:43:44.521000',4,37),(1349,'2022-10-05 03:43:44.521000',3,37),(1358,'2022-10-06 00:08:53.259000',3,90),(1357,'2022-10-06 00:08:53.259000',7,90),(1356,'2022-10-06 00:08:53.259000',6,90),(1355,'2022-10-06 00:08:53.259000',4,90),(1354,'2022-10-06 00:08:53.259000',5,90),(1363,'2022-10-06 02:02:25.453000',6,93),(1362,'2022-10-06 02:02:25.453000',3,93),(1361,'2022-10-06 02:02:25.453000',4,93),(1360,'2022-10-06 02:02:25.453000',7,93),(1359,'2022-10-06 02:02:25.453000',5,93),(1368,'2022-10-08 04:17:23.153000',7,68),(1367,'2022-10-08 04:17:23.153000',6,68),(1366,'2022-10-08 04:17:23.153000',5,68),(1365,'2022-10-08 04:17:23.153000',3,68),(1364,'2022-10-08 04:17:23.153000',4,68),(1373,'2022-10-10 18:00:37.913000',7,145),(1372,'2022-10-10 18:00:37.913000',6,145),(1371,'2022-10-10 18:00:37.913000',4,145),(1370,'2022-10-10 18:00:37.913000',5,145),(1369,'2022-10-10 18:00:37.913000',3,145),(1378,'2022-10-10 18:15:47.717000',4,134),(1377,'2022-10-10 18:15:47.717000',3,134),(1376,'2022-10-10 18:15:47.717000',7,134),(1375,'2022-10-10 18:15:47.717000',6,134),(1374,'2022-10-10 18:15:47.717000',5,134),(1383,'2022-10-10 18:29:11.845000',5,122),(1382,'2022-10-10 18:29:11.845000',6,122),(1381,'2022-10-10 18:29:11.845000',7,122),(1380,'2022-10-10 18:29:11.845000',4,122),(1379,'2022-10-10 18:29:11.845000',3,122),(1388,'2022-10-10 22:10:14.605000',7,63),(1387,'2022-10-10 22:10:14.605000',6,63),(1386,'2022-10-10 22:10:14.605000',5,63),(1385,'2022-10-10 22:10:14.605000',4,63),(1384,'2022-10-10 22:10:14.605000',3,63),(1393,'2022-10-11 01:22:17.312000',4,47),(1392,'2022-10-11 01:22:17.312000',7,47),(1391,'2022-10-11 01:22:17.312000',6,47),(1390,'2022-10-11 01:22:17.312000',5,47),(1389,'2022-10-11 01:22:17.312000',3,47),(1398,'2022-10-12 13:35:47.203000',3,109),(1397,'2022-10-12 13:35:47.203000',4,109),(1396,'2022-10-12 13:35:47.203000',5,109),(1395,'2022-10-12 13:35:47.203000',6,109),(1394,'2022-10-12 13:35:47.203000',7,109),(1403,'2022-10-21 00:00:29.977000',7,96),(1402,'2022-10-21 00:00:29.977000',6,96),(1401,'2022-10-21 00:00:29.977000',5,96),(1400,'2022-10-21 00:00:29.977000',4,96),(1399,'2022-10-21 00:00:29.977000',3,96),(1408,'2022-10-23 05:15:53.189000',7,123),(1407,'2022-10-23 05:15:53.189000',6,123),(1406,'2022-10-23 05:15:53.189000',5,123),(1405,'2022-10-23 05:15:53.189000',4,123),(1404,'2022-10-23 05:15:53.189000',3,123),(1413,'2022-10-25 22:10:08.968000',7,118),(1412,'2022-10-25 22:10:08.968000',6,118),(1411,'2022-10-25 22:10:08.968000',5,118),(1410,'2022-10-25 22:10:08.968000',4,118),(1409,'2022-10-25 22:10:08.968000',3,118),(1418,'2022-10-25 22:54:29.005000',3,111),(1417,'2022-10-25 22:54:29.005000',7,111),(1416,'2022-10-25 22:54:29.005000',6,111),(1415,'2022-10-25 22:54:29.005000',4,111),(1414,'2022-10-25 22:54:29.005000',5,111),(1423,'2022-10-26 01:47:07.520000',6,110),(1422,'2022-10-26 01:47:07.520000',7,110),(1421,'2022-10-26 01:47:07.520000',5,110),(1420,'2022-10-26 01:47:07.520000',4,110),(1419,'2022-10-26 01:47:07.520000',3,110),(1428,'2022-10-26 01:48:35.485000',7,106),(1427,'2022-10-26 01:48:35.485000',6,106),(1426,'2022-10-26 01:48:35.485000',5,106),(1425,'2022-10-26 01:48:35.485000',4,106),(1424,'2022-10-26 01:48:35.485000',3,106),(1433,'2022-10-26 03:58:09.491000',7,95),(1432,'2022-10-26 03:58:09.491000',6,95),(1431,'2022-10-26 03:58:09.491000',5,95),(1430,'2022-10-26 03:58:09.491000',4,95),(1429,'2022-10-26 03:58:09.491000',3,95),(1438,'2022-10-26 04:04:05.508000',7,99),(1437,'2022-10-26 04:04:05.508000',6,99),(1436,'2022-10-26 04:04:05.508000',3,99),(1435,'2022-10-26 04:04:05.508000',5,99),(1434,'2022-10-26 04:04:05.508000',4,99),(744,'2022-07-05 14:13:21.602000',3,70),(745,'2022-07-05 14:13:21.602000',4,70),(746,'2022-07-05 14:13:21.602000',6,70),(747,'2022-07-05 14:13:21.602000',5,70),(748,'2022-07-05 14:13:21.602000',7,70),(749,'2022-07-05 14:17:47.528000',3,35),(750,'2022-07-05 14:17:47.528000',4,35),(751,'2022-07-05 14:17:47.528000',5,35),(752,'2022-07-05 14:17:47.528000',6,35),(753,'2022-07-05 14:17:47.528000',7,35);
/*!40000 ALTER TABLE `usuario_encuesta` ENABLE KEYS */;
UNLOCK TABLES;

--
-- Table structure for table `usuario_respuesta`
--

DROP TABLE IF EXISTS `usuario_respuesta`;
/*!40101 SET @saved_cs_client     = @@character_set_client */;
/*!50503 SET character_set_client = utf8mb4 */;
CREATE TABLE `usuario_respuesta` (
  `id_usuario_respuesta` int NOT NULL AUTO_INCREMENT,
  `id_pregunta_respuesta` int NOT NULL,
  `id_usuario_encuesta` int NOT NULL,
  PRIMARY KEY (`id_usuario_respuesta`),
  KEY `usuario_respuesta_id_pregunta_respuesta_01af49c6` (`id_pregunta_respuesta`),
  KEY `usuario_respuesta_id_usuario_encuesta_7bdaa6db` (`id_usuario_encuesta`)
) ENGINE=MyISAM AUTO_INCREMENT=30419 DEFAULT CHARSET=utf8mb3;
/*!40101 SET character_set_client = @saved_cs_client */;

--
-- Dumping data for table `usuario_respuesta`
--

LOCK TABLES `usuario_respuesta` WRITE;
/*!40000 ALTER TABLE `usuario_respuesta` DISABLE KEYS */;
INSERT INTO `usuario_respuesta` VALUES (16511,117,794),(16510,167,795),(16509,162,795),(16508,113,794),(16507,157,795),(16506,112,794),(16505,106,794),(16504,153,795),(16503,101,794),(16502,148,795),(16536,292,796),(16535,289,796),(16534,237,795),(16533,284,796),(16532,231,795),(16531,277,796),(16530,226,795),(16529,275,796),(16528,221,795),(16527,270,796),(16561,357,798),(16560,352,798),(16559,348,798),(16558,343,798),(16557,339,798),(16556,335,798),(16555,58,797),(16554,331,798),(16553,54,797),(16552,328,798),(16586,457,798),(16585,451,798),(16584,447,798),(16583,444,798),(16582,439,798),(16581,435,798),(16580,431,798),(16579,428,798),(16578,424,798),(16577,421,798),(16611,93,799),(16610,50,800),(16609,89,799),(16608,47,800),(16607,88,799),(16606,84,799),(16605,41,800),(16604,77,799),(16603,39,800),(16602,34,800),(16636,333,802),(16635,292,801),(16634,328,802),(16633,287,801),(16632,324,802),(16631,283,801),(16630,319,802),(16629,280,801),(16628,315,802),(16627,273,801),(16661,391,802),(16660,152,803),(16659,387,802),(16658,148,803),(16657,383,802),(16656,141,803),(16655,380,802),(16654,137,803),(16653,375,802),(16652,132,803),(16686,217,803),(16685,439,802),(16684,211,803),(16683,437,802),(16682,206,803),(16681,431,802),(16680,201,803),(16679,430,802),(16678,198,803),(16677,423,802),(16711,70,805),(16710,42,804),(16709,66,805),(16708,39,804),(16707,62,805),(16706,34,804),(16705,30,804),(16704,26,804),(16703,21,804),(16702,490,802),(16736,283,806),(16735,279,806),(16734,273,806),(16733,268,806),(16732,263,806),(16731,118,805),(16730,258,806),(16729,113,805),(16728,254,806),(16727,109,805),(16761,194,807),(16760,330,808),(16759,189,807),(16758,324,808),(16757,183,807),(16756,320,808),(16755,178,807),(16754,316,808),(16753,174,807),(16752,313,808),(16786,391,808),(16785,387,808),(16784,383,808),(16783,379,808),(16782,376,808),(16781,373,808),(16780,370,808),(16779,238,807),(16778,364,808),(16777,234,807),(16811,123,809),(16810,490,808),(16809,483,808),(16808,479,808),(16807,476,808),(16806,471,808),(16805,467,808),(16804,463,808),(16803,460,808),(16802,456,808),(16836,109,810),(16835,183,809),(16834,105,810),(16833,178,809),(16832,102,810),(16831,175,809),(16830,98,810),(16829,94,810),(16828,167,809),(16827,163,809),(16861,58,811),(16860,249,812),(16859,55,811),(16858,244,812),(16857,51,811),(16856,45,811),(16855,43,811),(16854,39,811),(16853,240,809),(16852,33,811),(16886,359,813),(16885,356,813),(16884,353,813),(16883,347,813),(16882,343,813),(16881,342,813),(16880,338,813),(16879,310,812),(16878,302,812),(16877,332,813),(16911,459,813),(16910,456,813),(16909,452,813),(16908,448,813),(16907,443,813),(16906,440,813),(16905,436,813),(16904,433,813),(16903,430,813),(16902,423,813),(16936,54,815),(16935,93,814),(16934,50,815),(16933,91,814),(16932,48,815),(16931,85,814),(16930,43,815),(16929,81,814),(16928,39,815),(16927,77,814),(16961,337,817),(16960,294,816),(16959,332,817),(16958,289,816),(16957,327,817),(16956,284,816),(16955,279,816),(16954,323,817),(16953,320,817),(16952,274,816),(16986,157,818),(16985,391,817),(16984,152,818),(16983,387,817),(16982,147,818),(16981,384,817),(16980,143,818),(16979,379,817),(16978,136,818),(16977,375,817),(17011,217,818),(17010,443,817),(17009,212,818),(17008,439,817),(17007,207,818),(17006,435,817),(17005,201,818),(17004,431,817),(17003,197,818),(17002,429,817),(17036,77,819),(17035,39,820),(17034,74,819),(17033,34,820),(17032,70,819),(17031,31,820),(17030,65,819),(17029,26,820),(17028,22,820),(17027,62,819),(17061,339,821),(17060,248,822),(17059,335,821),(17058,244,822),(17057,332,821),(17056,327,821),(17055,324,821),(17054,321,821),(17053,316,821),(17052,312,821),(17086,391,821),(17085,388,821),(17084,383,821),(17083,309,822),(17082,303,822),(17081,379,821),(17080,299,822),(17079,376,821),(17078,371,821),(17077,294,822),(17111,449,821),(17110,173,823),(17109,443,821),(17108,167,823),(17107,440,821),(17106,163,823),(17105,436,821),(17104,157,823),(17103,432,821),(17102,152,823),(16501,97,794),(16500,143,795),(16499,93,794),(16498,136,795),(16497,89,794),(16496,132,795),(16495,85,794),(16494,126,795),(16493,82,794),(16492,122,795),(16491,77,794),(16490,74,794),(16489,70,794),(16488,65,794),(16487,61,794),(16526,217,795),(16525,264,796),(16524,214,795),(16523,259,796),(16522,208,795),(16521,254,796),(16520,201,795),(16519,247,796),(16518,197,795),(16517,242,796),(16516,192,795),(16515,187,795),(16514,182,795),(16513,176,795),(16512,173,795),(16551,50,797),(16550,324,798),(16549,319,798),(16548,46,797),(16547,315,798),(16546,42,797),(16545,311,798),(16544,38,797),(16543,33,797),(16542,29,797),(16541,26,797),(16540,21,797),(16539,307,796),(16538,304,796),(16537,300,796),(16576,415,798),(16575,412,798),(16574,407,798),(16573,404,798),(16572,399,798),(16571,395,798),(16570,392,798),(16569,387,798),(16568,384,798),(16567,379,798),(16566,375,798),(16565,371,798),(16564,369,798),(16563,364,798),(16562,359,798),(16601,73,799),(16600,30,800),(16599,69,799),(16598,26,800),(16597,65,799),(16596,21,800),(16595,62,799),(16594,488,798),(16593,483,798),(16592,479,798),(16591,475,798),(16590,471,798),(16589,468,798),(16588,463,798),(16587,461,798),(16626,312,802),(16625,268,801),(16624,261,801),(16623,258,801),(16622,254,801),(16621,250,801),(16620,241,801),(16619,117,799),(16618,113,799),(16617,109,799),(16616,107,799),(16615,102,799),(16614,97,799),(16613,57,800),(16612,54,800),(16651,371,802),(16650,127,803),(16649,370,802),(16648,122,803),(16647,363,802),(16646,362,802),(16645,358,802),(16644,352,802),(16643,347,802),(16642,343,802),(16641,310,801),(16640,339,802),(16639,301,801),(16638,335,802),(16637,300,801),(16676,192,803),(16675,422,802),(16674,189,803),(16673,416,802),(16672,182,803),(16671,412,802),(16670,177,803),(16669,407,802),(16668,172,803),(16667,403,802),(16666,167,803),(16665,399,802),(16664,164,803),(16663,395,802),(16662,157,803),(16701,483,802),(16700,479,802),(16699,475,802),(16698,471,802),(16697,467,802),(16696,463,802),(16695,460,802),(16694,455,802),(16693,237,803),(16692,454,802),(16691,231,803),(16690,450,802),(16689,226,803),(16688,443,802),(16687,221,803),(16726,249,806),(16725,105,805),(16724,244,806),(16723,101,805),(16722,97,805),(16721,93,805),(16720,89,805),(16719,58,804),(16718,87,805),(16717,54,804),(16716,81,805),(16715,50,804),(16714,77,805),(16713,74,805),(16712,47,804),(16751,168,807),(16750,163,807),(16749,157,807),(16748,152,807),(16747,147,807),(16746,308,806),(16745,142,807),(16744,303,806),(16743,138,807),(16742,300,806),(16741,132,807),(16740,294,806),(16739,127,807),(16738,288,806),(16737,122,807),(16776,360,808),(16775,228,807),(16774,357,808),(16773,223,807),(16772,352,808),(16771,218,807),(16770,347,808),(16769,213,807),(16768,343,808),(16767,207,807),(16766,342,808),(16765,203,807),(16764,336,808),(16763,199,807),(16762,333,808),(16801,452,808),(16800,448,808),(16799,443,808),(16798,440,808),(16797,436,808),(16796,434,808),(16795,430,808),(16794,424,808),(16793,421,808),(16792,415,808),(16791,411,808),(16790,410,808),(16789,405,808),(16788,400,808),(16787,395,808),(16826,90,810),(16825,159,809),(16824,87,810),(16823,153,809),(16822,82,810),(16821,149,809),(16820,78,810),(16819,142,809),(16818,75,810),(16817,137,809),(16816,71,810),(16815,135,809),(16814,65,810),(16813,128,809),(16812,62,810),(16851,231,809),(16850,30,811),(16849,228,809),(16848,26,811),(16847,224,809),(16846,22,811),(16845,217,809),(16844,213,809),(16843,207,809),(16842,202,809),(16841,199,809),(16840,117,810),(16839,192,809),(16838,113,810),(16837,188,809),(16876,297,812),(16875,330,813),(16874,294,812),(16873,324,813),(16872,287,812),(16871,321,813),(16870,283,812),(16869,317,813),(16868,279,812),(16867,314,813),(16866,273,812),(16865,268,812),(16864,264,812),(16863,259,812),(16862,253,812),(16901,421,813),(16900,415,813),(16899,414,813),(16898,408,813),(16897,404,813),(16896,400,813),(16895,395,813),(16894,391,813),(16893,388,813),(16892,384,813),(16891,380,813),(16890,376,813),(16889,373,813),(16888,369,813),(16887,365,813),(16926,34,815),(16925,74,814),(16924,29,815),(16923,69,814),(16922,26,815),(16921,65,814),(16920,23,815),(16919,62,814),(16918,489,813),(16917,483,813),(16916,480,813),(16915,476,813),(16914,471,813),(16913,470,813),(16912,463,813),(16951,316,817),(16950,270,816),(16949,311,817),(16948,265,816),(16947,259,816),(16946,254,816),(16945,249,816),(16944,244,816),(16943,118,814),(16942,114,814),(16941,112,814),(16940,105,814),(16939,103,814),(16938,57,815),(16937,97,814),(16976,132,818),(16975,373,817),(16974,126,818),(16973,370,817),(16972,121,818),(16971,364,817),(16970,360,817),(16969,355,817),(16968,351,817),(16967,347,817),(16966,307,816),(16965,343,817),(16964,304,816),(16963,341,817),(16962,299,816),(17001,424,817),(17000,192,818),(16999,419,817),(16998,187,818),(16997,415,817),(16996,182,818),(16995,413,817),(16994,177,818),(16993,408,817),(16992,173,818),(16991,404,817),(16990,168,818),(16989,402,817),(16988,163,818),(16987,395,817),(17026,489,817),(17025,484,817),(17024,480,817),(17023,476,817),(17022,472,817),(17021,469,817),(17020,463,817),(17019,237,818),(17018,459,817),(17017,232,818),(17016,457,817),(17015,227,818),(17014,452,817),(17013,222,818),(17012,449,817),(17051,118,819),(17050,114,819),(17049,110,819),(17048,106,819),(17047,101,819),(17046,97,819),(17045,59,820),(17044,93,819),(17043,54,820),(17042,90,819),(17041,50,820),(17040,86,819),(17039,46,820),(17038,82,819),(17037,43,820),(17076,368,821),(17075,288,822),(17074,363,821),(17073,283,822),(17072,361,821),(17071,279,822),(17070,273,822),(17069,357,821),(17068,268,822),(17067,352,821),(17066,264,822),(17065,347,821),(17064,343,821),(17063,259,822),(17062,254,822),(17101,429,821),(17100,147,823),(17099,423,821),(17098,143,823),(17097,420,821),(17096,137,823),(17095,415,821),(17094,132,823),(17093,411,821),(17092,127,823),(17091,408,821),(17090,122,823),(17089,403,821),(17088,399,821),(17087,396,821),(17135,62,824),(17134,237,823),(17133,232,823),(17132,489,821),(17131,227,823),(17130,483,821),(17129,223,823),(17128,479,821),(17127,218,823),(17126,475,821),(17125,214,823),(17124,471,821),(17123,208,823),(17122,468,821),(17121,203,823),(17120,198,823),(17119,463,821),(17118,193,823),(17117,459,821),(17116,455,821),(17115,188,823),(17114,182,823),(17113,452,821),(17112,178,823),(17159,118,824),(17158,58,825),(17157,113,824),(17156,54,825),(17155,111,824),(17154,50,825),(17153,106,824),(17152,47,825),(17151,43,825),(17150,101,824),(17149,38,825),(17148,97,824),(17147,34,825),(17146,93,824),(17145,30,825),(17144,90,824),(17143,27,825),(17142,87,824),(17141,82,824),(17140,22,825),(17139,79,824),(17138,74,824),(17137,70,824),(17136,65,824),(17183,177,827),(17182,300,826),(17181,173,827),(17180,294,826),(17179,167,827),(17178,288,826),(17177,163,827),(17176,282,826),(17175,158,827),(17174,279,826),(17173,153,827),(17172,272,826),(17171,148,827),(17170,268,826),(17169,143,827),(17168,263,826),(17167,138,827),(17166,258,826),(17165,133,827),(17164,255,826),(17163,128,827),(17162,249,826),(17161,122,827),(17160,243,826),(17207,348,828),(17206,343,828),(17205,340,828),(17204,335,828),(17203,238,827),(17202,332,828),(17201,232,827),(17200,328,828),(17199,227,827),(17198,325,828),(17197,321,828),(17196,222,827),(17195,316,828),(17194,218,827),(17193,312,828),(17192,213,827),(17191,207,827),(17190,202,827),(17189,199,827),(17188,194,827),(17187,189,827),(17186,309,826),(17185,183,827),(17184,303,826),(17231,443,828),(17230,440,828),(17229,436,828),(17228,432,828),(17227,429,828),(17226,424,828),(17225,420,828),(17224,415,828),(17223,413,828),(17222,408,828),(17221,404,828),(17220,400,828),(17219,395,828),(17218,391,828),(17217,387,828),(17216,386,828),(17215,381,828),(17214,376,828),(17213,372,828),(17212,368,828),(17211,364,828),(17210,360,828),(17209,357,828),(17208,353,828),(17255,86,829),(17254,82,829),(17253,147,830),(17252,77,829),(17251,143,830),(17250,73,829),(17249,137,830),(17248,70,829),(17247,132,830),(17246,65,829),(17245,127,830),(17244,63,829),(17243,122,830),(17242,489,828),(17241,483,828),(17240,480,828),(17239,476,828),(17238,471,828),(17237,469,828),(17236,463,828),(17235,461,828),(17234,456,828),(17233,454,828),(17232,449,828),(17279,22,831),(17278,222,830),(17277,217,830),(17276,212,830),(17275,207,830),(17274,202,830),(17273,197,830),(17272,117,829),(17271,192,830),(17270,113,829),(17269,188,830),(17268,109,829),(17267,182,830),(17266,105,829),(17265,177,830),(17264,101,829),(17263,172,830),(17262,97,829),(17261,167,830),(17260,93,829),(17259,162,830),(17258,90,829),(17257,157,830),(17256,152,830),(17303,284,832),(17302,319,833),(17301,279,832),(17300,315,833),(17299,274,832),(17298,312,833),(17297,269,832),(17296,262,832),(17295,258,832),(17294,253,832),(17293,248,832),(17292,58,831),(17291,243,832),(17290,55,831),(17289,49,831),(17288,46,831),(17287,42,831),(17286,39,831),(17285,34,831),(17284,237,830),(17283,232,830),(17282,30,831),(17281,26,831),(17280,227,830),(17327,396,833),(17326,392,833),(17325,387,833),(17324,385,833),(17323,380,833),(17322,376,833),(17321,373,833),(17320,369,833),(17319,364,833),(17318,360,833),(17317,356,833),(17316,352,833),(17315,347,833),(17314,343,833),(17313,308,832),(17312,340,833),(17311,303,832),(17310,336,833),(17309,299,832),(17308,332,833),(17307,294,832),(17306,328,833),(17305,288,832),(17304,325,833),(17351,62,834),(17350,489,833),(17349,483,833),(17348,480,833),(17347,475,833),(17346,471,833),(17345,468,833),(17344,463,833),(17343,460,833),(17342,455,833),(17341,452,833),(17340,448,833),(17339,444,833),(17338,439,833),(17337,436,833),(17336,431,833),(17335,430,833),(17334,423,833),(17333,420,833),(17332,415,833),(17331,414,833),(17330,409,833),(17329,404,833),(17328,399,833),(17375,59,835),(17374,56,835),(17373,49,835),(17372,46,835),(17371,43,835),(17370,118,834),(17369,38,835),(17368,113,834),(17367,36,835),(17366,110,834),(17365,31,835),(17364,106,834),(17363,26,835),(17362,101,834),(17361,22,835),(17360,98,834),(17359,94,834),(17358,90,834),(17357,88,834),(17356,83,834),(17355,79,834),(17354,74,834),(17353,69,834),(17352,66,834),(17399,167,837),(17398,162,837),(17397,158,837),(17396,308,836),(17395,153,837),(17394,304,836),(17393,147,837),(17392,299,836),(17391,143,837),(17390,292,836),(17389,137,837),(17388,289,836),(17387,132,837),(17386,283,836),(17385,128,837),(17384,278,836),(17383,274,836),(17382,123,837),(17381,269,836),(17380,264,836),(17379,257,836),(17378,254,836),(17377,248,836),(17376,243,836),(17423,353,838),(17422,232,837),(17421,348,838),(17420,227,837),(17419,343,838),(17418,223,837),(17417,341,838),(17416,217,837),(17415,212,837),(17414,336,838),(17413,333,838),(17412,207,837),(17411,202,837),(17410,329,838),(17409,198,837),(17408,325,838),(17407,193,837),(17406,321,838),(17405,187,837),(17404,317,838),(17403,183,837),(17402,312,838),(17401,179,837),(17400,173,837),(17447,444,838),(17446,440,838),(17445,436,838),(17444,432,838),(17443,429,838),(17442,424,838),(17441,420,838),(17440,415,838),(17439,411,838),(17438,408,838),(17437,404,838),(17436,401,838),(17435,395,838),(17434,391,838),(17433,388,838),(17432,385,838),(17431,381,838),(17430,376,838),(17429,372,838),(17428,369,838),(17427,364,838),(17426,360,838),(17425,356,838),(17424,237,837),(17471,141,840),(17470,90,839),(17469,136,840),(17468,87,839),(17467,133,840),(17466,83,839),(17465,127,840),(17464,79,839),(17463,121,840),(17462,76,839),(17461,70,839),(17460,66,839),(17459,62,839),(17458,489,838),(17457,483,838),(17456,481,838),(17455,475,838),(17454,473,838),(17453,468,838),(17452,463,838),(17451,460,838),(17450,455,838),(17449,453,838),(17448,449,838),(17495,213,840),(17494,253,841),(17493,208,840),(17492,249,841),(17491,204,840),(17490,243,841),(17489,199,840),(17488,193,840),(17487,187,840),(17486,182,840),(17485,177,840),(17484,119,839),(17483,173,840),(17482,114,839),(17481,168,840),(17480,110,839),(17479,163,840),(17478,107,839),(17477,157,840),(17476,102,839),(17475,152,840),(17474,97,839),(17473,147,840),(17472,93,839),(17519,47,842),(17518,313,843),(17517,44,842),(17516,39,842),(17515,35,842),(17514,32,842),(17513,28,842),(17512,309,841),(17511,24,842),(17510,303,841),(17509,300,841),(17508,293,841),(17507,288,841),(17506,283,841),(17505,237,840),(17504,277,841),(17503,233,840),(17502,273,841),(17501,227,840),(17500,268,841),(17499,222,840),(17498,264,841),(17497,218,840),(17496,258,841),(17543,397,843),(17542,391,843),(17541,387,843),(17540,383,843),(17539,381,843),(17538,377,843),(17537,373,843),(17536,367,843),(17535,363,843),(17534,361,843),(17533,357,843),(17532,353,843),(17531,347,843),(17530,343,843),(17529,341,843),(17528,335,843),(17527,333,843),(17526,327,843),(17525,324,843),(17524,60,842),(17523,55,842),(17522,321,843),(17521,52,842),(17520,317,843),(17567,62,844),(17566,488,843),(17565,483,843),(17564,480,843),(17563,475,843),(17562,471,843),(17561,468,843),(17560,464,843),(17559,459,843),(17558,456,843),(17557,451,843),(17556,448,843),(17555,443,843),(17554,441,843),(17553,437,843),(17552,434,843),(17551,428,843),(17550,423,843),(17549,421,843),(17548,415,843),(17547,411,843),(17546,408,843),(17545,404,843),(17544,400,843),(17591,117,844),(17590,113,844),(17589,110,844),(17588,105,844),(17587,101,844),(17586,57,845),(17585,97,844),(17584,54,845),(17583,93,844),(17582,50,845),(17581,90,844),(17580,48,845),(17579,85,844),(17578,41,845),(17577,82,844),(17576,39,845),(17575,77,844),(17574,34,845),(17573,73,844),(17572,29,845),(17571,70,844),(17570,25,845),(17569,65,844),(17568,21,845),(17615,201,846),(17614,336,847),(17613,197,846),(17612,332,847),(17611,194,846),(17610,327,847),(17609,189,846),(17608,324,847),(17607,183,846),(17606,320,847),(17605,178,846),(17604,315,847),(17603,172,846),(17602,311,847),(17601,167,846),(17600,162,846),(17599,156,846),(17598,152,846),(17597,148,846),(17596,143,846),(17595,136,846),(17594,131,846),(17593,127,846),(17592,122,846),(17639,395,847),(17638,391,847),(17637,247,848),(17636,242,848),(17635,387,847),(17634,384,847),(17633,379,847),(17632,376,847),(17631,371,847),(17630,370,847),(17629,237,846),(17628,364,847),(17627,232,846),(17626,360,847),(17625,227,846),(17624,356,847),(17623,222,846),(17622,218,846),(17621,352,847),(17620,347,847),(17619,213,846),(17618,343,847),(17617,207,846),(17616,342,847),(17663,443,847),(17662,306,848),(17661,439,847),(17660,305,848),(17659,436,847),(17658,300,848),(17657,432,847),(17656,292,848),(17655,430,847),(17654,289,848),(17653,425,847),(17652,284,848),(17651,420,847),(17650,278,848),(17649,415,847),(17648,275,848),(17647,411,847),(17646,269,848),(17645,407,847),(17644,265,848),(17643,405,847),(17642,260,848),(17641,401,847),(17640,254,848),(17687,272,849),(17686,267,849),(17685,44,850),(17684,38,850),(17683,262,849),(17682,34,850),(17681,258,849),(17680,30,850),(17679,254,849),(17678,249,849),(17677,26,850),(17676,244,849),(17675,22,850),(17674,490,847),(17673,483,847),(17672,479,847),(17671,476,847),(17670,471,847),(17669,467,847),(17668,463,847),(17667,460,847),(17666,455,847),(17665,452,847),(17664,448,847),(17711,330,852),(17710,90,851),(17709,325,852),(17708,86,851),(17707,321,852),(17706,83,851),(17705,317,852),(17704,78,851),(17703,313,852),(17702,75,851),(17701,70,851),(17700,66,851),(17699,63,851),(17698,309,849),(17697,302,849),(17696,300,849),(17695,294,849),(17694,58,850),(17693,287,849),(17692,282,849),(17691,55,850),(17690,51,850),(17689,277,849),(17688,46,850),(17725,118,851),(17724,355,852),(17723,115,851),(17722,352,852),(17721,347,852),(17720,110,851),(17719,344,852),(17718,107,851),(17717,340,852),(17716,102,851),(17715,336,852),(17714,97,851),(17713,331,852),(17712,95,851),(17739,143,853),(17738,391,852),(17737,138,853),(17736,388,852),(17735,133,853),(17734,384,852),(17733,127,853),(17732,380,852),(17731,123,853),(17730,377,852),(17729,372,852),(17728,368,852),(17727,363,852),(17726,361,852),(16386,33,790),(16385,76,789),(16384,32,790),(16383,72,789),(16382,68,789),(16381,28,790),(16380,21,790),(16379,64,789),(17745,158,853),(17744,404,852),(17743,153,853),(17742,400,852),(17741,147,853),(17740,395,852),(16400,108,789),(16399,104,789),(16398,57,790),(16397,100,789),(16396,55,790),(16395,96,789),(16394,49,790),(16393,92,789),(16392,48,790),(16391,88,789),(16390,84,789),(16389,42,790),(16388,80,789),(16387,40,790),(16414,251,792),(16413,160,791),(16412,248,792),(16411,155,791),(16410,243,792),(16409,148,791),(16408,143,791),(16407,136,791),(16406,135,791),(16405,126,791),(16404,121,791),(16403,120,789),(16402,116,789),(16401,112,789),(16428,287,792),(16427,195,791),(16426,284,792),(16425,190,791),(16424,278,792),(16423,181,791),(16422,273,792),(16421,179,791),(16420,268,792),(16419,172,791),(16418,261,792),(16417,166,791),(16416,258,792),(16415,165,791),(16442,314,793),(16441,236,791),(16440,231,791),(16439,230,791),(16438,224,791),(16437,220,791),(16436,306,792),(16435,214,791),(16434,303,792),(16433,209,791),(16432,297,792),(16431,203,791),(16430,293,792),(16429,198,791),(16456,370,793),(16455,365,793),(16454,361,793),(16453,358,793),(16452,351,793),(16451,347,793),(16450,343,793),(16449,339,793),(16448,335,793),(16447,332,793),(16446,327,793),(16445,325,793),(16444,319,793),(16443,317,793),(16470,424,793),(16469,422,793),(16468,416,793),(16467,411,793),(16466,409,793),(16465,404,793),(16464,400,793),(16463,397,793),(16462,391,793),(16461,387,793),(16460,386,793),(16459,382,793),(16458,376,793),(16457,372,793),(16484,482,793),(16483,478,793),(16482,472,793),(16481,468,793),(16480,464,793),(16479,461,793),(16478,455,793),(16477,451,793),(16476,449,793),(16475,446,793),(16474,441,793),(16473,436,793),(16472,433,793),(16471,429,793),(17757,189,853),(17756,428,852),(17755,183,853),(17754,424,852),(17753,178,853),(17752,420,852),(17751,174,853),(17750,415,852),(17749,168,853),(17748,413,852),(17747,164,853),(17746,407,852),(16486,488,793),(16485,485,793),(17771,223,853),(17770,455,852),(17769,452,852),(17768,218,853),(17767,215,853),(17766,449,852),(17765,443,852),(17764,209,853),(17763,202,853),(17762,440,852),(17761,199,853),(17760,435,852),(17759,193,853),(17758,433,852),(17785,70,854),(17784,65,854),(17783,62,854),(17782,488,852),(17781,483,852),(17780,479,852),(17779,475,852),(17778,472,852),(17777,469,852),(17776,238,853),(17775,233,853),(17774,463,852),(17773,227,853),(17772,459,852),(17799,47,855),(17798,97,854),(17797,41,855),(17796,93,854),(17795,39,855),(17794,89,854),(17793,34,855),(17792,86,854),(17791,30,855),(17790,83,854),(17789,26,855),(17788,77,854),(17787,21,855),(17786,73,854),(17813,320,857),(17812,315,857),(17811,132,856),(17810,312,857),(17809,127,856),(17808,122,856),(17807,117,854),(17806,58,855),(17805,113,854),(17804,53,855),(17803,109,854),(17802,49,855),(17801,105,854),(17800,101,854),(17827,173,856),(17826,344,857),(17825,167,856),(17824,340,857),(17823,163,856),(17822,336,857),(17821,157,856),(17820,152,856),(17819,331,857),(17818,147,856),(17817,327,857),(17816,143,856),(17815,324,857),(17814,136,856),(17841,372,857),(17840,206,856),(17839,201,856),(17838,370,857),(17837,197,856),(17836,364,857),(17835,192,856),(17834,360,857),(17833,188,856),(17832,357,857),(17831,182,856),(17830,351,857),(17829,176,856),(17828,348,857),(17855,406,857),(17854,400,857),(17853,395,857),(17852,237,856),(17851,392,857),(17850,231,856),(17849,388,857),(17848,226,856),(17847,383,857),(17846,222,856),(17845,380,857),(17844,216,856),(17843,376,857),(17842,212,856),(17869,268,858),(17868,436,857),(17867,264,858),(17866,433,857),(17865,260,858),(17864,430,857),(17863,253,858),(17862,424,857),(17861,249,858),(17860,422,857),(17859,243,858),(17858,416,857),(17857,411,857),(17856,407,857),(17883,302,858),(17882,463,857),(17881,300,858),(17880,459,857),(17879,292,858),(17878,455,857),(17877,287,858),(17876,452,857),(17875,283,858),(17874,450,857),(17873,279,858),(17872,443,857),(17871,274,858),(17870,440,857),(17897,75,859),(17896,32,860),(17895,70,859),(17894,27,860),(17893,66,859),(17892,24,860),(17891,63,859),(17890,490,857),(17889,483,857),(17888,479,857),(17887,476,857),(17886,471,857),(17885,308,858),(17884,468,857),(17911,102,859),(17910,60,860),(17909,98,859),(17908,55,860),(17907,95,859),(17906,49,860),(17905,91,859),(17904,46,860),(17903,88,859),(17902,43,860),(17901,82,859),(17900,38,860),(17899,78,859),(17898,34,860),(17925,157,861),(17924,249,862),(17923,152,861),(17922,243,862),(17921,147,861),(17920,142,861),(17919,137,861),(17918,134,861),(17917,126,861),(17916,117,859),(17915,121,861),(17914,113,859),(17913,109,859),(17912,106,859),(17939,282,862),(17938,195,861),(17937,279,862),(17936,190,861),(17935,272,862),(17934,184,861),(17933,179,861),(17932,268,862),(17931,262,862),(17930,172,861),(17929,166,861),(17928,257,862),(17927,161,861),(17926,254,862),(17953,239,861),(17952,232,861),(17951,227,861),(17950,222,861),(17949,310,862),(17948,217,861),(17947,214,861),(17946,302,862),(17945,299,862),(17944,209,861),(17943,291,862),(17942,204,861),(17941,287,862),(17940,197,861),(17998,490,863),(17997,483,863),(17996,480,863),(17995,477,863),(17994,472,863),(17993,469,863),(17992,463,863),(17991,459,863),(17990,458,863),(17989,452,863),(17988,447,863),(17987,443,863),(17986,440,863),(17985,437,863),(17984,434,863),(17983,429,863),(17982,423,863),(17981,422,863),(17980,417,863),(17979,411,863),(17978,410,863),(17977,403,863),(17976,399,863),(17975,395,863),(17974,391,863),(17973,387,863),(17972,383,863),(17971,380,863),(17970,378,863),(17969,374,863),(17968,369,863),(17967,363,863),(17966,359,863),(17965,358,863),(17964,354,863),(17963,350,863),(17962,345,863),(17961,342,863),(17960,338,863),(17959,333,863),(17958,327,863),(18043,338,867),(18042,182,866),(18041,334,867),(18040,177,866),(18039,330,867),(18038,172,866),(18037,326,867),(18036,167,866),(18035,322,867),(18034,162,866),(18033,157,866),(18032,318,867),(18031,152,866),(18030,314,867),(18029,147,866),(18028,141,866),(18027,137,866),(18026,132,866),(18025,127,866),(18024,118,865),(18023,123,866),(18022,113,865),(18021,111,865),(18020,108,865),(18019,103,865),(18018,98,865),(18017,59,864),(18016,95,865),(18015,55,864),(18014,92,865),(18013,52,864),(18012,87,865),(18011,46,864),(18010,84,865),(18009,42,864),(18008,79,865),(18007,39,864),(18006,74,865),(18005,36,864),(18004,72,865),(18003,31,864),(18088,416,867),(18087,414,867),(18086,408,867),(18085,406,867),(18084,400,867),(18083,395,867),(18082,392,867),(18081,390,867),(18080,386,867),(18079,382,867),(18078,378,867),(18077,310,868),(18076,303,868),(18075,300,868),(18074,295,868),(18073,290,868),(18072,283,868),(18071,280,868),(18070,273,868),(18069,267,868),(18068,263,868),(18067,258,868),(18066,255,868),(18065,250,868),(18064,245,868),(18063,239,866),(18062,231,866),(18061,374,867),(18060,226,866),(18059,370,867),(18058,221,866),(18057,366,867),(18056,216,866),(18055,362,867),(18054,211,866),(18053,358,867),(18052,206,866),(18051,354,867),(18050,201,866),(18049,348,867),(18048,197,866),(16187,368,779),(16186,365,779),(16185,360,779),(16184,356,779),(16183,351,779),(16182,59,780),(16181,349,779),(16180,55,780),(16179,346,779),(16178,51,780),(16177,341,779),(16176,46,780),(16175,336,779),(16174,331,779),(16173,41,780),(16172,37,780),(16171,328,779),(16170,34,780),(16169,324,779),(16168,32,780),(16167,322,779),(16166,26,780),(16165,317,779),(16164,22,780),(16163,312,779),(18108,65,869),(18107,62,869),(18106,490,867),(18105,483,867),(18104,480,867),(18103,475,867),(18102,471,867),(18101,469,867),(18100,465,867),(18099,459,867),(18098,455,867),(18097,454,867),(18096,450,867),(18095,444,867),(18094,442,867),(18093,438,867),(16232,266,782),(16231,263,782),(16230,464,779),(16229,256,782),(16228,459,779),(16227,252,782),(16226,455,779),(16225,248,782),(16224,451,779),(16223,245,782),(16222,448,779),(16221,443,779),(16220,441,779),(16219,438,779),(16218,433,779),(16217,120,781),(16216,427,779),(16215,115,781),(16214,425,779),(16213,419,779),(16212,111,781),(16211,418,779),(16210,106,781),(16209,413,779),(16208,103,781),(16207,410,779),(16206,100,781),(16205,403,779),(16204,95,781),(16203,401,779),(16202,91,781),(16201,395,779),(16200,85,781),(16199,394,779),(16198,83,781),(16197,390,779),(16196,77,781),(16195,386,779),(16194,73,781),(16193,381,779),(16192,72,781),(16277,73,784),(16276,135,785),(16275,71,784),(16274,129,785),(16273,68,784),(16272,124,785),(16271,63,784),(16270,236,783),(16269,233,783),(16268,227,783),(16267,222,783),(16266,218,783),(16265,214,783),(16264,208,783),(16263,202,783),(16262,199,783),(16261,195,783),(16260,189,783),(16259,185,783),(16258,179,783),(16257,175,783),(16256,169,783),(16255,163,783),(16254,156,783),(16253,153,783),(16252,147,783),(16251,143,783),(16250,139,783),(16249,131,783),(16248,130,783),(16247,123,783),(16246,308,782),(16245,303,782),(16244,296,782),(16243,291,782),(16242,488,779),(16241,287,782),(16240,486,779),(16239,285,782),(16238,482,779),(16237,277,782),(16322,254,787),(16321,249,787),(16320,244,787),(16319,59,786),(16318,55,786),(16317,52,786),(16316,48,786),(16315,43,786),(16314,237,785),(16313,38,786),(16312,231,785),(16311,36,786),(16310,32,786),(16309,226,785),(16308,27,786),(16307,223,785),(16306,23,786),(16305,220,785),(16304,211,785),(16303,209,785),(16302,202,785),(16301,196,785),(16300,194,785),(16299,120,784),(16298,187,785),(16297,115,784),(16296,184,785),(16295,109,784),(16294,177,785),(16293,107,784),(16292,173,785),(16291,103,784),(16290,167,785),(16289,98,784),(16288,164,785),(16287,94,784),(16286,156,785),(16285,89,784),(16284,155,785),(16283,85,784),(16282,147,785),(16367,446,788),(16366,440,788),(16365,435,788),(16364,433,788),(16363,427,788),(16362,426,788),(16361,421,788),(16360,418,788),(16359,414,788),(16358,408,788),(16357,404,788),(16356,400,788),(16355,396,788),(16354,392,788),(16353,390,788),(16352,383,788),(16351,379,788),(16350,377,788),(16349,373,788),(16348,368,788),(16347,366,788),(16346,362,788),(16345,356,788),(16344,351,788),(16343,347,788),(16342,309,787),(16341,344,788),(16340,305,787),(16339,342,788),(16338,299,787),(16337,337,788),(16336,293,787),(16335,334,788),(16334,288,787),(16333,328,788),(16332,285,787),(16331,325,788),(16330,279,787),(16329,320,788),(16328,272,787),(16327,316,788),(18142,158,871),(18141,320,872),(18140,152,871),(18139,316,872),(18138,147,871),(18137,313,872),(18136,142,871),(18135,137,871),(18134,132,871),(18133,127,871),(18132,122,871),(18131,117,869),(18130,113,869),(18129,110,869),(18128,105,869),(18127,58,870),(18126,101,869),(18125,54,870),(18124,97,869),(18123,93,869),(18122,50,870),(18121,89,869),(18120,47,870),(18119,86,869),(18118,41,870),(18117,81,869),(18116,39,870),(18115,77,869),(18114,34,870),(18113,30,870),(18112,74,869),(18111,26,870),(18110,69,869),(18109,21,870),(16378,490,788),(16377,484,788),(16376,481,788),(16375,478,788),(16374,473,788),(16373,469,788),(16372,464,788),(18187,260,873),(18186,420,872),(18185,254,873),(18184,415,872),(18183,248,873),(18182,411,872),(18181,244,873),(18180,407,872),(18179,404,872),(18178,399,872),(18177,395,872),(18176,391,872),(18175,387,872),(18174,238,871),(18173,383,872),(18172,231,871),(18171,380,872),(18170,227,871),(18169,375,872),(18168,222,871),(18167,372,872),(18166,218,871),(18165,369,872),(18164,213,871),(18163,364,872),(18162,207,871),(18161,361,872),(18160,202,871),(18159,355,872),(18158,197,871),(18157,352,872),(18156,192,871),(18155,347,872),(18154,189,871),(18153,345,872),(18152,183,871),(18151,341,872),(18150,178,871),(18149,336,872),(18148,173,871),(18147,332,872),(18232,287,874),(18231,340,875),(18230,283,874),(18229,336,875),(18228,278,874),(18227,332,875),(18226,273,874),(18225,328,875),(18224,268,874),(18223,324,875),(18222,263,874),(18221,320,875),(18220,258,874),(18219,316,875),(18218,253,874),(18217,312,875),(18216,248,874),(18215,243,874),(18214,490,872),(18213,483,872),(18212,480,872),(18211,475,872),(18210,471,872),(18209,469,872),(18208,308,873),(18207,463,872),(18206,302,873),(18205,459,872),(18204,456,872),(18203,300,873),(18202,452,872),(18201,293,873),(18200,447,872),(18199,288,873),(18198,443,872),(18197,283,873),(18196,440,872),(18195,436,872),(18194,278,873),(18193,274,873),(18192,432,872),(18277,444,875),(18276,440,875),(18275,436,875),(18274,118,876),(18273,432,875),(18272,114,876),(18271,429,875),(18270,110,876),(18269,424,875),(18268,106,876),(18267,420,875),(18266,103,876),(18265,415,875),(18264,98,876),(18263,94,876),(18262,411,875),(18261,90,876),(18260,408,875),(18259,86,876),(18258,404,875),(18257,83,876),(18256,400,875),(18255,78,876),(18254,395,875),(18253,74,876),(18252,391,875),(18251,70,876),(18250,387,875),(18249,66,876),(18248,384,875),(18247,62,876),(18246,380,875),(18245,376,875),(18244,372,875),(18243,368,875),(18242,364,875),(18241,308,874),(18240,359,875),(18239,356,875),(18238,302,874),(18237,352,875),(18322,238,878),(18321,232,878),(18320,228,878),(18319,223,878),(18318,218,878),(18317,213,878),(18316,208,878),(18315,203,878),(18314,198,878),(18313,193,878),(18312,189,878),(18311,182,878),(18310,177,878),(18309,173,878),(18308,168,878),(18307,163,878),(18306,157,878),(18305,152,878),(18304,147,878),(18303,142,878),(18302,138,878),(18301,133,878),(18300,128,878),(18299,123,878),(18298,58,877),(18297,488,875),(18296,54,877),(18295,483,875),(18294,51,877),(18293,480,875),(18292,46,877),(18291,475,875),(18290,43,877),(18289,471,875),(18288,38,877),(18287,468,875),(18286,34,877),(18285,464,875),(18284,30,877),(18283,459,875),(18282,26,877),(18367,42,881),(18366,237,879),(18365,38,881),(18364,232,879),(18363,35,881),(18362,228,879),(18361,29,881),(18360,222,879),(18359,25,881),(18358,218,879),(18357,21,881),(18356,213,879),(18355,208,879),(18354,204,879),(18353,197,879),(18352,192,879),(18351,188,879),(18350,117,880),(18349,113,880),(18348,182,879),(18347,111,880),(18346,177,879),(18345,105,880),(18344,101,880),(18343,173,879),(18342,167,879),(18341,97,880),(18340,162,879),(18339,93,880),(18338,90,880),(18337,157,879),(18336,85,880),(18335,153,879),(18334,148,879),(18333,81,880),(18332,78,880),(18331,144,879),(18330,137,879),(18329,73,880),(18328,69,880),(18327,132,879),(18412,415,883),(18411,414,883),(18410,408,883),(18409,403,883),(18408,400,883),(18407,395,883),(18406,391,883),(18405,387,883),(18404,383,883),(18403,379,883),(18402,375,883),(18401,371,883),(18400,369,883),(18399,363,883),(18398,360,883),(18397,356,883),(18396,351,883),(18395,347,883),(18394,307,882),(18393,343,883),(18392,304,882),(18391,341,883),(18390,300,882),(18389,337,883),(18388,294,882),(18387,333,883),(18386,287,882),(18385,328,883),(18384,282,882),(18383,325,883),(18382,278,882),(18381,320,883),(18380,273,882),(18379,316,883),(18378,268,882),(18377,311,883),(18376,263,882),(18375,258,882),(18374,254,882),(18373,248,882),(18372,243,882),(18457,127,886),(18456,122,886),(18455,117,884),(18454,114,884),(18453,111,884),(18452,108,884),(18451,101,884),(18450,97,884),(18449,58,885),(18448,93,884),(18447,55,885),(18446,49,885),(18445,90,884),(18444,46,885),(18443,87,884),(18442,43,885),(18441,83,884),(18440,38,885),(18439,78,884),(18438,34,885),(18437,75,884),(18436,31,885),(18435,72,884),(18434,26,885),(18433,67,884),(18432,22,885),(18431,62,884),(18430,489,883),(18429,483,883),(18428,480,883),(18427,475,883),(18426,471,883),(18425,469,883),(18424,464,883),(18423,459,883),(18422,455,883),(18421,452,883),(18420,449,883),(18419,443,883),(18418,439,883),(18417,436,883),(18502,345,888),(18501,341,888),(18500,337,888),(18499,332,888),(18498,330,888),(18497,326,888),(18496,320,888),(18495,317,888),(18494,313,888),(18493,237,886),(18492,232,886),(18491,227,886),(18490,222,886),(18489,217,886),(18488,214,886),(18487,310,887),(18486,207,886),(18485,301,887),(18484,201,886),(18483,300,887),(18482,199,886),(18481,294,887),(18480,195,886),(18479,287,887),(18478,190,886),(18477,282,887),(18476,278,887),(18475,184,886),(18474,178,886),(18473,273,887),(18472,174,886),(18471,269,887),(18470,169,886),(18469,262,887),(18468,257,887),(18467,164,886),(18466,254,887),(18465,157,886),(18464,249,887),(18463,152,886),(18462,243,887),(18547,80,889),(18546,36,890),(18545,76,889),(18544,31,890),(18543,72,889),(18542,28,890),(18541,67,889),(18540,23,890),(18539,62,889),(18538,490,888),(18537,483,888),(18536,482,888),(18535,476,888),(18534,472,888),(18533,470,888),(18532,463,888),(18531,460,888),(18530,457,888),(18529,453,888),(18528,448,888),(18527,443,888),(18526,441,888),(18525,436,888),(18524,432,888),(18523,430,888),(18522,424,888),(18521,421,888),(18520,416,888),(18519,413,888),(18518,408,888),(18517,404,888),(18516,401,888),(18515,395,888),(18514,391,888),(18513,387,888),(18512,385,888),(18511,380,888),(18510,376,888),(18509,374,888),(18508,370,888),(18507,364,888),(18592,189,892),(18591,314,893),(18590,182,892),(18589,177,892),(18588,174,892),(18587,309,891),(18586,169,892),(18585,301,891),(18584,164,892),(18583,297,891),(18582,159,892),(18581,294,891),(18580,153,892),(18579,287,891),(18578,147,892),(18577,283,891),(18576,141,892),(18575,279,891),(18574,139,892),(18573,272,891),(18572,134,892),(18571,267,891),(18570,127,892),(18569,263,891),(18568,124,892),(18567,257,891),(18566,254,891),(18565,249,891),(18564,244,891),(18563,118,889),(18562,114,889),(18561,112,889),(18560,105,889),(18559,101,889),(18558,59,890),(18557,98,889),(18556,56,890),(18555,94,889),(18554,51,890),(18553,90,889),(18552,46,890),(18637,452,893),(18636,450,893),(18635,444,893),(18634,440,893),(18633,436,893),(18632,431,893),(18631,428,893),(18630,423,893),(18629,421,893),(18628,416,893),(18627,413,893),(18626,408,893),(18625,404,893),(18624,402,893),(18623,396,893),(18622,391,893),(18621,390,893),(18620,384,893),(18619,380,893),(18618,376,893),(18617,373,893),(18616,368,893),(18615,366,893),(18614,362,893),(18613,357,893),(18612,240,892),(18611,352,893),(18610,233,892),(18609,347,893),(18608,227,892),(18607,344,893),(18606,224,892),(18605,339,893),(18604,336,893),(18603,219,892),(18602,214,892),(18601,332,893),(18600,330,893),(18599,209,892),(18598,326,893),(18597,205,892),(18682,152,896),(18681,147,896),(18680,142,896),(18679,138,896),(18678,133,896),(18677,127,896),(18676,122,896),(18675,309,895),(18674,303,895),(18673,300,895),(18672,292,895),(18671,287,895),(18670,282,895),(18669,278,895),(18668,272,895),(18667,269,895),(18666,263,895),(18665,258,895),(18664,253,895),(18663,249,895),(18662,242,895),(18661,119,894),(18660,113,894),(18659,109,894),(18658,106,894),(18657,101,894),(18656,97,894),(18655,93,894),(18654,90,894),(18653,87,894),(18652,84,894),(18651,77,894),(18650,74,894),(18649,69,894),(18648,65,894),(18647,62,894),(18646,488,893),(18645,484,893),(18644,479,893),(18643,475,893),(18642,472,893),(18727,379,898),(18726,376,898),(18725,372,898),(18724,369,898),(18723,364,898),(18722,361,898),(18721,356,898),(18720,352,898),(18719,347,898),(18718,343,898),(18717,340,898),(18716,337,898),(18715,332,898),(18714,328,898),(18713,324,898),(18712,320,898),(18711,317,898),(18710,312,898),(18709,58,897),(18708,54,897),(18707,50,897),(18706,46,897),(18705,42,897),(18704,38,897),(18703,34,897),(18702,31,897),(18701,26,897),(18700,22,897),(18699,237,896),(18698,232,896),(18697,229,896),(18696,222,896),(18695,218,896),(18694,214,896),(18693,209,896),(18692,202,896),(18691,197,896),(18690,192,896),(18689,188,896),(18688,182,896),(18687,177,896),(18772,161,900),(18771,93,899),(18770,158,900),(18769,89,899),(18768,152,900),(18767,86,899),(18766,149,900),(18765,81,899),(18764,144,900),(18763,77,899),(18762,136,900),(18761,74,899),(18760,132,900),(18759,69,899),(18758,128,900),(18757,65,899),(18756,123,900),(18755,61,899),(18754,489,898),(18753,483,898),(18752,480,898),(18751,475,898),(18750,471,898),(18749,469,898),(18748,463,898),(18747,461,898),(18746,456,898),(18745,452,898),(18744,448,898),(18743,443,898),(18742,439,898),(18741,436,898),(18740,432,898),(18739,429,898),(18738,424,898),(18737,419,898),(18736,415,898),(18735,412,898),(18734,408,898),(18733,405,898),(18732,401,898),(18817,311,903),(18816,53,902),(18815,49,902),(18814,47,902),(18813,42,902),(18812,39,902),(18811,308,901),(18810,33,902),(18809,304,901),(18808,30,902),(18807,300,901),(18806,25,902),(18805,293,901),(18804,21,902),(18803,288,901),(18802,285,901),(18801,278,901),(18800,274,901),(18799,269,901),(18798,265,901),(18797,236,900),(18796,260,901),(18795,233,900),(18794,254,901),(18793,226,900),(18792,249,901),(18791,221,900),(18790,243,901),(18789,219,900),(18788,212,900),(18787,208,900),(18786,202,900),(18785,197,900),(18784,117,899),(18783,192,900),(18782,189,900),(18781,113,899),(18780,183,900),(18779,109,899),(18778,106,899),(18777,177,900),(18862,488,903),(18861,483,903),(18860,479,903),(18859,475,903),(18858,471,903),(18857,469,903),(18856,463,903),(18855,459,903),(18854,455,903),(18853,452,903),(18852,447,903),(18851,443,903),(18850,439,903),(18849,435,903),(18848,431,903),(18847,427,903),(18846,424,903),(18845,420,903),(18844,415,903),(18843,412,903),(18842,407,903),(18841,403,903),(18840,399,903),(18839,395,903),(18838,391,903),(18837,387,903),(18836,383,903),(18835,379,903),(18834,375,903),(18833,371,903),(18832,369,903),(18831,363,903),(18830,359,903),(18829,356,903),(18828,351,903),(18827,347,903),(18826,343,903),(18825,339,903),(18824,335,903),(18823,331,903),(18822,327,903),(17957,326,863),(17956,321,863),(17955,317,863),(17954,313,863),(18002,67,865),(18001,26,864),(18000,63,865),(17999,23,864),(18047,345,867),(18046,192,866),(18045,342,867),(18044,188,866),(18092,432,867),(18091,430,867),(18090,424,867),(18089,422,867),(16191,375,779),(16190,66,781),(16189,372,779),(16188,61,781),(16236,477,779),(16235,275,782),(16234,471,779),(16233,467,779),(16281,84,784),(16280,141,785),(16279,78,784),(16278,138,785),(16326,266,787),(16325,314,788),(16324,262,787),(16323,259,787),(16371,460,788),(16370,455,788),(16369,453,788),(16368,448,788),(18146,167,871),(18145,327,872),(18144,162,871),(18143,324,872),(18191,269,873),(18190,430,872),(18189,265,873),(18188,423,872),(18236,297,874),(18235,347,875),(18234,293,874),(18233,344,875),(18281,456,875),(18280,22,877),(18279,452,875),(18278,448,875),(18326,128,879),(18325,65,880),(18324,122,879),(18323,62,880),(18371,57,881),(18370,54,881),(18369,50,881),(18368,46,881),(18416,431,883),(18415,429,883),(18414,424,883),(18413,421,883),(18461,147,886),(18460,144,886),(18459,138,886),(18458,133,886),(18506,361,888),(18505,357,888),(18504,351,888),(18503,348,888),(18551,87,889),(18550,44,890),(18549,83,889),(18548,38,890),(18596,197,892),(18595,320,893),(18594,192,892),(18593,317,893),(18641,468,893),(18640,464,893),(18639,459,893),(18638,457,893),(18686,173,896),(18685,168,896),(18684,163,896),(18683,157,896),(18731,395,898),(18730,391,898),(18729,387,898),(18728,384,898),(18776,172,900),(18775,101,899),(18774,167,900),(18773,97,899),(18821,323,903),(18820,319,903),(18819,315,903),(18818,57,902),(18865,126,904),(18864,63,905),(18863,124,904),(18868,71,905),(18867,135,904),(18866,66,905),(18871,142,904),(18870,75,905),(18869,139,904),(18874,83,905),(18873,147,904),(18872,78,905),(18875,152,904),(18878,91,905),(18877,159,904),(18876,85,905),(18881,169,904),(18880,93,905),(18879,165,904),(18884,103,905),(18883,174,904),(18882,97,905),(18888,109,905),(18887,184,904),(18886,106,905),(18885,179,904),(18891,192,904),(18890,113,905),(18889,189,904),(18894,205,904),(18893,200,904),(18892,119,905),(18895,210,904),(18896,215,904),(18897,219,904),(18911,23,907),(18910,283,906),(18909,280,906),(18908,272,906),(18907,267,906),(18906,262,906),(18905,260,906),(18904,240,904),(18903,255,906),(18902,235,904),(18901,227,904),(18900,250,906),(18899,223,904),(18898,244,906),(18935,347,908),(18934,343,908),(18933,341,908),(18932,337,908),(18931,332,908),(18930,328,908),(18929,324,908),(18928,321,908),(18927,318,908),(18926,314,908),(18925,60,907),(18924,56,907),(18923,51,907),(18922,46,907),(18921,44,907),(18920,310,906),(18919,37,907),(18918,304,906),(18917,35,907),(18916,298,906),(18915,31,907),(18914,295,906),(18913,27,907),(18912,287,906),(18980,260,910),(18979,82,909),(18978,254,910),(18977,77,909),(18976,248,910),(18975,74,909),(18974,243,910),(18973,71,909),(18972,65,909),(18971,62,909),(18970,488,908),(18969,483,908),(18968,479,908),(18967,476,908),(18966,471,908),(18965,468,908),(18964,463,908),(18963,459,908),(18962,455,908),(18961,452,908),(18960,450,908),(18959,444,908),(18958,442,908),(18957,436,908),(18956,434,908),(18955,430,908),(18954,423,908),(18953,419,908),(18952,415,908),(18951,411,908),(18950,407,908),(18949,403,908),(18948,401,908),(18947,395,908),(18946,391,908),(18945,388,908),(18944,383,908),(18943,380,908),(18942,377,908),(18941,374,908),(18940,368,908),(18939,364,908),(18938,360,908),(18937,358,908),(18936,354,908),(18995,114,909),(18994,292,910),(18993,112,909),(18992,289,910),(18991,106,909),(18990,283,910),(18989,101,909),(18988,278,910),(18987,97,909),(18986,273,910),(18985,94,909),(18984,269,910),(18983,90,909),(18982,264,910),(18981,87,909),(19010,144,912),(19009,331,911),(19008,136,912),(19007,327,911),(19006,132,912),(19005,324,911),(19004,126,912),(19003,319,911),(19002,121,912),(19001,315,911),(19000,311,911),(18999,307,910),(18998,303,910),(18997,118,909),(18996,300,910),(19025,366,911),(19024,359,911),(19023,176,912),(19022,358,911),(19021,172,912),(19020,351,911),(19019,167,912),(19018,347,911),(19017,162,912),(19016,343,911),(19015,156,912),(19014,339,911),(19013,151,912),(19012,336,911),(19011,148,912),(19039,218,912),(19049,411,911),(19038,211,912),(19048,239,912),(19073,58,913),(19118,327,916),(19037,387,911),(19047,407,911),(19072,467,911),(19117,218,915),(19036,208,912),(19046,234,912),(19071,54,913),(19116,324,916),(19035,383,911),(19045,403,911),(19070,463,911),(19115,213,915),(19034,379,911),(19044,226,912),(19069,49,913),(19033,201,912),(19114,321,916),(19043,399,911),(19068,459,911),(19032,199,912),(19113,207,915),(19042,395,911),(19067,47,913),(19031,376,911),(19112,317,916),(19041,222,912),(19066,455,911),(19111,203,915),(19040,391,911),(19030,371,911),(19065,44,913),(19110,313,916),(19029,192,912),(19064,452,911),(19109,198,915),(19028,368,911),(19063,39,913),(19108,194,915),(19027,189,912),(19062,449,911),(19107,189,915),(19026,184,912),(19061,34,913),(19106,183,915),(19060,443,911),(19059,29,913),(19105,117,914),(19058,440,911),(19104,177,915),(19057,26,913),(19103,173,915),(19056,435,911),(19102,113,914),(19055,23,913),(19101,110,914),(19054,431,911),(19100,168,915),(19053,430,911),(19099,105,914),(19052,425,911),(19098,163,915),(19097,157,915),(19051,421,911),(19096,102,914),(19050,415,911),(19095,97,914),(19094,152,915),(19093,146,915),(19092,94,914),(19091,142,915),(19090,89,914),(19089,137,915),(19088,87,914),(19087,132,915),(19086,82,914),(19085,126,915),(19084,78,914),(19083,75,914),(19082,122,915),(19081,70,914),(19080,65,914),(19079,62,914),(19078,489,911),(19077,483,911),(19076,479,911),(19075,475,911),(19074,471,911),(19133,368,916),(19143,388,916),(19132,243,917),(19142,268,917),(19131,363,916),(19141,383,916),(19130,361,916),(19140,263,917),(19129,356,916),(19139,380,916),(19128,353,916),(19138,259,917),(19127,347,916),(19137,377,916),(19126,238,915),(19136,255,917),(19125,343,916),(19135,372,916),(19124,339,916),(19134,249,917),(19123,233,915),(19122,336,916),(19121,227,915),(19120,222,915),(19119,332,916),(19157,310,917),(19181,59,918),(19156,412,916),(19180,469,916),(19155,302,917),(19179,55,918),(19154,300,917),(19178,463,916),(19153,408,916),(19177,50,918),(19152,295,917),(19176,47,918),(19151,403,916),(19175,459,916),(19150,288,917),(19174,43,918),(19149,399,916),(19173,456,916),(19148,283,917),(19172,39,918),(19147,396,916),(19226,332,922),(19171,453,916),(19146,280,917),(19225,97,921),(19170,450,916),(19145,391,916),(19224,328,922),(19169,36,918),(19144,272,917),(19223,324,922),(19168,31,918),(19222,93,921),(19167,444,916),(19221,320,922),(19166,27,918),(19220,90,921),(19165,440,916),(19219,86,921),(19164,23,918),(19218,315,922),(19163,436,916),(19217,82,921),(19162,432,916),(19216,311,922),(19161,428,916),(19215,77,921),(19160,423,916),(19214,73,921),(19159,420,916),(19213,70,921),(19158,415,916),(19212,65,921),(19211,62,921),(19210,307,919),(19209,302,919),(19208,300,919),(19207,294,919),(19206,288,919),(19205,57,920),(19204,283,919),(19203,54,920),(19202,277,919),(19201,49,920),(19200,274,919),(19199,47,920),(19198,269,919),(19197,42,920),(19196,263,919),(19195,39,920),(19194,34,920),(19193,258,919),(19192,254,919),(19191,29,920),(19190,26,920),(19189,248,919),(19188,21,920),(19187,243,919),(19186,488,916),(19185,483,916),(19184,480,916),(19183,475,916),(19182,471,916),(19236,353,922),(19251,387,922),(19235,347,922),(19250,149,923),(19234,118,921),(19249,383,922),(19233,343,922),(19248,144,923),(19232,113,921),(19247,379,922),(19231,339,922),(19246,138,923),(19230,109,921),(19245,375,922),(19229,336,922),(19244,134,923),(19228,105,921),(19243,371,922),(19227,102,921),(19242,128,923),(19241,367,922),(19240,124,923),(19239,364,922),(19238,360,922),(19237,356,922),(19275,436,922),(19320,303,925),(19334,146,926),(19274,208,923),(19319,109,924),(19333,38,927),(19273,431,922),(19318,299,925),(19332,142,926),(19272,202,923),(19317,105,924),(19331,34,927),(19271,428,922),(19330,137,926),(19316,294,925),(19270,197,923),(19329,32,927),(19315,102,924),(19269,424,922),(19328,133,926),(19314,287,925),(19268,192,923),(19327,27,927),(19313,97,924),(19267,420,922),(19312,283,925),(19326,126,926),(19266,187,923),(19311,93,924),(19325,122,926),(19265,415,922),(19310,278,925),(19324,22,927),(19264,183,923),(19309,90,924),(19323,309,925),(19263,412,922),(19308,272,925),(19322,117,924),(19262,177,923),(19307,87,924),(19321,114,924),(19261,407,922),(19306,267,925),(19260,173,923),(19305,81,924),(19259,404,922),(19304,263,925),(19258,167,923),(19303,78,924),(19257,399,922),(19302,258,925),(19256,162,923),(19301,75,924),(19255,395,922),(19300,253,925),(19254,158,923),(19299,70,924),(19253,391,922),(19298,248,925),(19252,153,923),(19297,65,924),(19296,244,925),(19295,63,924),(19294,488,922),(19293,483,922),(19292,479,922),(19291,475,922),(19290,471,922),(19289,468,922),(19288,463,922),(19287,238,923),(19286,459,922),(19285,231,923),(19284,455,922),(19283,228,923),(19282,453,922),(19281,449,922),(19280,222,923),(19279,443,922),(19278,218,923),(19277,439,922),(19276,213,923),(19349,192,926),(19348,313,928),(19359,333,928),(19347,189,926),(19358,219,926),(19346,181,926),(19357,213,926),(19345,177,926),(19356,328,928),(19344,173,926),(19355,324,928),(19343,168,926),(19354,209,926),(19342,59,927),(19353,321,928),(19341,163,926),(19352,203,926),(19340,54,927),(19351,316,928),(19339,50,927),(19350,198,926),(19338,156,926),(19337,46,927),(19336,152,926),(19335,43,927),(19383,413,928),(19397,470,928),(19382,408,928),(19396,463,928),(19381,404,928),(19395,459,928),(19380,400,928),(19394,456,928),(19379,395,928),(19393,453,928),(19378,391,928),(19392,449,928),(19377,388,928),(19391,443,928),(19376,384,928),(19390,440,928),(19375,380,928),(19389,437,928),(19374,376,928),(19388,434,928),(19373,372,928),(19387,430,928),(19372,370,928),(19386,423,928),(19371,364,928),(19385,421,928),(19370,361,928),(19384,415,928),(19369,356,928),(19442,142,932),(19368,352,928),(19441,347,931),(19367,347,928),(19440,138,932),(19366,238,926),(19439,343,931),(19365,232,926),(19438,133,932),(19364,343,928),(19437,339,931),(19363,340,928),(19436,128,932),(19362,228,926),(19435,335,931),(19361,335,928),(19434,123,932),(19360,222,926),(19433,333,931),(19432,327,931),(19431,324,931),(19430,320,931),(19429,316,931),(19428,312,931),(19427,117,930),(19426,113,930),(19425,110,930),(19424,105,930),(19423,101,930),(19422,97,930),(19421,58,929),(19420,93,930),(19419,54,929),(19418,89,930),(19417,49,929),(19416,85,930),(19415,48,929),(19414,82,930),(19413,42,929),(19412,77,930),(19411,39,929),(19410,73,930),(19409,33,929),(19408,70,930),(19407,30,929),(19406,25,929),(19405,65,930),(19404,21,929),(19403,61,930),(19402,489,928),(19401,483,928),(19400,480,928),(19399,475,928),(19398,471,928),(19452,167,932),(19467,399,931),(19451,369,931),(19466,201,932),(19450,162,932),(19465,396,931),(19449,363,931),(19464,198,932),(19448,159,932),(19463,391,931),(19447,359,931),(19462,192,932),(19446,154,932),(19461,387,931),(19445,357,931),(19460,187,932),(19444,150,932),(19459,384,931),(19443,352,931),(19458,182,932),(19457,379,931),(19456,179,932),(19455,376,931),(19454,172,932),(19453,371,931),(19491,455,931),(19505,483,931),(19490,253,933),(19504,288,933),(19489,248,933),(19503,479,931),(19488,452,931),(19502,284,933),(19487,447,931),(19501,475,931),(19486,242,933),(19500,277,933),(19485,443,931),(19499,471,931),(19484,439,931),(19498,272,933),(19483,436,931),(19497,468,931),(19482,431,931),(19496,269,933),(19481,428,931),(19495,463,931),(19480,237,932),(19550,97,935),(19479,424,931),(19494,264,933),(19549,430,934),(19478,233,932),(19493,459,931),(19548,93,935),(19477,421,931),(19492,257,933),(19547,423,934),(19476,415,931),(19546,89,935),(19475,228,932),(19545,421,934),(19474,222,932),(19544,86,935),(19473,412,931),(19543,415,934),(19472,217,932),(19542,81,935),(19471,408,931),(19541,413,934),(19470,403,931),(19540,77,935),(19469,213,932),(19539,407,934),(19468,207,932),(19538,73,935),(19537,403,934),(19536,70,935),(19535,399,934),(19534,395,934),(19533,392,934),(19532,387,934),(19531,384,934),(19530,381,934),(19529,375,934),(19528,371,934),(19527,369,934),(19526,363,934),(19525,359,934),(19524,355,934),(19523,351,934),(19522,348,934),(19521,343,934),(19520,339,934),(19519,335,934),(19518,331,934),(19517,327,934),(19516,324,934),(19515,320,934),(19514,315,934),(19513,65,935),(19512,61,935),(19511,312,934),(19510,308,933),(19509,301,933),(19508,297,933),(19507,488,931),(19506,291,933),(19565,468,934),(19564,463,934),(19575,489,934),(19563,459,934),(19574,264,936),(19562,455,934),(19573,484,934),(19561,452,934),(19572,258,936),(19560,117,935),(19571,480,934),(19559,447,934),(19570,254,936),(19558,113,935),(19569,475,934),(19557,444,934),(19568,248,936),(19556,109,935),(19567,471,934),(19555,441,934),(19566,245,936),(19554,106,935),(19553,436,934),(19552,101,935),(19551,431,934),(19644,184,940),(19599,33,938),(19658,227,940),(19643,109,939),(19598,171,937),(19657,254,941),(19597,29,938),(19642,178,940),(19656,222,940),(19596,166,937),(19641,105,939),(19655,247,941),(19640,172,940),(19595,25,938),(19654,217,940),(19594,162,937),(19639,102,939),(19653,243,941),(19593,22,938),(19638,167,940),(19652,212,940),(19592,156,937),(19637,97,939),(19651,207,940),(19591,152,937),(19636,163,940),(19650,204,940),(19590,147,937),(19635,93,939),(19649,198,940),(19589,143,937),(19634,157,940),(19648,192,940),(19633,89,939),(19588,136,937),(19647,117,939),(19632,152,940),(19587,310,936),(19646,187,940),(19586,131,937),(19631,86,939),(19645,113,939),(19585,303,936),(19630,147,940),(19584,126,937),(19629,83,939),(19583,300,936),(19628,143,940),(19582,121,937),(19627,77,939),(19581,292,936),(19626,136,940),(19580,288,936),(19625,74,939),(19579,285,936),(19624,132,940),(19578,278,936),(19623,70,939),(19577,274,936),(19622,127,940),(19576,268,936),(19621,66,939),(19620,122,940),(19619,62,939),(19618,238,937),(19617,232,937),(19616,227,937),(19615,223,937),(19614,218,937),(19613,213,937),(19612,208,937),(19611,58,938),(19610,201,937),(19609,54,938),(19608,196,937),(19607,49,938),(19606,192,937),(19605,47,938),(19604,186,937),(19603,42,938),(19602,181,937),(19601,39,938),(19600,177,937),(19668,293,941),(19683,57,942),(19667,288,941),(19682,316,943),(19666,283,941),(19681,54,942),(19665,278,941),(19680,312,943),(19664,274,941),(19679,49,942),(19663,269,941),(19678,48,942),(19662,237,940),(19677,42,942),(19661,263,941),(19676,39,942),(19660,232,940),(19675,33,942),(19659,259,941),(19674,309,941),(19673,29,942),(19672,302,941),(19671,26,942),(19670,299,941),(19669,21,942),(19697,371,943),(19721,468,943),(19696,369,943),(19720,463,943),(19695,363,943),(19719,459,943),(19694,359,943),(19718,455,943),(19693,356,943),(19717,452,943),(19692,351,943),(19716,448,943),(19691,347,943),(19715,443,943),(19690,343,943),(19714,439,943),(19689,339,943),(19713,435,943),(19688,335,943),(19712,431,943),(19687,331,943),(19711,429,943),(19686,328,943),(19710,423,943),(19685,324,943),(19709,419,943),(19766,254,946),(19684,320,943),(19708,415,943),(19765,227,944),(19764,249,946),(19707,411,943),(19763,222,944),(19706,407,943),(19762,243,946),(19705,403,943),(19761,218,944),(19704,399,943),(19703,395,943),(19760,213,944),(19702,391,943),(19759,208,944),(19701,387,943),(19758,201,944),(19700,383,943),(19757,199,944),(19699,379,943),(19756,117,945),(19698,375,943),(19755,194,944),(19754,113,945),(19753,190,944),(19752,110,945),(19751,183,944),(19750,105,945),(19749,178,944),(19748,102,945),(19747,173,944),(19746,97,945),(19745,169,944),(19744,93,945),(19743,163,944),(19742,90,945),(19741,158,944),(19740,87,945),(19739,153,944),(19738,83,945),(19737,147,944),(19736,142,944),(19735,78,945),(19734,74,945),(19733,137,944),(19732,132,944),(19731,71,945),(19730,67,945),(19729,127,944),(19728,62,945),(19727,123,944),(19726,489,943),(19725,483,943),(19724,479,943),(19723,475,943),(19722,471,943),(19781,298,946),(19780,36,947),(19779,31,947),(19778,294,946),(19777,27,947),(19776,288,946),(19775,24,947),(19774,284,946),(19773,278,946),(19772,273,946),(19771,268,946),(19770,263,946),(19769,237,944),(19768,258,946),(19767,232,944),(19805,372,948),(19819,430,948),(19804,370,948),(19829,470,948),(19818,424,948),(19874,167,951),(19803,364,948),(19817,420,948),(19828,463,948),(19873,263,952),(19802,360,948),(19816,416,948),(19827,459,948),(19872,161,951),(19815,414,948),(19801,356,948),(19826,456,948),(19871,259,952),(19814,408,948),(19800,352,948),(19825,453,948),(19799,349,948),(19824,450,948),(19813,404,948),(19870,157,951),(19798,343,948),(19869,253,952),(19823,443,948),(19812,400,948),(19797,339,948),(19822,439,948),(19868,152,951),(19811,395,948),(19796,335,948),(19821,435,948),(19867,248,952),(19810,393,948),(19795,332,948),(19820,432,948),(19866,146,951),(19809,387,948),(19794,327,948),(19865,243,952),(19808,384,948),(19793,325,948),(19864,144,951),(19807,380,948),(19792,321,948),(19863,136,951),(19806,376,948),(19791,316,948),(19862,132,951),(19790,312,948),(19861,127,951),(19789,58,947),(19860,122,951),(19788,55,947),(19859,120,949),(19787,50,947),(19858,114,949),(19786,46,947),(19857,111,949),(19785,308,946),(19856,106,949),(19784,43,947),(19855,102,949),(19783,303,946),(19854,59,950),(19782,38,947),(19853,98,949),(19852,54,950),(19851,96,949),(19850,50,950),(19849,92,949),(19848,86,949),(19847,47,950),(19846,42,950),(19845,84,949),(19844,38,950),(19843,78,949),(19842,34,950),(19841,75,949),(19840,30,950),(19839,71,949),(19838,26,950),(19837,66,949),(19836,22,950),(19835,62,949),(19834,490,948),(19833,483,948),(19832,479,948),(19831,475,948),(19830,471,948),(19889,304,952),(19899,316,953),(19888,202,951),(19887,299,952),(19898,312,953),(19886,198,951),(19897,237,951),(19885,294,952),(19896,232,951),(19884,192,951),(19895,227,951),(19883,287,952),(19894,222,951),(19893,217,951),(19882,188,951),(19923,411,953),(19881,283,952),(19892,213,951),(19922,408,953),(19937,467,953),(19891,310,952),(19982,172,956),(19936,465,953),(19921,404,953),(19880,183,951),(19890,207,951),(19935,460,953),(19920,400,953),(19981,258,957),(19879,278,952),(19934,455,953),(19980,169,956),(19878,177,951),(19919,396,953),(19933,453,953),(19918,391,953),(19877,272,952),(19979,253,957),(19932,449,953),(19917,388,953),(19876,172,951),(19978,164,956),(19916,386,953),(19931,444,953),(19875,269,952),(19930,440,953),(19915,381,953),(19977,249,957),(19929,436,953),(19914,377,953),(19976,159,956),(19928,432,953),(19913,372,953),(19975,243,957),(19927,428,953),(19912,368,953),(19974,154,956),(19926,424,953),(19911,364,953),(19973,149,956),(19925,420,953),(19972,144,956),(19910,360,953),(19909,358,953),(19924,415,953),(19971,136,956),(19970,132,956),(19908,352,953),(19969,126,956),(19907,347,953),(19968,120,954),(19906,343,953),(19967,123,956),(19905,340,953),(19966,113,954),(19904,335,953),(19965,109,954),(19903,333,953),(19964,108,954),(19902,330,953),(19963,101,954),(19901,325,953),(19962,97,954),(19900,320,953),(19961,59,955),(19960,93,954),(19959,55,955),(19958,91,954),(19957,50,955),(19956,86,954),(19955,81,954),(19954,46,955),(19953,43,955),(19952,78,954),(19951,38,955),(19950,75,954),(19949,34,955),(19948,71,954),(19947,30,955),(19946,66,954),(19945,27,955),(19944,23,955),(19943,63,954),(19942,488,953),(19941,483,953),(19940,480,953),(19939,476,953),(19938,472,953),(19992,199,956),(20007,318,958),(19991,194,956),(20006,313,958),(19990,282,957),(20005,236,956),(19989,278,957),(20004,231,956),(19988,189,956),(20003,227,956),(19987,273,957),(20002,223,956),(19986,183,956),(20001,219,956),(19985,267,957),(20000,310,957),(19984,179,956),(19999,212,956),(19983,263,957),(20045,470,958),(20031,412,958),(19998,303,957),(20030,409,958),(20044,463,958),(19997,209,956),(20029,404,958),(20043,459,958),(19996,298,957),(20028,399,958),(20042,455,958),(19995,204,956),(20090,25,961),(19994,293,957),(20089,400,959),(20041,453,958),(20027,396,958),(19993,287,957),(20040,448,958),(20026,391,958),(20088,22,961),(20025,388,958),(20039,443,958),(20087,396,959),(20024,384,958),(20038,441,958),(20086,391,959),(20037,435,958),(20023,381,958),(20085,387,959),(20036,433,958),(20022,376,958),(20084,383,959),(20035,429,958),(20083,380,959),(20021,373,958),(20082,118,960),(20034,423,958),(20020,369,958),(20081,375,959),(20033,420,958),(20019,365,958),(20032,418,958),(20080,372,959),(20079,113,960),(20018,361,958),(20078,369,959),(20017,356,958),(20077,109,960),(20016,351,958),(20076,364,959),(20015,349,958),(20014,343,958),(20075,106,960),(20013,340,958),(20074,361,959),(20012,335,958),(20011,333,958),(20073,103,960),(20072,355,959),(20010,328,958),(20071,97,960),(20009,323,958),(20070,352,959),(20008,320,958),(20069,94,960),(20068,348,959),(20067,90,960),(20066,343,959),(20065,86,960),(20064,339,959),(20063,82,960),(20062,335,959),(20061,77,960),(20060,331,959),(20059,74,960),(20058,327,959),(20057,71,960),(20056,324,959),(20055,65,960),(20054,320,959),(20053,62,960),(20052,315,959),(20051,312,959),(20050,490,958),(20049,484,958),(20048,482,958),(20047,477,958),(20046,471,958),(20105,431,959),(20115,459,959),(20104,54,961),(20114,129,962),(20113,456,959),(20103,430,959),(20112,124,962),(20102,50,961),(20111,452,959),(20101,424,959),(20110,449,959),(20100,47,961),(20109,443,959),(20099,420,959),(20108,440,959),(20098,42,961),(20107,435,959),(20139,202,962),(20153,238,962),(20097,415,959),(20138,248,963),(20106,58,961),(20152,283,963),(20096,39,961),(20137,198,962),(20151,231,962),(20095,412,959),(20198,161,966),(20136,243,963),(20150,277,963),(20094,34,961),(20197,268,967),(20135,192,962),(20149,227,962),(20093,408,959),(20196,156,966),(20134,187,962),(20092,30,961),(20148,273,963),(20195,263,967),(20133,183,962),(20091,404,959),(20132,179,962),(20147,222,962),(20194,151,966),(20131,174,962),(20146,268,963),(20193,258,967),(20145,217,962),(20130,168,962),(20192,146,966),(20144,263,963),(20191,254,967),(20129,490,959),(20143,212,962),(20128,163,962),(20190,142,966),(20142,257,963),(20127,484,959),(20189,250,967),(20141,207,962),(20126,159,962),(20188,136,966),(20140,252,963),(20125,479,959),(20187,245,967),(20124,153,962),(20186,131,966),(20123,475,959),(20185,126,966),(20122,148,962),(20184,121,966),(20121,471,959),(20183,117,964),(20120,144,962),(20182,113,964),(20119,469,959),(20181,109,964),(20118,137,962),(20180,59,965),(20117,463,959),(20179,106,964),(20116,134,962),(20178,55,965),(20177,102,964),(20176,51,965),(20175,98,964),(20174,46,965),(20173,95,964),(20172,42,965),(20171,90,964),(20170,38,965),(20169,86,964),(20168,34,965),(20167,81,964),(20166,30,965),(20165,27,965),(20164,77,964),(20163,23,965),(20162,76,964),(20161,70,964),(20160,68,964),(20159,64,964),(20158,308,963),(20157,301,963),(20156,300,963),(20155,294,963),(20154,288,963),(20223,319,968),(20208,186,966),(20222,231,966),(20207,295,967),(20221,316,968),(20206,181,966),(20220,226,966),(20205,288,967),(20219,313,968),(20204,176,966),(20218,221,966),(20203,283,967),(20217,216,966),(20202,171,966),(20216,211,966),(20201,280,967),(20215,206,966),(20200,166,966),(20214,201,966),(20199,273,967),(20213,310,967),(20212,196,966),(20247,414,968),(20211,305,967),(20246,407,968),(20210,191,966),(20245,403,968),(20209,300,967),(20244,400,968),(20306,226,969),(20243,395,968),(20292,183,969),(20305,30,971),(20291,110,970),(20242,391,968),(20290,178,969),(20241,387,968),(20304,224,969),(20289,106,970),(20240,383,968),(20303,26,971),(20288,101,970),(20302,217,969),(20287,172,969),(20239,380,968),(20301,23,971),(20238,375,968),(20286,166,969),(20300,212,969),(20237,372,968),(20285,97,970),(20299,207,969),(20236,370,968),(20284,162,969),(20298,203,969),(20283,93,970),(20235,364,968),(20297,197,969),(20282,90,970),(20234,360,968),(20296,192,969),(20233,356,968),(20281,156,969),(20295,118,970),(20232,352,968),(20280,85,970),(20294,190,969),(20231,347,968),(20279,151,969),(20293,115,970),(20278,82,970),(20230,343,968),(20229,340,968),(20277,147,969),(20228,336,968),(20276,77,970),(20227,331,968),(20275,142,969),(20226,327,968),(20274,74,970),(20225,323,968),(20273,136,969),(20224,236,966),(20272,71,970),(20271,132,969),(20270,67,970),(20269,126,969),(20268,64,970),(20267,121,969),(20266,490,968),(20265,484,968),(20264,480,968),(20263,475,968),(20262,471,968),(20261,467,968),(20260,463,968),(20259,460,968),(20258,456,968),(20257,451,968),(20256,449,968),(20255,443,968),(20254,439,968),(20253,435,968),(20252,434,968),(20251,430,968),(20250,426,968),(20249,422,968),(20248,418,968),(20330,326,973),(20345,374,973),(20329,320,973),(20344,369,973),(20328,294,972),(20343,364,973),(20327,287,972),(20342,360,973),(20326,316,973),(20341,356,973),(20325,283,972),(20340,353,973),(20355,414,973),(20324,313,973),(20339,348,973),(20354,409,973),(20323,279,972),(20338,345,973),(20353,405,973),(20322,273,972),(20352,401,973),(20400,123,976),(20414,168,976),(20337,342,973),(20321,268,972),(20351,395,973),(20399,118,974),(20336,338,973),(20413,263,977),(20320,263,972),(20350,392,973),(20398,113,974),(20335,309,972),(20412,163,976),(20319,259,972),(20397,110,974),(20349,390,973),(20334,332,973),(20411,257,977),(20318,58,971),(20333,302,972),(20348,383,973),(20396,107,974),(20410,157,976),(20317,255,972),(20332,328,973),(20395,102,974),(20347,381,973),(20409,254,977),(20394,60,975),(20408,152,976),(20316,54,971),(20346,376,973),(20331,300,972),(20393,97,974),(20315,248,972),(20407,250,977),(20406,147,976),(20392,55,975),(20314,52,971),(20313,245,972),(20391,93,974),(20405,244,977),(20312,46,971),(20390,51,975),(20404,142,976),(20311,43,971),(20389,91,974),(20403,138,976),(20310,237,969),(20388,46,975),(20309,38,971),(20402,134,976),(20387,88,974),(20308,232,969),(20401,127,976),(20386,43,975),(20307,35,971),(20385,81,974),(20384,38,975),(20383,77,974),(20382,35,975),(20381,75,974),(20380,31,975),(20379,72,974),(20378,27,975),(20377,67,974),(20376,24,975),(20375,63,974),(20374,488,973),(20373,484,973),(20372,481,973),(20371,476,973),(20370,474,973),(20369,469,973),(20368,464,973),(20367,461,973),(20366,456,973),(20365,452,973),(20364,450,973),(20363,446,973),(20362,442,973),(20361,438,973),(20360,434,973),(20359,428,973),(20358,425,973),(20357,421,973),(20356,416,973),(20453,374,978),(20438,314,978),(20452,368,978),(20437,239,976),(20451,365,978),(20436,232,976),(20450,362,978),(20435,229,976),(20449,357,978),(20434,225,976),(20448,351,978),(20433,220,976),(20447,349,978),(20432,215,976),(20446,343,978),(20431,310,977),(20430,210,976),(20445,341,978),(20444,338,978),(20429,302,977),(20443,332,978),(20428,300,977),(20442,330,978),(20463,414,978),(20427,205,976),(20477,470,978),(20441,325,978),(20462,407,978),(20426,295,977),(20476,463,978),(20440,320,978),(20461,405,978),(20425,199,976),(20439,317,978),(20475,462,978),(20424,286,977),(20460,402,978),(20474,458,978),(20522,29,981),(20423,192,976),(20459,398,978),(20473,453,978),(20521,226,980),(20422,188,976),(20472,450,978),(20520,25,981),(20458,392,978),(20421,282,977),(20471,443,978),(20519,221,980),(20457,389,978),(20420,182,976),(20518,21,981),(20470,442,978),(20456,385,978),(20419,280,977),(20517,216,980),(20469,438,978),(20418,177,976),(20455,382,978),(20516,212,980),(20454,377,978),(20468,434,978),(20417,272,977),(20467,428,978),(20515,208,980),(20416,268,977),(20514,202,980),(20466,424,978),(20415,174,976),(20465,422,978),(20513,197,980),(20464,417,978),(20512,118,979),(20511,192,980),(20510,113,979),(20509,188,980),(20508,181,980),(20507,112,979),(20506,107,979),(20505,176,980),(20504,102,979),(20503,171,980),(20502,166,980),(20501,97,979),(20500,93,979),(20499,161,980),(20498,90,979),(20497,156,980),(20496,85,979),(20495,151,980),(20494,82,979),(20493,146,980),(20492,77,979),(20491,142,980),(20490,136,980),(20489,73,979),(20488,131,980),(20487,69,979),(20486,126,980),(20485,66,979),(20484,121,980),(20483,62,979),(20482,488,978),(20481,486,978),(20480,482,978),(20479,476,978),(20478,471,978),(20532,58,981),(20547,293,982),(20531,244,982),(20546,327,983),(20530,54,981),(20545,289,982),(20529,50,981),(20544,324,983),(20528,48,981),(20543,284,982),(20527,41,981),(20542,319,983),(20526,40,981),(20541,278,982),(20525,236,980),(20540,315,983),(20524,34,981),(20523,231,980),(20539,275,982),(20538,312,983),(20537,269,982),(20536,263,982),(20571,414,983),(20535,259,982),(20585,469,983),(20534,252,982),(20570,408,983),(20584,463,983),(20569,403,983),(20533,247,982),(20568,399,983),(20583,459,983),(20630,265,987),(20582,455,983),(20567,395,983),(20629,168,986),(20581,452,983),(20566,391,983),(20628,258,987),(20580,449,983),(20565,387,983),(20627,163,986),(20579,443,983),(20564,384,983),(20578,439,983),(20626,254,987),(20563,380,983),(20577,435,983),(20625,158,986),(20562,375,983),(20576,432,983),(20624,248,987),(20561,371,983),(20623,153,986),(20575,429,983),(20560,368,983),(20622,244,987),(20574,424,983),(20559,363,983),(20621,147,986),(20573,421,983),(20558,360,983),(20620,141,986),(20572,415,983),(20557,355,983),(20619,138,986),(20556,351,983),(20618,133,986),(20555,347,983),(20617,128,986),(20616,124,986),(20554,343,983),(20615,117,985),(20553,307,982),(20614,113,985),(20552,341,983),(20613,109,985),(20551,303,982),(20612,106,985),(20550,336,983),(20611,102,985),(20549,300,982),(20610,58,984),(20548,331,983),(20609,97,985),(20608,54,984),(20607,94,985),(20606,50,984),(20605,91,985),(20604,47,984),(20603,86,985),(20602,42,984),(20601,83,985),(20600,39,984),(20599,77,985),(20598,35,984),(20597,74,985),(20596,30,984),(20595,70,985),(20594,25,984),(20593,66,985),(20592,63,985),(20591,21,984),(20590,489,983),(20589,483,983),(20588,479,983),(20587,475,983),(20586,471,983),(20645,206,986),(20655,317,988),(20644,298,987),(20654,238,986),(20643,202,986),(20653,312,988),(20642,294,987),(20652,232,986),(20641,198,986),(20651,226,986),(20640,288,987),(20650,222,986),(20639,194,986),(20649,216,986),(20638,283,987),(20648,309,987),(20637,189,986),(20647,211,986),(20646,304,987),(20636,278,987),(20635,182,986),(20634,274,987),(20633,176,986),(20632,268,987),(20631,173,986),(20669,371,988),(20693,468,988),(20668,368,988),(20692,463,988),(20738,227,990),(20667,363,988),(20691,459,988),(20737,320,991),(20666,360,988),(20690,455,988),(20736,222,990),(20665,355,988),(20689,451,988),(20664,351,988),(20735,316,991),(20688,449,988),(20663,347,988),(20734,219,990),(20687,443,988),(20662,343,988),(20686,439,988),(20733,311,991),(20685,435,988),(20661,341,988),(20732,213,990),(20684,431,988),(20731,209,990),(20660,338,988),(20683,429,988),(20730,204,990),(20659,332,988),(20729,197,990),(20682,424,988),(20658,329,988),(20728,193,990),(20681,420,988),(20657,323,988),(20680,415,988),(20727,118,989),(20656,320,988),(20679,411,988),(20726,188,990),(20678,407,988),(20725,113,989),(20677,403,988),(20724,182,990),(20676,400,988),(20723,112,989),(20675,395,988),(20722,177,990),(20674,391,988),(20721,106,989),(20673,387,988),(20720,173,990),(20672,383,988),(20719,102,989),(20671,380,988),(20718,168,990),(20670,375,988),(20717,97,989),(20716,163,990),(20715,94,989),(20714,157,990),(20713,153,990),(20712,89,989),(20711,148,990),(20710,86,989),(20709,142,990),(20708,82,989),(20707,137,990),(20706,77,989),(20705,132,990),(20704,74,989),(20703,127,990),(20702,70,989),(20701,122,990),(20700,66,989),(20699,62,989),(20698,488,988),(20697,484,988),(20696,480,988),(20695,475,988),(20694,472,988),(20753,35,992),(20752,29,992),(20751,356,991),(20750,26,992),(20749,352,991),(20748,22,992),(20747,348,991),(20746,343,991),(20745,340,991),(20744,336,991),(20743,332,991),(20742,238,990),(20741,327,991),(20740,232,990),(20739,325,991),(20768,392,991),(20767,388,991),(20766,384,991),(20765,58,992),(20764,380,991),(20763,54,992),(20762,376,991),(20761,50,992),(20760,373,991),(20759,47,992),(20758,42,992),(20757,369,991),(20756,364,991),(20755,39,992),(20754,360,991),(20792,294,993),(20791,443,991),(20790,288,993),(20807,63,994),(20852,167,996),(20806,490,991),(20789,440,991),(20805,483,991),(20851,162,996),(20788,284,993),(20850,336,997),(20787,435,991),(20804,480,991),(20849,159,996),(20803,476,991),(20786,279,993),(20848,331,997),(20802,471,991),(20785,431,991),(20862,194,996),(20847,154,996),(20801,470,991),(20784,273,993),(20846,329,997),(20861,357,997),(20800,463,991),(20783,429,991),(20876,228,996),(20860,189,996),(20799,460,991),(20845,148,996),(20782,269,993),(20859,352,997),(20875,222,996),(20844,323,997),(20798,456,991),(20858,182,996),(20781,424,991),(20843,142,996),(20797,308,993),(20874,385,997),(20857,347,997),(20780,263,993),(20796,452,991),(20873,379,997),(20856,178,996),(20842,320,997),(20872,217,996),(20795,304,993),(20855,343,997),(20841,138,996),(20779,420,991),(20871,375,997),(20854,173,996),(20794,299,993),(20840,316,997),(20853,341,997),(20870,213,996),(20793,448,991),(20839,135,996),(20778,416,991),(20869,371,997),(20838,312,997),(20777,259,993),(20868,207,996),(20837,129,996),(20776,252,993),(20867,369,997),(20775,412,991),(20836,124,996),(20774,249,993),(20835,117,994),(20834,307,995),(20866,202,996),(20833,114,994),(20773,408,991),(20832,303,995),(20772,243,993),(20831,111,994),(20771,405,991),(20830,298,995),(20770,400,991),(20829,107,994),(20769,396,991),(20865,364,997),(20828,294,995),(20864,198,996),(20827,102,994),(20863,360,997),(20826,288,995),(20825,97,994),(20824,283,995),(20823,95,994),(20822,90,994),(20821,277,995),(20820,86,994),(20819,272,995),(20818,269,995),(20817,83,994),(20816,263,995),(20815,77,994),(20814,258,995),(20813,75,994),(20812,70,994),(20811,254,995),(20810,249,995),(20809,66,994),(20808,244,995),(20886,415,997),(20901,50,998),(20885,413,997),(20884,407,997),(20883,403,997),(20882,400,997),(20881,395,997),(20880,239,996),(20900,443,997),(20879,233,996),(20899,46,998),(20878,393,997),(20898,440,997),(20877,387,997),(20897,44,998),(20896,436,997),(20895,38,998),(20894,432,997),(20893,35,998),(20892,429,997),(20891,31,998),(20890,424,997),(20889,27,998),(20888,420,997),(20887,21,998),(20915,61,999),(20914,489,997),(20913,484,997),(20912,480,997),(20911,475,997),(20910,471,997),(20909,469,997),(20908,463,997),(20907,460,997),(20906,455,997),(20905,59,998),(20904,451,997),(20903,56,998),(20902,448,997),(20984,336,1003),(20983,331,1003),(20982,327,1003),(20981,324,1003),(20980,319,1003),(20979,315,1003),(20978,239,1001),(20977,312,1003),(20976,233,1001),(20975,228,1001),(20974,221,1001),(20973,218,1001),(20939,118,999),(20972,213,1001),(20938,113,999),(20971,308,1002),(20937,109,999),(20970,207,1001),(20936,105,999),(20969,302,1002),(20935,57,1000),(20968,202,1001),(20934,101,999),(20967,299,1002),(20933,54,1000),(20966,197,1001),(20932,97,999),(20965,295,1002),(20931,50,1000),(20964,192,1001),(20930,94,999),(20963,286,1002),(20929,89,999),(20962,187,1001),(20928,47,1000),(20961,283,1002),(20927,42,1000),(20960,182,1001),(20926,86,999),(20959,277,1002),(20925,39,1000),(20958,177,1001),(20924,82,999),(20957,272,1002),(20923,33,1000),(20956,171,1001),(20922,77,999),(20955,268,1002),(20921,73,999),(20954,166,1001),(20920,29,1000),(20953,263,1002),(20919,26,1000),(20952,161,1001),(20918,70,999),(20951,258,1002),(20917,21,1000),(20950,157,1001),(20916,65,999),(20949,253,1002),(20948,154,1001),(20947,248,1002),(20946,148,1001),(20945,243,1002),(20944,143,1001),(20943,137,1001),(20942,132,1001),(20941,127,1001),(20940,122,1001),(20994,375,1003),(21009,435,1003),(20993,371,1003),(21008,431,1003),(20992,370,1003),(21007,430,1003),(20991,364,1003),(21006,424,1003),(20990,359,1003),(21005,419,1003),(20989,355,1003),(21004,415,1003),(20988,351,1003),(21003,412,1003),(20987,347,1003),(21002,407,1003),(21001,403,1003),(20986,343,1003),(20985,340,1003),(21000,399,1003),(20999,395,1003),(20998,391,1003),(20997,387,1003),(20996,383,1003),(21033,81,1004),(20995,379,1003),(21032,39,1005),(21031,78,1004),(21030,35,1005),(21029,74,1004),(21047,118,1004),(21028,30,1005),(21046,114,1004),(21027,70,1004),(21026,26,1005),(21045,111,1004),(21044,107,1004),(21025,67,1004),(21043,101,1004),(21024,21,1005),(21042,58,1005),(21023,62,1004),(21041,97,1004),(21022,490,1003),(21040,54,1005),(21021,484,1003),(21039,93,1004),(21020,479,1003),(21038,50,1005),(21019,475,1003),(21037,47,1005),(21018,471,1003),(21017,470,1003),(21036,90,1004),(21016,463,1003),(21035,86,1004),(21015,459,1003),(21034,43,1005),(21014,456,1003),(21013,452,1003),(21012,448,1003),(21011,443,1003),(21092,337,1008),(21010,439,1003),(21091,333,1008),(21090,328,1008),(21089,325,1008),(21088,322,1008),(21087,238,1006),(21086,316,1008),(21085,232,1006),(21084,313,1008),(21083,228,1006),(21082,222,1006),(21081,217,1006),(21080,212,1006),(21079,207,1006),(21078,308,1007),(21077,202,1006),(21076,305,1007),(21075,198,1006),(21074,300,1007),(21073,194,1006),(21072,295,1007),(21071,190,1006),(21070,289,1007),(21069,183,1006),(21068,283,1007),(21067,278,1007),(21066,177,1006),(21065,274,1007),(21064,173,1006),(21063,268,1007),(21062,167,1006),(21061,264,1007),(21060,162,1006),(21059,258,1007),(21058,159,1006),(21057,153,1006),(21056,254,1007),(21055,149,1006),(21054,249,1007),(21053,142,1006),(21052,243,1007),(21051,138,1006),(21050,133,1006),(21049,129,1006),(21048,122,1006),(21126,471,1008),(21102,376,1008),(21125,470,1008),(21101,372,1008),(21124,463,1008),(21100,368,1008),(21123,460,1008),(21099,366,1008),(21122,456,1008),(21098,361,1008),(21121,454,1008),(21097,358,1008),(21120,449,1008),(21096,354,1008),(21119,444,1008),(21095,348,1008),(21118,440,1008),(21094,345,1008),(21117,437,1008),(21093,341,1008),(21116,432,1008),(21115,429,1008),(21114,426,1008),(21113,420,1008),(21141,264,1010),(21112,416,1008),(21140,81,1009),(21111,411,1008),(21139,260,1010),(21110,409,1008),(21138,77,1009),(21109,404,1008),(21137,253,1010),(21108,400,1008),(21136,73,1009),(21107,396,1008),(21135,248,1010),(21106,391,1008),(21134,69,1009),(21105,388,1008),(21133,244,1010),(21104,383,1008),(21132,65,1009),(21103,381,1008),(21131,62,1009),(21130,489,1008),(21129,485,1008),(21128,480,1008),(21127,478,1008),(21155,113,1009),(21154,110,1009),(21153,293,1010),(21152,289,1010),(21151,106,1009),(21200,231,1011),(21150,101,1009),(21199,340,1013),(21149,284,1010),(21198,226,1011),(21148,278,1010),(21197,335,1013),(21147,97,1009),(21196,222,1011),(21146,94,1009),(21195,331,1013),(21145,274,1010),(21194,217,1011),(21144,89,1009),(21193,328,1013),(21143,268,1010),(21192,211,1011),(21142,86,1009),(21191,325,1013),(21190,207,1011),(21189,320,1013),(21188,202,1011),(21187,316,1013),(21186,199,1011),(21185,312,1013),(21184,193,1011),(21183,189,1011),(21182,182,1011),(21181,179,1011),(21180,174,1011),(21179,58,1012),(21178,167,1011),(21177,161,1011),(21176,54,1012),(21175,157,1011),(21174,50,1012),(21173,151,1011),(21172,47,1012),(21171,147,1011),(21170,42,1012),(21169,141,1011),(21168,39,1012),(21167,33,1012),(21166,137,1011),(21165,132,1011),(21164,29,1012),(21163,127,1011),(21162,26,1012),(21161,22,1012),(21160,121,1011),(21159,309,1010),(21158,302,1010),(21157,117,1009),(21156,300,1010),(21224,431,1013),(21234,471,1013),(21233,469,1013),(21223,429,1013),(21222,424,1013),(21232,463,1013),(21221,420,1013),(21231,460,1013),(21230,457,1013),(21220,415,1013),(21219,412,1013),(21229,452,1013),(21218,409,1013),(21228,449,1013),(21217,404,1013),(21227,443,1013),(21216,400,1013),(21226,439,1013),(21225,435,1013),(21215,395,1013),(21214,392,1013),(21213,387,1013),(21212,383,1013),(21211,379,1013),(21249,42,1015),(21210,375,1013),(21248,264,1014),(21209,372,1013),(21247,38,1015),(21208,370,1013),(21246,259,1014),(21207,364,1013),(21245,36,1015),(21206,360,1013),(21244,254,1014),(21205,355,1013),(21243,31,1015),(21204,351,1013),(21242,26,1015),(21203,347,1013),(21241,248,1014),(21202,237,1011),(21240,243,1014),(21201,343,1013),(21239,23,1015),(21238,490,1013),(21237,483,1013),(21236,481,1013),(21235,476,1013),(21263,312,1016),(21262,308,1014),(21261,302,1014),(21260,300,1014),(21259,293,1014),(21308,144,1018),(21258,287,1014),(21307,411,1016),(21257,58,1015),(21306,138,1018),(21256,283,1014),(21305,408,1016),(21255,54,1015),(21304,133,1018),(21254,279,1014),(21303,404,1016),(21253,50,1015),(21302,128,1018),(21252,273,1014),(21301,400,1016),(21251,47,1015),(21300,123,1018),(21250,267,1014),(21299,396,1016),(21298,391,1016),(21297,388,1016),(21296,385,1016),(21295,379,1016),(21294,119,1017),(21293,376,1016),(21292,113,1017),(21291,372,1016),(21290,110,1017),(21289,369,1016),(21288,105,1017),(21287,363,1016),(21286,102,1017),(21285,359,1016),(21284,97,1017),(21283,356,1016),(21282,352,1016),(21281,94,1017),(21280,91,1017),(21279,347,1016),(21278,343,1016),(21277,86,1017),(21276,83,1017),(21275,339,1016),(21274,77,1017),(21273,336,1016),(21272,332,1016),(21271,75,1017),(21270,329,1016),(21269,70,1017),(21268,65,1017),(21267,326,1016),(21266,320,1016),(21265,62,1017),(21264,315,1016),(21323,184,1018),(21347,64,1019),(21322,179,1018),(21346,488,1016),(21321,440,1016),(21345,237,1018),(21320,174,1018),(21344,484,1016),(21319,437,1016),(21343,233,1018),(21318,169,1018),(21342,479,1016),(21317,432,1016),(21341,228,1018),(21316,164,1018),(21340,225,1018),(21315,428,1016),(21339,475,1016),(21314,158,1018),(21338,219,1018),(21313,424,1016),(21337,471,1016),(21312,153,1018),(21336,214,1018),(21311,422,1016),(21335,468,1016),(21310,149,1018),(21334,210,1018),(21309,416,1016),(21333,463,1016),(21332,204,1018),(21331,460,1016),(21330,199,1018),(21329,455,1016),(21357,87,1019),(21328,194,1018),(21356,36,1020),(21327,453,1016),(21355,81,1019),(21326,190,1018),(21354,31,1020),(21325,450,1016),(21353,78,1019),(21324,443,1016),(21352,28,1020),(21351,76,1019),(21350,24,1020),(21349,70,1019),(21348,68,1019),(21371,119,1019),(21370,113,1019),(21369,110,1019),(21368,59,1020),(21367,105,1019),(21416,335,1023),(21366,56,1020),(21415,331,1023),(21365,102,1019),(21414,328,1023),(21364,50,1020),(21413,324,1023),(21363,97,1019),(21412,321,1023),(21362,46,1020),(21411,237,1021),(21361,93,1019),(21410,317,1023),(21360,42,1020),(21409,232,1021),(21359,91,1019),(21408,312,1023),(21358,38,1020),(21407,228,1021),(21406,223,1021),(21405,219,1021),(21404,214,1021),(21403,209,1021),(21402,309,1022),(21401,205,1021),(21400,302,1022),(21399,198,1021),(21398,300,1022),(21397,194,1021),(21396,295,1022),(21395,187,1021),(21394,287,1022),(21393,183,1021),(21392,178,1021),(21391,283,1022),(21390,174,1021),(21389,280,1022),(21388,168,1021),(21387,272,1022),(21386,162,1021),(21385,268,1022),(21384,158,1021),(21383,263,1022),(21382,152,1021),(21381,258,1022),(21380,148,1021),(21379,254,1022),(21378,143,1021),(21377,247,1022),(21376,137,1021),(21375,242,1022),(21374,134,1021),(21373,126,1021),(21372,121,1021),(21440,434,1023),(21455,122,1024),(21454,488,1023),(21439,428,1023),(21453,485,1023),(21438,423,1023),(21437,422,1023),(21452,480,1023),(21436,416,1023),(21451,478,1023),(21450,472,1023),(21435,413,1023),(21449,467,1023),(21434,407,1023),(21433,406,1023),(21448,464,1023),(21447,460,1023),(21432,401,1023),(21431,397,1023),(21446,456,1023),(21445,453,1023),(21430,391,1023),(21444,449,1023),(21429,388,1023),(21428,383,1023),(21443,444,1023),(21427,381,1023),(21442,440,1023),(21441,436,1023),(21426,377,1023),(21425,374,1023),(21424,368,1023),(21423,363,1023),(21422,360,1023),(21465,150,1024),(21421,358,1023),(21464,78,1025),(21420,352,1023),(21463,144,1024),(21419,347,1023),(21462,73,1025),(21418,343,1023),(21417,340,1023),(21461,138,1024),(21460,69,1025),(21459,133,1024),(21458,65,1025),(21457,127,1024),(21479,182,1024),(21456,62,1025),(21478,107,1025),(21477,177,1024),(21476,102,1025),(21475,172,1024),(21474,97,1025),(21524,335,1028),(21473,167,1024),(21523,332,1028),(21472,93,1025),(21522,330,1028),(21471,162,1024),(21521,324,1028),(21470,89,1025),(21520,319,1028),(21469,158,1024),(21519,315,1028),(21468,86,1025),(21518,312,1028),(21467,152,1024),(21517,57,1027),(21466,82,1025),(21516,54,1027),(21515,49,1027),(21514,48,1027),(21513,306,1026),(21512,42,1027),(21511,302,1026),(21510,39,1027),(21509,299,1026),(21508,34,1027),(21507,293,1026),(21506,29,1027),(21505,289,1026),(21504,25,1027),(21503,285,1026),(21502,21,1027),(21501,276,1026),(21500,275,1026),(21499,268,1026),(21498,264,1026),(21497,259,1026),(21496,238,1024),(21495,253,1026),(21494,231,1024),(21493,246,1026),(21492,226,1024),(21491,241,1026),(21490,221,1024),(21489,216,1024),(21488,213,1024),(21487,206,1024),(21486,202,1024),(21485,198,1024),(21484,118,1025),(21483,192,1024),(21482,114,1025),(21481,189,1024),(21480,111,1025),(21558,471,1028),(21534,375,1028),(21557,469,1028),(21533,371,1028),(21556,463,1028),(21532,368,1028),(21555,459,1028),(21531,363,1028),(21554,455,1028),(21530,359,1028),(21529,355,1028),(21553,453,1028),(21528,351,1028),(21552,449,1028),(21527,347,1028),(21551,443,1028),(21550,439,1028),(21526,343,1028),(21549,436,1028),(21525,341,1028),(21548,431,1028),(21547,429,1028),(21546,423,1028),(21545,421,1028),(21573,41,1029),(21544,415,1028),(21572,143,1030),(21543,411,1028),(21571,40,1029),(21542,407,1028),(21570,138,1030),(21541,404,1028),(21569,35,1029),(21540,400,1028),(21568,134,1030),(21539,395,1028),(21538,391,1028),(21567,31,1029),(21537,387,1028),(21566,128,1030),(21536,384,1028),(21565,28,1029),(21535,379,1028),(21564,123,1030),(21563,23,1029),(21562,489,1028),(21561,483,1028),(21560,479,1028),(21587,191,1030),(21559,475,1028),(21586,188,1030),(21585,181,1030),(21584,176,1030),(21583,172,1030),(21632,343,1033),(21582,170,1030),(21631,111,1032),(21581,58,1029),(21630,340,1033),(21580,162,1030),(21629,337,1033),(21579,56,1029),(21628,107,1032),(21578,157,1030),(21627,101,1032),(21577,49,1029),(21626,334,1033),(21576,155,1030),(21575,45,1029),(21625,98,1032),(21574,149,1030),(21624,330,1033),(21623,93,1032),(21622,323,1033),(21621,89,1032),(21620,322,1033),(21619,85,1032),(21618,317,1033),(21617,82,1032),(21616,312,1033),(21615,78,1032),(21614,75,1032),(21613,69,1032),(21612,67,1032),(21611,61,1032),(21610,308,1031),(21609,301,1031),(21608,296,1031),(21607,291,1031),(21606,290,1031),(21605,238,1030),(21604,284,1031),(21603,233,1030),(21602,277,1031),(21601,229,1030),(21600,271,1031),(21599,266,1031),(21598,225,1030),(21597,218,1030),(21596,262,1031),(21595,214,1030),(21594,258,1031),(21593,209,1030),(21592,252,1031),(21591,203,1030),(21590,250,1031),(21589,198,1030),(21588,244,1031),(21647,395,1033),(21657,437,1033),(21646,392,1033),(21656,432,1033),(21645,387,1033),(21655,430,1033),(21644,384,1033),(21654,426,1033),(21643,379,1033),(21653,422,1033),(21642,376,1033),(21652,416,1033),(21641,374,1033),(21651,414,1033),(21640,369,1033),(21650,410,1033),(21639,366,1033),(21649,406,1033),(21638,360,1033),(21648,401,1033),(21637,356,1033),(21636,352,1033),(21635,350,1033),(21634,118,1032),(21681,38,1035),(21633,115,1032),(21680,83,1034),(21679,34,1035),(21678,77,1034),(21677,30,1035),(21695,118,1034),(21676,74,1034),(21694,113,1034),(21675,27,1035),(21693,111,1034),(21674,71,1034),(21692,108,1034),(21673,24,1035),(21691,58,1035),(21672,65,1034),(21690,101,1034),(21671,62,1034),(21689,54,1035),(21670,488,1033),(21688,97,1034),(21669,486,1033),(21687,50,1035),(21668,479,1033),(21686,95,1034),(21667,477,1033),(21685,46,1035),(21666,472,1033),(21684,90,1034),(21665,468,1033),(21683,43,1035),(21664,465,1033),(21682,88,1034),(21663,460,1033),(21662,455,1033),(21661,454,1033),(21660,447,1033),(15841,133,764),(21659,443,1033),(15840,130,764),(21658,440,1033),(15839,122,764),(21737,222,1037),(21736,335,1038),(21735,219,1037),(21734,332,1038),(21733,214,1037),(21732,330,1038),(21731,209,1037),(21730,204,1037),(21729,325,1038),(21728,197,1037),(21727,319,1038),(21726,195,1037),(21725,315,1038),(21724,190,1037),(21723,313,1038),(21722,182,1037),(21721,177,1037),(21720,172,1037),(21719,167,1037),(21718,309,1036),(21717,162,1037),(21716,303,1036),(21715,299,1036),(21714,159,1037),(21713,294,1036),(21712,152,1037),(21711,288,1036),(21710,147,1037),(21709,284,1036),(21708,142,1037),(21707,278,1036),(21706,137,1037),(21705,273,1036),(21704,134,1037),(21703,270,1036),(21702,127,1037),(21701,265,1036),(21700,124,1037),(21699,260,1036),(21698,254,1036),(21697,249,1036),(21696,244,1036),(15856,201,764),(15880,255,766),(15855,64,765),(15879,119,765),(15854,198,764),(15878,249,766),(15853,191,764),(15877,116,765),(15852,188,764),(15876,243,766),(15851,184,764),(15875,109,765),(15850,180,764),(15874,106,765),(15849,175,764),(15873,102,765),(15848,170,764),(15872,100,765),(15847,162,764),(15871,95,765),(15846,160,764),(15870,240,764),(15845,153,764),(15869,91,765),(15844,149,764),(15868,234,764),(15843,143,764),(15867,87,765),(15842,136,764),(15866,226,764),(15865,84,765),(15864,222,764),(15863,79,765),(15862,220,764),(15890,30,767),(15861,73,765),(15889,289,766),(15860,213,764),(15888,28,767),(15859,70,765),(15887,284,766),(15858,209,764),(15886,23,767),(15857,68,765),(15885,279,766),(15884,271,766),(15883,267,766),(15882,265,766),(15881,258,766),(15904,319,768),(15903,317,768),(15902,314,768),(15901,58,767),(15900,53,767),(15949,63,770),(15899,52,767),(15948,25,769),(15898,46,767),(15947,22,769),(15897,308,766),(15946,489,768),(15896,43,767),(15945,486,768),(15895,305,766),(15944,480,768),(15894,40,767),(15943,477,768),(15893,299,766),(15942,471,768),(15892,35,767),(15941,468,768),(15891,292,766),(15940,464,768),(15939,462,768),(15938,456,768),(15937,454,768),(15936,450,768),(15935,443,768),(15934,442,768),(15933,436,768),(15932,434,768),(15931,427,768),(15930,424,768),(15929,422,768),(15928,415,768),(15927,412,768),(15926,408,768),(15925,405,768),(15924,400,768),(15923,397,768),(15922,392,768),(15921,389,768),(15920,384,768),(15919,379,768),(15918,378,768),(15917,371,768),(15916,367,768),(15915,364,768),(15914,361,768),(15913,355,768),(15912,354,768),(15911,348,768),(15910,343,768),(15909,342,768),(15908,337,768),(15907,331,768),(15906,327,768),(15905,325,768),(15964,93,770),(15974,131,771),(15963,54,769),(15973,129,771),(15962,92,770),(15972,119,770),(15961,85,770),(15971,125,771),(15960,50,769),(15970,113,770),(15959,81,770),(15969,109,770),(15958,47,769),(15968,108,770),(15957,78,770),(15967,104,770),(15956,41,769),(15966,100,770),(15955,75,770),(15965,58,769),(15954,39,769),(15953,71,770),(15952,36,769),(15951,67,770),(15950,30,769),(15998,293,772),(15997,198,771),(15996,290,772),(15995,192,771),(15994,283,772),(16012,322,773),(15993,189,771),(16011,315,773),(15992,279,772),(16010,314,773),(15991,181,771),(16009,236,771),(15990,271,772),(16008,235,771),(15989,180,771),(16007,229,771),(15988,270,772),(16006,223,771),(15987,174,771),(16005,218,771),(15986,262,772),(16004,310,772),(15985,167,771),(16003,211,771),(15984,257,772),(16002,304,772),(15983,164,771),(16001,208,771),(15982,252,772),(16000,299,772),(15981,160,771),(15999,203,771),(15980,248,772),(15979,153,771),(15978,245,772),(15977,146,771),(15976,143,771),(16057,70,774),(15975,138,771),(16056,65,774),(16055,62,774),(16054,487,773),(16053,486,773),(16052,481,773),(16051,477,773),(16050,474,773),(16049,470,773),(16048,463,773),(16047,460,773),(16046,455,773),(16045,451,773),(16044,447,773),(16043,445,773),(16042,440,773),(16041,436,773),(16040,433,773),(16039,430,773),(16038,426,773),(16037,422,773),(16036,415,773),(16035,413,773),(16034,410,773),(16033,406,773),(16032,399,773),(16031,397,773),(16030,391,773),(16029,387,773),(16028,386,773),(16027,381,773),(16026,376,773),(16025,374,773),(16024,368,773),(16023,363,773),(16022,360,773),(16021,357,773),(16020,354,773),(16019,347,773),(16018,343,773),(16017,341,773),(16016,337,773),(16015,331,773),(16014,328,773),(16013,323,773),(16096,222,775),(16072,105,774),(16106,359,776),(16120,391,776),(21740,343,1038),(16095,331,776),(16071,148,775),(16105,355,776),(16119,269,777),(21739,229,1037),(16094,217,775),(16104,351,776),(16070,142,775),(16118,387,776),(21738,340,1038),(16093,327,776),(16103,347,776),(16069,102,774),(16117,264,777),(16162,489,776),(16092,213,775),(16102,237,775),(16068,137,775),(16116,383,776),(16161,483,776),(16101,343,776),(16067,97,774),(16091,324,776),(16115,258,777),(16160,58,778),(16066,133,775),(16090,207,775),(16100,233,775),(16114,379,776),(16159,479,776),(16089,202,775),(16065,93,774),(16099,339,776),(16113,252,777),(16158,54,778),(16088,320,776),(16064,127,775),(16098,227,775),(16112,375,776),(16157,475,776),(16087,198,775),(16097,335,776),(16063,89,774),(16111,247,777),(16156,49,778),(16086,315,776),(16062,86,774),(16110,371,776),(16155,471,776),(16085,192,775),(16061,123,775),(16109,242,777),(16154,47,778),(16084,311,776),(16060,81,774),(16108,367,776),(16153,467,776),(16083,188,775),(16059,77,774),(16107,363,776),(16152,42,778),(16082,183,775),(16058,74,774),(16151,463,776),(16081,178,775),(16150,39,778),(16080,173,775),(16149,459,776),(16079,168,775),(16148,33,778),(16078,163,775),(16147,455,776),(16077,117,774),(16146,30,778),(16076,158,775),(16145,452,776),(16075,114,774),(16144,26,778),(16074,109,774),(16143,449,776),(16073,153,775),(16142,21,778),(16141,443,776),(16140,439,776),(16139,435,776),(16138,432,776),(16137,430,776),(16136,423,776),(16135,308,777),(16134,420,776),(16133,304,777),(16132,415,776),(16131,299,777),(16130,411,776),(16129,292,777),(16128,407,776),(16127,289,777),(16126,403,776),(16125,284,777),(16124,399,776),(16123,276,777),(16122,395,776),(16121,274,777),(21755,395,1038),(21765,435,1038),(21779,61,1039),(21824,343,1042),(21848,391,1042),(21754,391,1038),(21764,432,1038),(21778,489,1038),(21823,178,1041),(21847,238,1041),(21753,387,1038),(21777,486,1038),(21822,339,1042),(21763,429,1038),(21846,387,1042),(21752,385,1038),(21776,479,1038),(21821,172,1041),(21762,424,1038),(21845,232,1041),(21751,379,1038),(21775,475,1038),(21820,335,1042),(21761,421,1038),(21844,383,1042),(21750,375,1038),(21774,471,1038),(21819,167,1041),(21760,415,1038),(21843,227,1041),(21749,372,1038),(21773,470,1038),(21818,332,1042),(21759,413,1038),(21842,379,1042),(21748,369,1038),(21772,463,1038),(21817,162,1041),(21758,409,1038),(21841,223,1041),(21747,364,1038),(21771,459,1038),(21816,328,1042),(21757,404,1038),(21840,375,1042),(21746,360,1038),(21770,455,1038),(21815,158,1041),(21756,400,1038),(21839,371,1042),(21745,356,1038),(21769,452,1038),(21814,323,1042),(21838,217,1041),(21744,351,1038),(21768,450,1038),(21813,153,1041),(21837,367,1042),(21743,239,1037),(21767,444,1038),(21812,319,1042),(21836,212,1041),(21742,347,1038),(21766,439,1038),(21811,148,1041),(21835,207,1041),(21741,232,1037),(21810,315,1042),(21834,363,1042),(21809,144,1041),(21833,202,1041),(21808,311,1042),(21832,359,1042),(21807,138,1041),(21831,197,1041),(21806,133,1041),(21830,355,1042),(21805,126,1041),(21829,193,1041),(21804,122,1041),(21828,351,1042),(21803,117,1039),(21827,188,1041),(21802,113,1039),(21826,347,1042),(21801,109,1039),(21825,182,1041),(21800,105,1039),(21799,101,1039),(21798,57,1040),(21797,97,1039),(21796,53,1040),(21795,93,1039),(21794,49,1040),(21793,89,1039),(21792,45,1040),(21791,85,1039),(21790,41,1040),(21789,82,1039),(21788,37,1040),(21787,77,1039),(21786,33,1040),(21785,73,1039),(21784,29,1040),(21783,69,1039),(21782,25,1040),(21781,65,1039),(21780,21,1040),(21863,431,1042),(21862,263,1043),(21873,452,1042),(21861,428,1042),(21872,289,1043),(21860,257,1043),(21871,447,1042),(21859,424,1042),(21870,284,1043),(21858,420,1042),(21869,443,1042),(21857,251,1043),(21856,415,1042),(21868,277,1043),(21855,246,1043),(21867,439,1042),(21854,412,1042),(21866,274,1043),(21853,241,1043),(21865,435,1042),(21852,407,1042),(21864,269,1043),(21851,404,1042),(21850,399,1042),(21849,395,1042),(21897,333,1044),(21896,38,1045),(21895,328,1044),(21911,244,1046),(21894,34,1045),(21910,364,1044),(21893,324,1044),(21909,360,1044),(21892,32,1045),(21908,357,1044),(21891,321,1044),(21907,354,1044),(21890,27,1045),(21889,318,1044),(21906,60,1045),(21888,24,1045),(21905,347,1044),(21887,313,1044),(21904,344,1044),(21886,488,1042),(21903,55,1045),(21902,49,1045),(21885,483,1042),(21901,340,1044),(21884,479,1042),(21900,46,1045),(21883,475,1042),(21899,336,1044),(21882,471,1042),(21898,44,1045),(21881,468,1042),(21880,307,1043),(21879,463,1042),(21878,304,1043),(21956,151,1047),(21877,459,1042),(21955,463,1044),(21876,298,1043),(21954,146,1047),(21875,455,1042),(21953,459,1044),(21874,292,1043),(21952,144,1047),(21951,456,1044),(21950,136,1047),(21949,452,1044),(21948,134,1047),(21947,450,1044),(21946,128,1047),(21945,443,1044),(21944,123,1047),(21943,441,1044),(21942,438,1044),(21941,434,1044),(21940,429,1044),(21939,424,1044),(21938,420,1044),(21937,310,1046),(21936,415,1044),(21935,302,1046),(21934,411,1044),(21933,298,1046),(21932,408,1044),(21931,293,1046),(21930,406,1044),(21929,290,1046),(21928,400,1044),(21927,284,1046),(21926,280,1046),(21925,395,1044),(21924,273,1046),(21923,391,1044),(21922,269,1046),(21921,387,1044),(21920,264,1046),(21919,384,1044),(21918,258,1046),(21917,380,1044),(21916,255,1046),(21915,378,1044),(21914,248,1046),(21913,373,1044),(21912,367,1044),(21971,197,1047),(21970,194,1047),(21969,190,1047),(21981,78,1048),(21968,182,1047),(21980,221,1047),(21967,488,1044),(21979,75,1048),(21966,177,1047),(21978,216,1047),(21965,483,1044),(21977,70,1048),(21964,172,1047),(21976,212,1047),(21963,480,1044),(21975,66,1048),(21962,167,1047),(21974,206,1047),(21961,475,1044),(21973,63,1048),(21960,164,1047),(21972,201,1047),(21959,471,1044),(21958,158,1047),(21957,468,1044),(22005,269,1050),(22004,78,1049),(22003,264,1050),(22019,302,1050),(22002,74,1049),(22018,300,1050),(22001,258,1050),(22017,105,1049),(22000,253,1050),(22016,101,1049),(21999,69,1049),(22015,293,1050),(21998,248,1050),(22014,97,1049),(21997,66,1049),(22013,288,1050),(22012,93,1049),(21996,244,1050),(22011,284,1050),(21995,62,1049),(21994,119,1048),(22010,91,1049),(21993,114,1048),(22009,279,1050),(22008,87,1049),(21992,110,1048),(22007,273,1050),(21991,106,1048),(22006,82,1049),(21990,103,1048),(21989,97,1048),(21988,94,1048),(21987,92,1048),(21986,236,1047),(22064,232,1051),(21985,88,1048),(21984,231,1047),(22063,339,1053),(21983,83,1048),(22062,227,1051),(21982,227,1047),(22061,336,1053),(22060,331,1053),(22059,222,1051),(22058,329,1053),(22057,217,1051),(22056,324,1053),(22055,212,1051),(22054,319,1053),(22053,207,1051),(22052,316,1053),(22051,202,1051),(22050,312,1053),(22049,198,1051),(22048,192,1051),(22047,188,1051),(22046,183,1051),(22045,178,1051),(22044,58,1052),(22043,174,1051),(22042,168,1051),(22041,54,1052),(22040,49,1052),(22039,163,1051),(22038,46,1052),(22037,157,1051),(22036,42,1052),(22035,152,1051),(22034,38,1052),(22033,147,1051),(22032,34,1052),(22031,142,1051),(22030,30,1052),(22029,138,1051),(22028,133,1051),(22027,26,1052),(22026,128,1051),(22025,22,1052),(22024,123,1051),(22023,117,1049),(22022,309,1050),(22021,113,1049),(22020,110,1049),(22079,396,1053),(22089,435,1053),(22088,431,1053),(22078,391,1053),(22087,429,1053),(22077,387,1053),(22086,423,1053),(22076,384,1053),(22075,379,1053),(22085,420,1053),(22074,376,1053),(22084,415,1053),(22073,371,1053),(22083,411,1053),(22072,369,1053),(22082,409,1053),(22071,363,1053),(22081,404,1053),(22070,360,1053),(22080,399,1053),(22069,357,1053),(22068,352,1053),(22067,347,1053),(22066,238,1051),(22065,344,1053),(22113,86,1054),(22127,118,1054),(22112,34,1055),(22126,114,1054),(22111,82,1054),(22125,110,1054),(22110,30,1055),(22109,78,1054),(22124,57,1055),(22108,26,1055),(22123,106,1054),(22107,74,1054),(22122,54,1055),(22106,70,1054),(22121,102,1054),(22120,49,1055),(22105,21,1055),(22119,97,1054),(22104,65,1054),(22103,62,1054),(22118,46,1055),(22102,489,1053),(22117,93,1054),(22101,483,1053),(22116,42,1055),(22100,480,1053),(22115,89,1054),(22099,475,1053),(22114,39,1055),(22098,471,1053),(22097,468,1053),(22096,464,1053),(22172,339,1058),(22095,459,1053),(22094,456,1053),(22171,232,1057),(22093,452,1053),(22170,335,1058),(22092,449,1053),(22169,228,1057),(22091,443,1053),(22168,332,1058),(22090,439,1053),(22167,222,1057),(22166,327,1058),(22165,218,1057),(22164,324,1058),(22163,212,1057),(22162,320,1058),(22161,207,1057),(22160,315,1058),(22159,202,1057),(22158,312,1058),(22157,198,1057),(22156,193,1057),(22155,189,1057),(22154,183,1057),(22153,178,1057),(22152,308,1056),(22151,173,1057),(22150,302,1056),(22149,168,1057),(22148,299,1056),(22147,163,1057),(22146,292,1056),(22145,158,1057),(22144,288,1056),(22143,152,1057),(22142,284,1056),(22141,148,1057),(22140,277,1056),(22139,144,1057),(22138,273,1056),(22137,138,1057),(22136,269,1056),(22135,133,1057),(22134,264,1056),(22133,127,1057),(22132,259,1056),(22131,123,1057),(22130,253,1056),(22129,247,1056),(22128,242,1056),(22187,399,1058),(22197,435,1058),(22186,395,1058),(22196,431,1058),(22185,391,1058),(22195,430,1058),(22184,388,1058),(22183,384,1058),(22194,423,1058),(22182,379,1058),(22193,420,1058),(22181,375,1058),(22192,416,1058),(22180,372,1058),(22191,238,1057),(22179,369,1058),(22190,412,1058),(22178,364,1058),(22189,407,1058),(22177,360,1058),(22188,403,1058),(22176,357,1058),(22175,351,1058),(22174,347,1058),(22173,343,1058),(22220,149,1059),(22219,144,1059),(22235,183,1059),(22218,324,1060),(22234,356,1060),(22217,138,1059),(22233,178,1059),(22216,321,1060),(22232,352,1060),(22215,134,1059),(22231,174,1059),(22230,347,1060),(22214,316,1060),(22213,128,1059),(22229,343,1060),(22228,168,1059),(22212,312,1060),(22227,342,1060),(22211,123,1059),(22226,164,1059),(22210,489,1058),(22225,336,1060),(22209,483,1058),(22224,159,1059),(22208,480,1058),(22223,331,1060),(22207,476,1058),(22222,154,1059),(22206,471,1058),(22205,469,1058),(22204,463,1058),(22203,459,1058),(22202,456,1058),(22240,369,1060),(22201,452,1058),(22239,363,1060),(22200,448,1058),(22238,194,1059),(22199,443,1058),(22237,189,1059),(22198,440,1058),(22236,361,1060),(22221,327,1060),(22256,402,1060),(22257,237,1059),(22258,404,1060),(22259,408,1060),(22262,421,1060),(22263,22,1061),(22264,425,1060),(22265,429,1060),(22260,414,1060),(22261,415,1060),(22266,26,1061),(22267,432,1060),(22268,30,1061),(22269,34,1061),(22274,445,1060),(22280,456,1060),(22272,440,1060),(22277,50,1061),(22273,43,1061),(22278,452,1060),(22279,54,1061),(22271,39,1061),(22275,48,1061),(22276,449,1060),(22254,395,1060),(22255,232,1059),(22250,387,1060),(22253,228,1059),(22251,223,1059),(22252,391,1060),(22241,199,1059),(22243,202,1059),(22248,385,1060),(22249,217,1059),(22244,375,1060),(22247,213,1059),(22245,207,1059),(22246,379,1060),(22242,372,1060),(22270,435,1060),(22293,74,1062),(22292,70,1062),(22302,97,1062),(22291,489,1060),(22305,263,1063),(22295,82,1062),(22304,101,1062),(22294,77,1062),(22303,259,1063),(22288,62,1062),(22301,253,1063),(22289,483,1060),(22299,93,1062),(22287,480,1060),(22300,248,1063),(22286,475,1060),(22296,85,1062),(22284,468,1060),(22298,243,1063),(22285,471,1060),(22297,89,1062),(22283,463,1060),(22281,57,1061),(22282,461,1060),(22290,65,1062),(22329,87,1064),(22328,138,1065),(22327,82,1064),(22326,133,1065),(22343,114,1064),(22325,78,1064),(22342,172,1065),(22324,128,1065),(22341,110,1064),(22314,287,1063),(22335,97,1064),(22317,303,1063),(22336,159,1065),(22315,294,1063),(22334,154,1065),(22316,298,1063),(22333,94,1064),(22310,113,1062),(22331,90,1064),(22313,283,1063),(22332,149,1065),(22311,278,1063),(22330,144,1065),(22312,118,1062),(22340,167,1065),(22322,124,1065),(22339,106,1064),(22321,70,1064),(22338,162,1065),(22320,66,1064),(22337,102,1064),(22319,62,1064),(22318,309,1063),(22323,74,1064),(22309,273,1063),(22306,106,1062),(22308,110,1062),(22307,267,1063),(22369,248,1067),(22365,50,1066),(22368,243,1067),(22366,54,1066),(22367,58,1066),(22361,42,1066),(22364,239,1065),(22362,232,1065),(22363,47,1066),(22359,39,1066),(22360,227,1065),(22388,343,1068),(22387,297,1067),(22386,340,1068),(22385,292,1067),(22384,335,1068),(22383,288,1067),(22382,332,1068),(22381,283,1067),(22380,327,1068),(22379,278,1067),(22357,35,1066),(22358,222,1065),(22353,26,1066),(22356,217,1065),(22354,212,1065),(22355,30,1066),(22349,197,1065),(22352,207,1065),(22350,202,1065),(22351,22,1066),(22345,119,1064),(22348,192,1065),(22346,182,1065),(22347,187,1065),(22344,177,1065),(22378,323,1068),(22377,273,1067),(22376,320,1068),(22375,269,1067),(22374,316,1068),(22373,264,1067),(22372,312,1068),(22371,259,1067),(22370,253,1067),(22403,395,1068),(22396,370,1068),(22410,424,1068),(22395,364,1068),(22408,415,1068),(22409,420,1068),(22393,356,1068),(22394,359,1068),(22406,408,1068),(22392,352,1068),(22407,412,1068),(22391,308,1067),(22404,400,1068),(22390,347,1068),(22405,404,1068),(22389,305,1067),(22413,436,1068),(22400,384,1068),(22412,432,1068),(22399,379,1068),(22411,430,1068),(22398,375,1068),(22397,371,1068),(22402,391,1068),(22401,388,1068),(22437,51,1070),(22429,70,1069),(22446,152,1071),(22430,22,1070),(22445,147,1071),(22427,63,1069),(22444,143,1071),(22428,66,1069),(22443,136,1071),(22425,484,1068),(22442,132,1071),(22426,490,1068),(22441,127,1071),(22423,475,1068),(22440,122,1071),(22424,479,1068),(22451,178,1071),(22436,46,1070),(22450,174,1071),(22435,43,1070),(22449,167,1071),(22434,39,1070),(22433,34,1070),(22448,163,1071),(22432,30,1070),(22447,158,1071),(22422,471,1068),(22438,55,1070),(22439,59,1070),(22420,463,1068),(22421,468,1068),(22417,452,1068),(22419,459,1068),(22418,455,1068),(22477,244,1073),(22415,443,1068),(22476,314,1072),(22416,449,1068),(22475,237,1071),(22414,439,1068),(22474,118,1069),(22431,26,1070),(22496,293,1073),(22495,348,1072),(22494,287,1073),(22493,343,1072),(22492,282,1073),(22491,342,1072),(22490,279,1073),(22489,272,1073),(22488,335,1072),(22472,115,1069),(22473,231,1071),(22468,106,1069),(22471,227,1071),(22469,222,1071),(22470,111,1069),(22464,97,1069),(22467,217,1071),(22465,212,1071),(22466,102,1069),(22460,90,1069),(22463,207,1071),(22461,202,1071),(22462,94,1069),(22459,199,1071),(22487,331,1072),(22486,267,1073),(22485,263,1073),(22484,328,1072),(22483,257,1073),(22482,326,1072),(22481,253,1073),(22480,320,1072),(22479,249,1073),(22478,318,1072),(22458,88,1069),(22456,82,1069),(22457,193,1071),(22452,75,1069),(22455,189,1071),(22453,182,1071),(22454,78,1069),(22503,310,1073),(22506,375,1072),(22504,370,1072),(22505,374,1072),(22515,411,1072),(22502,365,1072),(22516,416,1072),(22501,302,1073),(22521,435,1072),(22511,395,1072),(22520,433,1072),(22510,391,1072),(22519,430,1072),(22509,387,1072),(22518,425,1072),(22517,422,1072),(22508,385,1072),(22507,379,1072),(22514,408,1072),(22500,360,1072),(22513,406,1072),(22499,298,1073),(22512,401,1072),(22498,355,1072),(22497,351,1072),(22530,471,1072),(22528,463,1072),(22529,470,1072),(22549,47,1075),(22527,459,1072),(22548,89,1074),(22526,455,1072),(22547,42,1075),(22535,62,1074),(22559,117,1074),(22534,490,1072),(22558,113,1074),(22533,483,1072),(22557,111,1074),(22532,481,1072),(22556,105,1074),(22531,475,1072),(22555,57,1075),(22525,452,1072),(22546,86,1074),(22524,450,1072),(22545,39,1075),(22523,443,1072),(22522,440,1072),(22544,82,1074),(22542,77,1074),(22543,34,1075),(22540,73,1074),(22541,29,1075),(22539,25,1075),(22589,201,1076),(22538,69,1074),(22588,302,1077),(22551,49,1075),(22600,320,1078),(22550,93,1074),(22604,335,1078),(22554,101,1074),(22603,332,1078),(22553,53,1075),(22602,328,1078),(22552,97,1074),(22601,324,1078),(22537,21,1075),(22587,197,1076),(22536,65,1074),(22586,300,1077),(22584,292,1077),(22585,192,1076),(22582,289,1077),(22583,189,1076),(22580,284,1077),(22581,182,1076),(22578,277,1077),(22579,177,1076),(22576,275,1077),(22577,172,1076),(22575,167,1076),(22599,236,1076),(22598,315,1078),(22597,232,1076),(22596,311,1078),(22595,226,1076),(22594,222,1076),(22593,216,1076),(22592,212,1076),(22591,207,1076),(22590,307,1077),(22574,269,1077),(22572,264,1077),(22573,162,1076),(22570,259,1077),(22571,157,1076),(22568,253,1077),(22569,152,1076),(22566,246,1077),(22567,148,1076),(22564,242,1077),(22565,144,1076),(22562,132,1076),(22563,137,1076),(22560,123,1076),(22561,128,1076),(22619,395,1078),(22618,393,1078),(22629,435,1078),(22617,388,1078),(22628,431,1078),(22616,383,1078),(22627,429,1078),(22615,379,1078),(22626,425,1078),(22614,375,1078),(22625,420,1078),(22613,371,1078),(22624,415,1078),(22612,369,1078),(22623,411,1078),(22611,364,1078),(22610,360,1078),(22622,407,1078),(22621,404,1078),(22609,357,1078),(22608,351,1078),(22620,399,1078),(22606,343,1078),(22607,347,1078),(22605,339,1078),(22653,136,1080),(22652,87,1079),(22667,114,1079),(22651,82,1079),(22666,172,1080),(22650,131,1080),(22665,167,1080),(22649,77,1079),(22664,109,1079),(22648,126,1080),(22661,156,1080),(22640,479,1078),(22660,102,1079),(22639,475,1078),(22659,151,1080),(22638,471,1078),(22658,97,1079),(22637,468,1078),(22657,147,1080),(22636,463,1078),(22656,93,1079),(22635,459,1078),(22655,142,1080),(22634,455,1078),(22654,90,1079),(22647,73,1079),(22663,163,1080),(22646,121,1080),(22662,107,1079),(22645,71,1079),(22644,67,1079),(22643,62,1079),(22642,490,1078),(22641,483,1078),(22712,335,1083),(22633,451,1078),(22687,274,1081),(22632,448,1078),(22686,231,1080),(22631,443,1078),(22685,269,1081),(22630,439,1078),(22684,227,1080),(22683,265,1081),(22693,299,1081),(22692,293,1081),(22691,288,1081),(22690,284,1081),(22689,277,1081),(22688,237,1080),(22711,333,1083),(22710,327,1083),(22709,323,1083),(22708,58,1082),(22707,319,1083),(22706,55,1082),(22705,316,1083),(22704,52,1082),(22703,313,1083),(22702,47,1082),(22682,221,1080),(22681,259,1081),(22680,219,1080),(22679,254,1081),(22678,213,1080),(22677,248,1081),(22676,209,1080),(22675,244,1081),(22674,204,1080),(22673,198,1080),(22672,192,1080),(22671,188,1080),(22670,181,1080),(22669,177,1080),(22668,117,1079),(22701,42,1082),(22700,39,1082),(22699,35,1082),(22698,31,1082),(22697,307,1081),(22696,27,1082),(22695,302,1081),(22694,22,1082),(22737,436,1083),(22722,375,1083),(22730,407,1083),(22719,363,1083),(22729,404,1083),(22718,361,1083),(22728,400,1083),(22717,355,1083),(22727,395,1083),(22716,351,1083),(22726,391,1083),(22715,347,1083),(22714,343,1083),(22725,387,1083),(22713,340,1083),(22724,384,1083),(22723,379,1083),(22721,373,1083),(22736,431,1083),(22720,367,1083),(22735,428,1083),(22734,423,1083),(22733,420,1083),(22732,415,1083),(22761,43,1084),(22731,411,1083),(22760,77,1085),(22754,65,1085),(22753,26,1084),(22752,62,1085),(22751,23,1084),(22750,489,1083),(22770,97,1085),(22749,483,1083),(22769,58,1084),(22748,480,1083),(22768,94,1085),(22747,475,1083),(22767,54,1084),(22746,471,1083),(22766,89,1085),(22745,468,1083),(22775,119,1085),(22759,39,1084),(22774,113,1085),(22758,74,1085),(22773,109,1085),(22757,34,1084),(22772,106,1085),(22756,70,1085),(22771,101,1085),(22755,31,1084),(22765,49,1084),(22744,463,1083),(22764,85,1085),(22743,459,1083),(22763,47,1084),(22742,455,1083),(22762,82,1085),(22741,453,1083),(22740,447,1083),(22739,443,1083),(22738,439,1083),(22800,287,1087),(22799,192,1086),(22798,283,1087),(22797,186,1086),(22820,336,1088),(22819,332,1088),(22818,327,1088),(22817,325,1088),(22816,321,1088),(22815,316,1088),(22814,311,1088),(22813,240,1086),(22812,231,1086),(22811,227,1086),(22796,277,1087),(22795,181,1086),(22794,272,1087),(22793,177,1086),(22792,267,1087),(22791,173,1086),(22790,262,1087),(22789,167,1086),(22788,258,1087),(22787,163,1086),(22786,253,1087),(22785,157,1086),(22784,248,1087),(22783,152,1086),(22782,242,1087),(22810,221,1086),(22809,218,1086),(22808,308,1087),(22807,212,1086),(22806,302,1087),(22805,207,1086),(22804,300,1087),(22803,203,1086),(22802,293,1087),(22801,197,1086),(22781,147,1086),(22780,143,1086),(22779,137,1086),(22778,132,1086),(22777,127,1086),(22776,122,1086),(22826,359,1088),(22839,411,1088),(22825,356,1088),(22838,408,1088),(22824,352,1088),(22837,404,1088),(22836,399,1088),(22823,347,1088),(22822,343,1088),(22845,435,1088),(22830,378,1088),(22844,432,1088),(22843,429,1088),(22829,371,1088),(22842,423,1088),(22828,369,1088),(22841,420,1088),(22827,363,1088),(22840,415,1088),(22821,339,1088),(22835,395,1088),(22834,391,1088),(22833,387,1088),(22832,384,1088),(22831,380,1088),(22864,84,1089),(22863,78,1089),(22862,76,1089),(22861,70,1089),(22860,65,1089),(22878,109,1089),(22859,64,1089),(22858,490,1088),(22877,46,1090),(22869,32,1090),(22883,60,1090),(22868,90,1089),(22882,118,1089),(22881,56,1090),(22867,28,1090),(22866,85,1089),(22880,113,1089),(22865,24,1090),(22879,52,1090),(22876,105,1089),(22857,483,1088),(22875,44,1090),(22856,480,1088),(22874,102,1089),(22855,475,1088),(22873,38,1090),(22854,472,1088),(22872,97,1089),(22853,470,1088),(22871,34,1090),(22852,463,1088),(22870,93,1089),(22851,459,1088),(22850,456,1088),(22849,452,1088),(22848,447,1088),(22847,443,1088),(22928,338,1093),(22846,440,1088),(22927,333,1093),(22926,240,1091),(22925,329,1093),(22924,231,1091),(22923,326,1093),(22922,320,1093),(22921,228,1091),(22920,223,1091),(22919,316,1093),(22918,218,1091),(22917,312,1093),(22916,213,1091),(22915,208,1091),(22914,203,1091),(22913,197,1091),(22912,195,1091),(22911,310,1092),(22910,190,1091),(22909,303,1092),(22908,182,1091),(22907,299,1092),(22906,177,1091),(22905,294,1092),(22904,172,1091),(22903,287,1092),(22902,167,1091),(22901,283,1092),(22900,162,1091),(22899,278,1092),(22898,156,1091),(22897,271,1092),(22896,151,1091),(22895,268,1092),(22894,148,1091),(22893,264,1092),(22892,141,1091),(22891,259,1092),(22890,136,1091),(22889,255,1092),(22888,133,1091),(22887,249,1092),(22886,126,1091),(22885,242,1092),(22884,121,1091),(22943,395,1093),(22942,391,1093),(22953,436,1093),(22941,388,1093),(22952,434,1093),(22940,384,1093),(22951,430,1093),(22939,382,1093),(22950,424,1093),(22938,378,1093),(22949,420,1093),(22937,373,1093),(22948,415,1093),(22936,370,1093),(22947,414,1093),(22935,364,1093),(22946,407,1093),(22934,362,1093),(22945,406,1093),(22933,358,1093),(22944,402,1093),(22932,352,1093),(22931,348,1093),(22930,343,1093),(22929,340,1093),(22977,268,1095),(22976,263,1095),(22975,327,1094),(22974,257,1095),(22973,324,1094),(22972,254,1095),(22971,320,1094),(22970,249,1095),(22969,317,1094),(22968,245,1095),(22967,313,1094),(22966,490,1093),(22965,483,1093),(22964,481,1093),(22963,477,1093),(22991,360,1094),(22962,471,1093),(22990,299,1095),(22961,467,1093),(22989,356,1094),(22960,463,1093),(22988,294,1095),(22959,460,1093),(22987,352,1094),(22958,458,1093),(22986,287,1095),(22957,452,1093),(22985,348,1094),(22956,450,1093),(22984,282,1095),(22955,443,1093),(22983,343,1094),(22954,440,1093),(22982,279,1095),(22981,340,1094),(22980,336,1094),(22979,272,1095),(22978,332,1094),(23036,467,1094),(23035,122,1097),(23034,463,1094),(23033,460,1094),(23032,455,1094),(23031,452,1094),(23030,448,1094),(23029,443,1094),(23028,118,1096),(23027,439,1094),(23026,114,1096),(23025,110,1096),(23024,436,1094),(23023,106,1096),(23022,433,1094),(23021,428,1094),(23020,102,1096),(23019,423,1094),(23018,99,1096),(23017,419,1094),(23016,95,1096),(23015,415,1094),(23014,91,1096),(23013,411,1094),(23012,87,1096),(23011,407,1094),(23010,82,1096),(23009,404,1094),(23008,79,1096),(23007,400,1094),(23006,76,1096),(23005,396,1094),(23004,71,1096),(23003,391,1094),(23002,67,1096),(23001,389,1094),(23000,63,1096),(22999,384,1094),(22998,380,1094),(22997,376,1094),(22996,372,1094),(22995,369,1094),(22994,309,1095),(22993,364,1094),(22992,302,1095),(23051,173,1097),(23050,168,1097),(23049,163,1097),(23061,43,1098),(23048,157,1097),(23060,38,1098),(23047,152,1097),(23059,192,1097),(23046,488,1094),(23058,35,1098),(23045,147,1097),(23057,187,1097),(23044,483,1094),(23056,31,1098),(23043,142,1097),(23055,182,1097),(23042,481,1094),(23054,27,1098),(23041,137,1097),(23053,177,1097),(23040,475,1094),(23052,23,1098),(23039,133,1097),(23038,471,1094),(23037,127,1097),(23085,36,1100),(23084,86,1099),(23083,31,1100),(23099,117,1099),(23082,82,1099),(23098,113,1099),(23081,26,1100),(23097,58,1100),(23080,77,1099),(23096,111,1099),(23079,22,1100),(23095,54,1100),(23078,73,1099),(23094,107,1099),(23077,69,1099),(23093,49,1100),(23076,66,1099),(23092,101,1099),(23075,62,1099),(23091,47,1100),(23074,237,1097),(23090,97,1099),(23073,232,1097),(23089,42,1100),(23072,227,1097),(23088,93,1099),(23071,222,1097),(23087,39,1100),(23070,219,1097),(23086,90,1099),(23069,59,1098),(23068,213,1097),(23067,55,1098),(23066,207,1097),(23065,51,1098),(23144,148,1103),(23064,204,1097),(23143,407,1101),(23063,46,1098),(23142,142,1103),(23062,199,1097),(23141,403,1101),(23140,137,1103),(23139,399,1101),(23138,132,1103),(23137,396,1101),(23136,128,1103),(23135,391,1101),(23134,121,1103),(23133,387,1101),(23132,385,1101),(23131,380,1101),(23130,377,1101),(23129,372,1101),(23128,308,1102),(23127,369,1101),(23126,305,1102),(23125,363,1101),(23124,300,1102),(23123,360,1101),(23122,294,1102),(23121,356,1101),(23120,287,1102),(23119,353,1101),(23118,283,1102),(23117,347,1101),(23116,277,1102),(23115,343,1101),(23114,273,1102),(23113,339,1101),(23112,267,1102),(23111,335,1101),(23110,263,1102),(23109,333,1101),(23108,257,1102),(23107,329,1101),(23106,253,1102),(23105,324,1101),(23104,247,1102),(23103,321,1101),(23102,243,1102),(23101,316,1101),(23100,313,1101),(23154,174,1103),(23153,429,1101),(23152,168,1103),(23169,459,1101),(23151,423,1101),(23168,207,1103),(23150,164,1103),(23167,455,1101),(23149,420,1101),(23166,202,1103),(23148,157,1103),(23165,453,1101),(23147,415,1101),(23164,197,1103),(23146,152,1103),(23163,448,1101),(23145,411,1101),(23162,195,1103),(23161,443,1101),(23160,190,1103),(23159,440,1101),(23158,183,1103),(23157,436,1101),(23156,178,1103),(23155,431,1101),(23193,328,1105),(23192,42,1104),(23191,324,1105),(23190,38,1104),(23189,320,1105),(23188,35,1104),(23187,317,1105),(23186,31,1104),(23185,314,1105),(23184,27,1104),(23183,23,1104),(23182,488,1101),(23181,483,1101),(23180,239,1103),(23179,479,1101),(23178,231,1103),(23177,475,1101),(23176,226,1103),(23175,471,1101),(23174,221,1103),(23173,468,1101),(23172,217,1103),(23171,463,1101),(23170,212,1103),(23207,364,1105),(23206,245,1106),(23205,361,1105),(23204,356,1105),(23203,353,1105),(23202,347,1105),(23201,343,1105),(23200,58,1104),(23199,341,1105),(23198,54,1104),(23197,335,1105),(23196,51,1104),(23195,333,1105),(23194,46,1104),(23252,157,1107),(23251,460,1105),(23250,152,1107),(23249,457,1105),(23248,148,1107),(23247,454,1105),(23246,144,1107),(23245,450,1105),(23244,138,1107),(23243,443,1105),(23242,135,1107),(23241,440,1105),(23240,127,1107),(23239,436,1105),(23238,124,1107),(23237,432,1105),(23236,427,1105),(23235,424,1105),(23234,420,1105),(23233,416,1105),(23232,414,1105),(23231,310,1106),(23230,303,1106),(23229,407,1105),(23228,300,1106),(23227,405,1105),(23226,295,1106),(23225,399,1105),(23224,286,1106),(23223,397,1105),(23222,283,1106),(23221,391,1105),(23220,278,1106),(23219,388,1105),(23218,273,1106),(23217,385,1105),(23216,268,1106),(23215,379,1105),(23214,263,1106),(23213,376,1105),(23212,259,1106),(23211,373,1105),(23210,255,1106),(23209,367,1105),(23208,250,1106),(23260,178,1107),(23259,475,1105),(23270,215,1107),(23258,173,1107),(23269,207,1107),(23257,472,1105),(23267,198,1107),(23277,74,1108),(23266,193,1107),(23276,229,1107),(23275,71,1108),(23265,488,1105),(23274,224,1107),(23264,189,1107),(23273,66,1108),(23263,483,1105),(23272,220,1107),(23262,183,1107),(23271,62,1108),(23261,480,1105),(23268,202,1107),(23256,168,1107),(23255,469,1105),(23254,163,1107),(23253,463,1105),(23301,83,1109),(23300,39,1110),(23299,77,1109),(23298,35,1110),(23315,120,1109),(23297,74,1109),(23314,116,1109),(23296,30,1110),(23313,111,1109),(23295,70,1109),(23294,25,1110),(23312,107,1109),(23311,101,1109),(23293,67,1109),(23292,22,1110),(23310,59,1110),(23309,97,1109),(23291,62,1109),(23290,117,1108),(23308,54,1110),(23307,94,1109),(23289,113,1108),(23288,110,1108),(23306,50,1110),(23287,105,1108),(23305,90,1109),(23304,47,1110),(23286,101,1108),(23285,97,1108),(23303,42,1110),(23302,86,1109),(23284,93,1108),(23283,90,1108),(23282,87,1108),(23281,83,1108),(23280,238,1107),(23279,77,1108),(23360,343,1113),(23278,232,1107),(23359,227,1112),(23358,341,1113),(23357,221,1112),(23356,338,1113),(23355,217,1112),(23354,332,1113),(23353,212,1112),(23352,330,1113),(23351,206,1112),(23350,323,1113),(23349,201,1112),(23348,320,1113),(23347,196,1112),(23346,316,1113),(23345,192,1112),(23344,314,1113),(23343,188,1112),(23342,182,1112),(23341,177,1112),(23340,172,1112),(23339,167,1112),(23338,309,1111),(23337,162,1112),(23336,303,1111),(23335,157,1112),(23334,299,1111),(23333,151,1112),(23332,293,1111),(23331,146,1112),(23330,288,1111),(23329,141,1112),(23328,283,1111),(23327,138,1112),(23326,277,1111),(23325,134,1112),(23324,272,1111),(23323,267,1111),(23322,126,1112),(23321,121,1112),(23320,264,1111),(23319,259,1111),(23318,254,1111),(23317,249,1111),(23316,242,1111),(23375,396,1113),(23385,436,1113),(23374,391,1113),(23384,432,1113),(23373,388,1113),(23383,430,1113),(23372,386,1113),(23382,424,1113),(23371,382,1113),(23381,420,1113),(23370,376,1113),(23380,415,1113),(23369,372,1113),(23379,411,1113),(23368,369,1113),(23378,407,1113),(23367,366,1113),(23377,404,1113),(23366,360,1113),(23376,402,1113),(23365,358,1113),(23364,352,1113),(23363,237,1112),(23362,347,1113),(23361,231,1112),(23399,23,1114),(23398,490,1113),(23397,484,1113),(23396,479,1113),(23395,475,1113),(23394,471,1113),(23393,468,1113),(23392,463,1113),(23391,460,1113),(23390,458,1113),(23389,452,1113),(23388,448,1113),(23387,445,1113),(23386,440,1113),(23444,343,1117),(23443,183,1116),(23468,396,1117),(23442,340,1117),(23467,392,1117),(23441,179,1116),(23466,387,1117),(23440,337,1117),(23465,383,1117),(23439,175,1116),(23464,238,1116),(23438,333,1117),(23463,380,1117),(23462,232,1116),(23437,170,1116),(23436,327,1117),(23461,377,1117),(23435,165,1116),(23460,227,1116),(23434,325,1117),(23459,373,1117),(23433,157,1116),(23458,223,1116),(23432,321,1117),(23457,369,1117),(23456,217,1116),(23431,154,1116),(23455,365,1117),(23430,318,1117),(23429,148,1116),(23454,214,1116),(23428,314,1117),(23453,362,1117),(23427,141,1116),(23452,207,1116),(23426,139,1116),(23451,358,1117),(23425,135,1116),(23450,202,1116),(23424,127,1116),(23449,354,1117),(23423,122,1116),(23448,200,1116),(23422,308,1115),(23447,349,1117),(23421,302,1115),(23446,194,1116),(23420,300,1115),(23445,190,1116),(23419,294,1115),(23418,287,1115),(23417,59,1114),(23416,283,1115),(23415,55,1114),(23414,280,1115),(23413,51,1114),(23412,272,1115),(23411,46,1114),(23410,267,1115),(23409,42,1114),(23408,262,1115),(23407,39,1114),(23406,258,1115),(23405,36,1114),(23404,254,1115),(23403,31,1114),(23402,250,1115),(23401,27,1114),(23400,245,1115),(23483,88,1118),(23482,429,1117),(23493,106,1118),(23481,84,1118),(23492,449,1117),(23480,424,1117),(23491,102,1118),(23479,78,1118),(23490,444,1117),(23478,420,1117),(23489,97,1118),(23477,75,1118),(23488,440,1117),(23476,417,1117),(23487,96,1118),(23475,71,1118),(23486,436,1117),(23474,412,1117),(23485,92,1118),(23473,66,1118),(23484,432,1117),(23472,408,1117),(23471,63,1118),(23470,405,1117),(23469,400,1117),(23517,44,1119),(23531,195,1120),(23516,142,1120),(23515,39,1119),(23530,190,1120),(23529,182,1120),(23514,137,1120),(23528,177,1120),(23513,35,1119),(23527,174,1120),(23512,132,1120),(23511,31,1119),(23526,169,1120),(23510,127,1120),(23525,57,1119),(23509,27,1119),(23524,164,1120),(23523,55,1119),(23508,122,1120),(23522,157,1120),(23507,23,1119),(23521,51,1119),(23506,489,1117),(23520,152,1120),(23505,484,1117),(23519,47,1119),(23504,480,1117),(23518,146,1120),(23503,475,1117),(23502,473,1117),(23501,468,1117),(23500,463,1117),(23499,117,1118),(23576,96,1123),(23498,460,1117),(23575,360,1122),(23497,114,1118),(23574,90,1123),(23496,457,1117),(23573,357,1122),(23495,112,1118),(23494,452,1117),(23572,88,1123),(23571,353,1122),(23570,84,1123),(23569,347,1122),(23568,78,1123),(23567,343,1122),(23566,75,1123),(23565,341,1122),(23564,71,1123),(23563,335,1122),(23562,67,1123),(23561,332,1122),(23560,63,1123),(23559,327,1122),(23558,325,1122),(23557,320,1122),(23556,316,1122),(23555,312,1122),(23554,308,1121),(23553,302,1121),(23552,299,1121),(23551,295,1121),(23550,289,1121),(23549,237,1120),(23548,284,1121),(23547,232,1120),(23546,277,1121),(23545,227,1120),(23544,274,1121),(23543,222,1120),(23542,267,1121),(23541,217,1120),(23540,264,1121),(23539,212,1120),(23538,259,1121),(23537,209,1120),(23536,254,1121),(23535,204,1120),(23534,248,1121),(23533,197,1120),(23532,245,1121),(23601,436,1122),(23586,113,1123),(23600,432,1122),(23585,380,1122),(23599,428,1122),(23584,111,1123),(23598,423,1122),(23583,375,1122),(23597,420,1122),(23582,107,1123),(23596,415,1122),(23581,373,1122),(23595,411,1122),(23580,101,1123),(23594,408,1122),(23579,369,1122),(23593,404,1122),(23578,98,1123),(23592,400,1122),(23577,364,1122),(23591,396,1122),(23590,391,1122),(23589,387,1122),(23588,118,1123),(23587,385,1122),(23625,101,1124),(23624,97,1124),(23623,94,1124),(23622,90,1124),(23621,86,1124),(23639,132,1126),(23620,83,1124),(23638,46,1125),(23619,77,1124),(23637,127,1126),(23618,74,1124),(23636,41,1125),(23617,70,1124),(23635,122,1126),(23616,66,1124),(23634,38,1125),(23615,62,1124),(23633,34,1125),(23614,489,1122),(23632,30,1125),(23613,483,1122),(23631,26,1125),(23612,481,1122),(23630,21,1125),(23611,476,1122),(23629,119,1124),(23610,471,1122),(23628,113,1124),(23609,468,1122),(23627,110,1124),(23608,463,1122),(23626,105,1124),(23607,459,1122),(23606,457,1122),(23605,453,1122),(23604,448,1122),(23603,443,1122),(23684,336,1128),(23602,439,1122),(23683,331,1128),(23682,327,1128),(23681,323,1128),(23680,320,1128),(23679,316,1128),(23678,311,1128),(23677,307,1127),(23676,238,1126),(23675,303,1127),(23674,232,1126),(23673,298,1127),(23672,228,1126),(23671,293,1127),(23670,222,1126),(23669,289,1127),(23668,218,1126),(23667,283,1127),(23666,213,1126),(23665,278,1127),(23664,208,1126),(23663,203,1126),(23662,274,1127),(23661,198,1126),(23660,268,1127),(23659,193,1126),(23658,263,1127),(23657,188,1126),(23656,259,1127),(23655,182,1126),(23654,253,1127),(23653,178,1126),(23652,247,1127),(23651,173,1126),(23650,243,1127),(23649,168,1126),(23648,163,1126),(23647,158,1126),(23646,153,1126),(23645,148,1126),(23644,57,1125),(23643,143,1126),(23642,53,1125),(23641,137,1126),(23640,49,1125),(23699,395,1128),(23698,392,1128),(23697,389,1128),(23709,435,1128),(23696,383,1128),(23708,431,1128),(23695,379,1128),(23707,428,1128),(23694,375,1128),(23706,424,1128),(23693,372,1128),(23705,420,1128),(23692,368,1128),(23704,416,1128),(23691,364,1128),(23703,411,1128),(23690,359,1128),(23702,407,1128),(23689,355,1128),(23701,403,1128),(23688,351,1128),(23700,400,1128),(23687,348,1128),(23686,343,1128),(23685,340,1128),(23733,81,1129),(23732,327,1130),(23731,78,1129),(23747,360,1130),(23730,323,1130),(23746,105,1129),(23729,73,1129),(23745,356,1130),(23728,320,1130),(23744,351,1130),(23727,69,1129),(23743,101,1129),(23726,316,1130),(23742,347,1130),(23725,65,1129),(23741,97,1129),(23724,312,1130),(23723,62,1129),(23740,343,1130),(23739,93,1129),(23722,488,1128),(23738,339,1130),(23721,484,1128),(23737,89,1129),(23720,479,1128),(23719,475,1128),(23736,335,1130),(23718,472,1128),(23735,85,1129),(23734,331,1130),(23717,468,1128),(23716,463,1128),(23715,460,1128),(23714,455,1128),(23713,451,1128),(23792,463,1130),(23712,448,1128),(23791,459,1130),(23711,443,1128),(23790,198,1131),(23710,439,1128),(23789,455,1130),(23788,193,1131),(23787,451,1130),(23786,189,1131),(23785,448,1130),(23784,183,1131),(23783,443,1130),(23782,178,1131),(23781,439,1130),(23780,174,1131),(23779,435,1130),(23778,169,1131),(23777,431,1130),(23776,164,1131),(23775,428,1130),(23774,159,1131),(23773,423,1130),(23772,420,1130),(23771,154,1131),(23770,415,1130),(23769,149,1131),(23768,143,1131),(23767,411,1130),(23766,407,1130),(23765,139,1131),(23764,403,1130),(23763,134,1131),(23762,399,1130),(23761,128,1131),(23760,395,1130),(23759,123,1131),(23758,391,1130),(23757,387,1130),(23756,383,1130),(23755,379,1130),(23754,375,1130),(23753,372,1130),(23752,118,1129),(23751,369,1130),(23750,113,1129),(23749,363,1130),(23748,109,1129),(23802,483,1130),(23801,223,1131),(23800,479,1130),(23799,218,1131),(23798,476,1130),(23797,213,1131),(23796,471,1130),(23795,207,1131),(23794,467,1130),(23793,202,1131),(23826,54,1133),(23825,295,1132),(23824,49,1133),(23823,288,1132),(23841,149,1135),(23822,46,1133),(23840,77,1134),(23821,284,1132),(23839,144,1135),(23820,279,1132),(23838,136,1135),(23819,41,1133),(23828,57,1133),(23804,488,1130),(23827,300,1132),(23803,228,1131),(23837,74,1134),(23818,272,1132),(23836,131,1135),(23817,38,1133),(23835,69,1134),(23816,269,1132),(23834,128,1135),(23815,34,1133),(23814,264,1132),(23833,66,1134),(23832,121,1135),(23813,31,1133),(23831,61,1134),(23812,259,1132),(23830,308,1132),(23811,26,1133),(23829,302,1132),(23810,255,1132),(23809,22,1133),(23808,247,1132),(23807,243,1132),(23806,238,1131),(23855,181,1135),(23805,232,1131),(23854,106,1134),(23853,177,1135),(23852,102,1134),(23851,171,1135),(23900,33,1138),(23850,97,1134),(23899,359,1137),(23849,166,1135),(23898,29,1138),(23848,93,1134),(23897,355,1137),(23847,161,1135),(23896,25,1138),(23846,90,1134),(23895,351,1137),(23845,156,1135),(23894,21,1138),(23843,152,1135),(23857,188,1135),(23842,82,1134),(23856,109,1134),(23844,86,1134),(23893,347,1137),(23892,343,1137),(23891,339,1137),(23890,335,1137),(23889,331,1137),(23888,307,1136),(23887,304,1136),(23886,328,1137),(23885,298,1136),(23884,323,1137),(23883,292,1136),(23882,319,1137),(23881,289,1136),(23880,315,1137),(23879,284,1136),(23878,311,1137),(23877,277,1136),(23876,274,1136),(23875,269,1136),(23874,264,1136),(23873,259,1136),(23872,237,1135),(23871,253,1136),(23870,231,1135),(23869,247,1136),(23868,226,1135),(23867,243,1136),(23866,222,1135),(23865,216,1135),(23864,212,1135),(23863,207,1135),(23862,202,1135),(23861,197,1135),(23860,117,1134),(23859,193,1135),(23858,114,1134),(23915,395,1137),(23960,106,1139),(23974,34,1141),(23984,54,1141),(23985,163,1142),(23902,40,1138),(23921,419,1137),(23962,112,1139),(23983,157,1142),(24008,232,1142),(23914,391,1137),(23959,288,1140),(23973,133,1142),(23982,49,1141),(24007,339,1143),(23913,387,1137),(23958,101,1139),(23972,29,1141),(23981,153,1142),(24006,227,1142),(23912,57,1138),(23957,283,1140),(23971,128,1142),(23980,46,1141),(24005,336,1143),(23911,383,1137),(23956,97,1139),(23970,25,1141),(24004,221,1142),(23979,148,1142),(23910,53,1138),(23955,277,1140),(23969,122,1142),(23978,42,1141),(24003,332,1143),(23909,379,1137),(23954,94,1139),(23968,21,1141),(24002,217,1142),(23977,143,1142),(23908,50,1138),(23953,273,1140),(23967,306,1140),(24001,212,1142),(23976,40,1141),(23952,90,1139),(23907,375,1137),(23966,118,1139),(24000,327,1143),(23975,137,1142),(23901,363,1137),(23920,415,1137),(23961,291,1140),(23999,207,1142),(23906,48,1138),(23951,270,1140),(23965,304,1140),(23998,324,1143),(23905,371,1137),(23950,85,1139),(23964,114,1139),(23997,202,1142),(23904,42,1138),(23949,264,1140),(23963,299,1140),(23996,319,1143),(23903,367,1137),(23948,259,1140),(23995,198,1142),(23947,81,1139),(23994,315,1143),(23946,252,1140),(23993,193,1142),(23945,78,1139),(23992,311,1143),(23944,247,1140),(23991,188,1142),(23943,73,1139),(23990,182,1142),(23942,242,1140),(23989,177,1142),(23941,70,1139),(23988,173,1142),(23940,66,1139),(23987,168,1142),(23939,62,1139),(23986,57,1141),(23938,488,1137),(23937,483,1137),(23936,479,1137),(23935,475,1137),(23934,471,1137),(23933,467,1137),(23932,463,1137),(23919,411,1137),(23918,407,1137),(23917,403,1137),(23916,399,1137),(23931,459,1137),(23930,455,1137),(23929,453,1137),(23928,448,1137),(23927,443,1137),(23926,439,1137),(23925,435,1137),(23924,431,1137),(23923,428,1137),(23922,423,1137),(24018,375,1143),(24033,435,1143),(24017,371,1143),(24032,431,1143),(24016,369,1143),(24031,428,1143),(24015,364,1143),(24030,424,1143),(24014,360,1143),(24029,420,1143),(24013,355,1143),(24028,415,1143),(24012,351,1143),(24027,411,1143),(24011,347,1143),(24026,407,1143),(24010,238,1142),(24025,403,1143),(24009,343,1143),(24024,399,1143),(24023,395,1143),(24022,391,1143),(24021,387,1143),(24020,383,1143),(24047,62,1144),(24019,379,1143),(24046,488,1143),(24045,483,1143),(24044,479,1143),(24043,475,1143),(24042,471,1143),(24049,65,1144),(24035,443,1143),(24034,439,1143),(24048,241,1145),(24071,109,1144),(24041,467,1143),(24070,298,1145),(24040,463,1143),(24069,106,1144),(24039,459,1143),(24068,291,1145),(24038,455,1143),(24067,101,1144),(24037,452,1143),(24066,97,1144),(24036,448,1143),(24065,289,1145),(24064,284,1145),(24063,93,1144),(24062,89,1144),(24061,279,1145),(24116,164,1148),(24060,273,1145),(24115,395,1146),(24059,88,1144),(24114,158,1148),(24058,81,1144),(24113,391,1146),(24057,267,1145),(24112,154,1148),(24056,77,1144),(24111,388,1146),(24055,262,1145),(24110,147,1148),(24054,74,1144),(24109,383,1146),(24053,259,1145),(24108,145,1148),(24052,70,1144),(24107,381,1146),(24051,252,1145),(24106,137,1148),(24050,247,1145),(24105,377,1146),(24104,134,1148),(24075,117,1144),(24074,307,1145),(24073,113,1144),(24072,302,1145),(24103,128,1148),(24102,371,1146),(24101,124,1148),(24100,368,1146),(24099,364,1146),(24098,360,1146),(24097,356,1146),(24096,352,1146),(24095,347,1146),(24094,58,1147),(24093,344,1146),(24092,54,1147),(24091,339,1146),(24090,50,1147),(24089,335,1146),(24088,46,1147),(24087,42,1147),(24086,332,1146),(24085,38,1147),(24084,329,1146),(24083,323,1146),(24082,34,1147),(24081,319,1146),(24080,31,1147),(24079,315,1146),(24078,26,1147),(24077,311,1146),(24076,22,1147),(24140,443,1146),(24139,222,1148),(24155,62,1149),(24138,218,1148),(24154,488,1146),(24137,440,1146),(24153,484,1146),(24136,215,1148),(24152,479,1146),(24135,435,1146),(24151,475,1146),(24134,208,1148),(24150,471,1146),(24119,403,1146),(24141,227,1148),(24118,169,1148),(24117,399,1146),(24149,467,1146),(24133,431,1146),(24148,464,1146),(24132,203,1148),(24147,459,1146),(24146,455,1146),(24131,429,1146),(24145,238,1148),(24130,199,1148),(24144,453,1146),(24129,424,1146),(24143,232,1148),(24128,195,1148),(24142,448,1146),(24127,420,1146),(24126,190,1148),(24125,415,1146),(24124,183,1148),(24123,411,1146),(24122,178,1148),(24165,101,1149),(24121,407,1146),(24164,97,1149),(24120,175,1148),(24163,93,1149),(24162,89,1149),(24161,86,1149),(24160,82,1149),(24159,77,1149),(24179,152,1150),(24158,74,1149),(24178,30,1151),(24157,70,1149),(24177,147,1150),(24156,66,1149),(24176,26,1151),(24175,142,1150),(24174,21,1151),(24173,136,1150),(24172,131,1150),(24171,127,1150),(24186,48,1151),(24166,106,1149),(24185,167,1150),(24184,41,1151),(24170,122,1150),(24224,336,1153),(24169,117,1149),(24168,113,1149),(24223,332,1153),(24222,330,1153),(24167,110,1149),(24221,326,1153),(24220,309,1152),(24219,321,1153),(24218,304,1152),(24217,316,1153),(24216,300,1152),(24215,313,1153),(24214,295,1152),(24213,289,1152),(24212,284,1152),(24211,277,1152),(24210,275,1152),(24209,237,1150),(24208,269,1152),(24207,232,1150),(24206,264,1152),(24205,226,1150),(24204,260,1152),(24203,224,1150),(24202,255,1152),(24201,216,1150),(24200,247,1152),(24199,212,1150),(24198,244,1152),(24197,206,1150),(24196,201,1150),(24195,197,1150),(24194,192,1150),(24193,187,1150),(24192,182,1150),(24191,58,1151),(24190,54,1151),(24189,177,1150),(24188,49,1151),(24183,162,1150),(24182,40,1151),(24181,157,1150),(24180,34,1151),(24187,172,1150),(24234,375,1153),(24233,372,1153),(24258,472,1153),(24232,369,1153),(24257,468,1153),(24231,364,1153),(24256,463,1153),(24230,362,1153),(24255,460,1153),(24229,358,1153),(24254,456,1153),(24228,354,1153),(24253,452,1153),(24227,349,1153),(24252,450,1153),(24226,344,1153),(24251,444,1153),(24225,340,1153),(24250,441,1153),(24249,436,1153),(24248,432,1153),(24247,429,1153),(24246,424,1153),(24273,39,1155),(24245,422,1153),(24272,35,1155),(24244,416,1153),(24271,81,1154),(24243,411,1153),(24270,29,1155),(24242,408,1153),(24241,406,1153),(24269,80,1154),(24268,75,1154),(24240,400,1153),(24267,27,1155),(24239,396,1153),(24266,70,1154),(24238,391,1153),(24265,23,1155),(24236,385,1153),(24260,480,1153),(24235,380,1153),(24259,476,1153),(24237,388,1153),(24264,65,1154),(24263,62,1154),(24262,489,1153),(24261,484,1153),(24287,119,1154),(24286,114,1154),(24285,110,1154),(24284,106,1154),(24332,336,1158),(24331,331,1158),(24283,59,1155),(24330,327,1158),(24282,102,1154),(24329,323,1158),(24281,55,1155),(24328,309,1157),(24280,97,1154),(24327,319,1158),(24279,51,1155),(24326,302,1157),(24278,93,1154),(24325,316,1158),(24277,47,1155),(24324,297,1157),(24276,90,1154),(24323,312,1158),(24275,42,1155),(24322,294,1157),(24274,86,1154),(24321,288,1157),(24320,284,1157),(24319,279,1157),(24318,272,1157),(24317,268,1157),(24316,236,1156),(24315,263,1157),(24314,232,1156),(24313,257,1157),(24312,227,1156),(24311,254,1157),(24310,222,1156),(24309,249,1157),(24308,218,1156),(24307,214,1156),(24306,242,1157),(24305,207,1156),(24304,202,1156),(24303,198,1156),(24302,192,1156),(24301,187,1156),(24300,182,1156),(24299,177,1156),(24298,172,1156),(24297,167,1156),(24296,163,1156),(24295,156,1156),(24294,152,1156),(24293,147,1156),(24292,141,1156),(24291,136,1156),(24290,131,1156),(24289,126,1156),(24288,121,1156),(24333,340,1158),(24347,395,1158),(24346,392,1158),(24345,387,1158),(24344,383,1158),(24343,379,1158),(24342,375,1158),(24341,373,1158),(24340,370,1158),(24339,365,1158),(24338,361,1158),(24337,356,1158),(24336,352,1158),(24335,347,1158),(24334,343,1158),(24357,435,1158),(24356,432,1158),(24381,82,1159),(24355,429,1158),(24380,37,1160),(24354,424,1158),(24379,77,1159),(24353,420,1158),(24378,34,1160),(24377,74,1159),(24352,415,1158),(24376,30,1160),(24351,413,1158),(24375,70,1159),(24350,409,1158),(24374,26,1160),(24349,403,1158),(24373,65,1159),(24348,401,1158),(24372,21,1160),(24371,62,1159),(24370,490,1158),(24369,483,1158),(24368,480,1158),(24395,117,1159),(24367,475,1158),(24394,113,1159),(24366,471,1158),(24393,109,1159),(24365,468,1158),(24392,105,1159),(24364,463,1158),(24391,58,1160),(24363,460,1158),(24390,101,1159),(24362,457,1158),(24389,97,1159),(24361,451,1158),(24388,54,1160),(24360,448,1158),(24387,93,1159),(24359,443,1158),(24386,50,1160),(24358,439,1158),(24385,89,1159),(24384,45,1160),(24383,86,1159),(24382,42,1160),(24399,140,1161),(24398,135,1161),(24397,130,1161),(24396,125,1161),(24440,335,1163),(24439,331,1163),(24438,328,1163),(24437,323,1163),(24436,319,1163),(24435,315,1163),(24434,240,1161),(24433,231,1161),(24432,311,1163),(24431,228,1161),(24430,221,1161),(24429,216,1161),(24428,211,1161),(24427,207,1161),(24426,307,1162),(24425,201,1161),(24424,305,1162),(24423,200,1161),(24422,300,1162),(24421,195,1161),(24420,293,1162),(24419,190,1161),(24418,288,1162),(24417,185,1161),(24416,285,1162),(24415,180,1161),(24414,277,1162),(24413,175,1161),(24412,275,1162),(24411,170,1161),(24410,269,1162),(24409,264,1162),(24408,165,1161),(24407,259,1162),(24406,159,1161),(24405,253,1162),(24404,154,1161),(24403,246,1162),(24402,150,1161),(24401,243,1162),(24400,145,1161),(24444,351,1163),(24443,347,1163),(24442,343,1163),(24441,339,1163),(24450,375,1163),(24449,371,1163),(24448,368,1163),(24447,363,1163),(24446,359,1163),(24445,355,1163),(24474,471,1163),(24473,468,1163),(24472,463,1163),(24471,459,1163),(24489,82,1164),(24488,39,1165),(24470,455,1163),(24469,451,1163),(24487,77,1164),(24468,447,1163),(24486,36,1165),(24467,443,1163),(24485,74,1164),(24466,439,1163),(24484,30,1165),(24465,435,1163),(24483,69,1164),(24464,431,1163),(24482,25,1165),(24463,428,1163),(24481,67,1164),(24462,423,1163),(24480,22,1165),(24461,420,1163),(24479,62,1164),(24460,415,1163),(24459,411,1163),(24478,488,1163),(24477,483,1163),(24458,407,1163),(24476,479,1163),(24457,403,1163),(24475,475,1163),(24456,399,1163),(24455,395,1163),(24453,387,1163),(24452,383,1163),(24451,379,1163),(24490,87,1164),(24454,394,1163),(24503,118,1164),(24502,116,1164),(24501,112,1164),(24500,106,1164),(24548,337,1168),(24499,59,1165),(24547,334,1168),(24498,102,1164),(24546,328,1168),(24497,53,1165),(24545,324,1168),(24496,97,1164),(24544,321,1168),(24495,50,1165),(24543,238,1166),(24494,95,1164),(24542,316,1168),(24493,47,1165),(24541,232,1166),(24492,91,1164),(24540,314,1168),(24491,42,1165),(24539,230,1166),(24538,221,1166),(24537,219,1166),(24536,213,1166),(24535,209,1166),(24534,307,1167),(24533,201,1166),(24532,303,1167),(24531,199,1166),(24530,300,1167),(24529,193,1166),(24528,294,1167),(24527,189,1166),(24526,289,1167),(24525,184,1166),(24524,282,1167),(24523,179,1166),(24522,278,1167),(24507,139,1166),(24506,133,1166),(24505,126,1166),(24504,122,1166),(24521,171,1166),(24520,273,1167),(24519,170,1166),(24518,267,1167),(24517,164,1166),(24516,261,1167),(24515,159,1166),(24514,259,1167),(24513,155,1166),(24512,251,1167),(24511,147,1166),(24510,250,1167),(24509,142,1166),(24508,243,1167),(24563,395,1168),(24587,61,1169),(24562,394,1168),(24586,490,1168),(24561,387,1168),(24560,383,1168),(24585,486,1168),(24559,381,1168),(24584,482,1168),(24583,475,1168),(24558,376,1168),(24582,472,1168),(24557,373,1168),(24581,468,1168),(24556,370,1168),(24580,464,1168),(24555,366,1168),(24579,461,1168),(24554,360,1168),(24578,455,1168),(24553,355,1168),(24577,452,1168),(24552,353,1168),(24576,448,1168),(24551,349,1168),(24575,445,1168),(24550,346,1168),(24566,407,1168),(24549,342,1168),(24565,403,1168),(24564,401,1168),(24574,439,1168),(24573,435,1168),(24572,433,1168),(24632,182,1171),(24571,428,1168),(24631,340,1172),(24570,423,1168),(24630,177,1171),(24569,419,1168),(24629,335,1172),(24628,173,1171),(24568,415,1168),(24627,331,1172),(24567,413,1168),(24626,167,1171),(24625,327,1172),(24624,162,1171),(24623,324,1172),(24622,319,1172),(24646,369,1172),(24621,159,1171),(24645,216,1171),(24620,315,1172),(24644,363,1172),(24619,152,1171),(24643,211,1171),(24618,312,1172),(24642,361,1172),(24617,147,1171),(24641,206,1171),(24616,143,1171),(24640,355,1172),(24615,138,1171),(24639,201,1171),(24614,132,1171),(24638,198,1171),(24613,126,1171),(24637,352,1172),(24612,117,1169),(24636,194,1171),(24611,121,1171),(24634,187,1171),(24589,26,1170),(24633,343,1172),(24588,22,1170),(24635,347,1172),(24610,113,1169),(24609,111,1169),(24608,106,1169),(24607,101,1169),(24606,98,1169),(24656,391,1172),(24605,58,1170),(24655,387,1172),(24604,93,1169),(24654,383,1172),(24603,54,1170),(24653,236,1171),(24602,89,1169),(24652,379,1172),(24601,50,1170),(24651,231,1171),(24600,48,1170),(24650,375,1172),(24599,86,1169),(24649,228,1171),(24598,82,1169),(24648,373,1172),(24597,42,1170),(24647,221,1171),(24596,78,1169),(24595,39,1170),(24594,34,1170),(24593,73,1169),(24592,30,1170),(24591,70,1169),(24590,67,1169),(24670,273,1173),(24669,419,1172),(24685,452,1172),(24668,269,1173),(24684,308,1173),(24667,415,1172),(24683,447,1172),(24666,264,1173),(24682,304,1173),(24658,243,1173),(24672,278,1173),(24657,395,1172),(24671,423,1172),(24665,411,1172),(24681,443,1172),(24680,299,1173),(24664,260,1173),(24679,439,1172),(24663,408,1172),(24678,293,1173),(24662,253,1173),(24677,435,1172),(24661,403,1172),(24676,431,1172),(24660,247,1173),(24675,289,1173),(24659,399,1172),(24674,430,1172),(24673,283,1173),(24709,89,1175),(24708,335,1174),(24719,109,1175),(24707,86,1175),(24718,356,1174),(24706,334,1174),(24717,106,1175),(24705,81,1175),(24716,101,1175),(24704,327,1174),(24715,353,1174),(24703,77,1175),(24714,99,1175),(24702,325,1174),(24713,347,1174),(24701,75,1175),(24712,345,1174),(24700,322,1174),(24711,96,1175),(24699,69,1175),(24710,339,1174),(24698,315,1174),(24697,67,1175),(24696,62,1175),(24695,314,1174),(24687,459,1172),(24686,455,1172),(24725,371,1174),(24724,370,1174),(24694,490,1172),(24764,456,1174),(24693,483,1172),(24763,208,1176),(24692,479,1172),(24691,475,1172),(24762,204,1176),(24690,471,1172),(24761,452,1174),(24760,200,1176),(24689,467,1172),(24759,447,1174),(24688,463,1172),(24758,192,1176),(24757,446,1174),(24756,188,1176),(24755,439,1174),(24754,185,1176),(24753,435,1174),(24752,178,1176),(24751,434,1174),(24750,174,1176),(24749,429,1174),(24748,423,1174),(24747,166,1176),(24746,163,1176),(24745,421,1174),(24744,160,1176),(24743,416,1174),(24742,152,1176),(24741,411,1174),(24740,409,1174),(24739,149,1176),(24738,403,1174),(24737,144,1176),(24736,402,1174),(24735,139,1176),(24734,396,1174),(24733,132,1176),(24732,391,1174),(24731,126,1176),(24723,120,1175),(24722,116,1175),(24721,365,1174),(24720,361,1174),(24730,387,1174),(24729,122,1176),(24728,385,1174),(24727,380,1174),(24726,378,1174),(24779,241,1177),(24789,271,1177),(24778,488,1174),(24788,36,1178),(24777,483,1174),(24787,268,1177),(24786,29,1178),(24776,480,1174),(24785,261,1177),(24775,238,1176),(24784,26,1178),(24774,477,1174),(24783,257,1177),(24773,234,1176),(24782,21,1178),(24772,474,1174),(24781,252,1177),(24771,230,1176),(24770,468,1174),(24780,248,1177),(24769,222,1176),(24768,466,1174),(24767,219,1176),(24766,460,1174),(24765,213,1176),(24813,332,1180),(24812,328,1180),(24811,77,1179),(24810,76,1179),(24809,323,1180),(24808,321,1180),(24807,72,1179),(24806,65,1179),(24805,317,1180),(24804,62,1179),(24803,313,1180),(24792,41,1178),(24791,276,1177),(24814,82,1179),(24790,39,1178),(24827,359,1180),(24802,307,1177),(24826,108,1179),(24801,58,1178),(24825,357,1180),(24800,301,1177),(24824,103,1179),(24799,55,1178),(24823,352,1180),(24798,296,1177),(24822,99,1179),(24797,51,1178),(24796,292,1177),(24821,347,1180),(24795,48,1178),(24820,93,1179),(24794,287,1177),(24819,345,1180),(24793,285,1177),(24818,92,1179),(24817,339,1180),(24816,87,1179),(24815,335,1180),(24872,269,1182),(24871,465,1180),(24870,263,1182),(24869,459,1180),(24868,257,1182),(24867,457,1180),(24866,253,1182),(24865,451,1180),(24864,449,1180),(24863,250,1182),(24862,241,1182),(24861,445,1180),(24860,439,1180),(24859,435,1180),(24858,434,1180),(24857,427,1180),(24856,57,1181),(24855,426,1180),(24831,370,1180),(24830,364,1180),(24829,113,1179),(24828,110,1179),(24854,56,1181),(24853,420,1180),(24852,52,1181),(24851,416,1180),(24850,45,1181),(24849,414,1180),(24848,41,1181),(24847,408,1180),(24846,38,1181),(24845,404,1180),(24844,33,1181),(24843,399,1180),(24842,31,1181),(24841,395,1180),(24840,27,1181),(24839,392,1180),(24838,23,1181),(24837,387,1180),(24836,383,1180),(24835,382,1180),(24834,377,1180),(24833,374,1180),(24832,117,1179),(24887,121,1183),(24932,101,1184),(24886,308,1182),(24931,175,1185),(24885,303,1182),(24930,166,1185),(24884,487,1180),(24929,97,1184),(24883,300,1182),(24928,163,1185),(24882,483,1180),(24927,94,1184),(24881,294,1182),(24926,160,1185),(24880,290,1182),(24925,91,1184),(24879,481,1180),(24924,152,1185),(24874,272,1182),(24898,179,1183),(24873,469,1180),(24897,172,1183),(24878,476,1180),(24923,87,1184),(24877,283,1182),(24922,147,1185),(24876,472,1180),(24921,82,1184),(24875,279,1182),(24920,141,1185),(24919,78,1184),(24918,137,1185),(24917,76,1184),(24916,135,1185),(24915,69,1184),(24942,205,1185),(24914,129,1185),(24941,196,1185),(24913,66,1184),(24940,194,1185),(24912,125,1185),(24939,120,1184),(24911,62,1184),(24938,189,1185),(24910,239,1183),(24937,115,1184),(24909,233,1183),(24936,112,1184),(24908,226,1183),(24935,181,1185),(24907,223,1183),(24934,106,1184),(24906,217,1183),(24933,180,1185),(24905,213,1183),(24904,207,1183),(24903,204,1183),(24902,197,1183),(24901,194,1183),(24956,273,1186),(24900,189,1183),(24955,269,1186),(24899,181,1183),(24954,264,1186),(24896,166,1183),(24953,240,1185),(24895,164,1183),(24952,259,1186),(24894,159,1183),(24951,232,1185),(24893,154,1183),(24950,251,1186),(24892,146,1183),(24949,228,1185),(24891,145,1183),(24948,246,1186),(24890,139,1183),(24947,222,1185),(24889,131,1183),(24946,242,1186),(24888,129,1183),(24945,217,1185),(24944,211,1185),(24943,209,1185),(24980,338,1188),(24979,334,1188),(24978,327,1188),(24977,325,1188),(24976,321,1188),(24975,316,1188),(24974,312,1188),(24973,58,1187),(24972,53,1187),(24971,50,1187),(24970,46,1187),(24969,43,1187),(24968,307,1186),(24967,39,1187),(24966,305,1186),(24965,35,1187),(24964,298,1186),(24963,32,1187),(24962,293,1186),(24961,25,1187),(24960,286,1186),(24959,21,1187),(24958,282,1186),(24957,276,1186),(24990,378,1188),(25005,438,1188),(24989,371,1188),(25004,431,1188),(24988,370,1188),(25003,428,1188),(24987,363,1188),(25002,424,1188),(24986,361,1188),(25001,420,1188),(24985,358,1188),(25000,418,1188),(24984,352,1188),(24999,414,1188),(24983,350,1188),(24998,410,1188),(24982,346,1188),(24997,406,1188),(24981,341,1188),(24996,400,1188),(24995,397,1188),(24994,393,1188),(24993,390,1188),(24992,386,1188),(24991,379,1188),(25029,42,1189),(25028,77,1190),(25043,114,1190),(25027,38,1189),(25042,122,1191),(25026,75,1190),(25041,111,1190),(25025,34,1189),(25040,106,1190),(25024,70,1190),(25039,102,1190),(25023,29,1189),(25038,98,1190),(25037,94,1190),(25022,66,1190),(25036,58,1189),(25021,25,1189),(25035,91,1190),(25020,62,1190),(25034,53,1189),(25019,22,1189),(25033,50,1189),(25018,487,1188),(25032,87,1190),(25017,486,1188),(25031,48,1189),(25016,480,1188),(25030,83,1190),(25015,476,1188),(25014,474,1188),(25013,470,1188),(25012,464,1188),(25011,460,1188),(25010,458,1188),(25088,338,1193),(25009,454,1188),(25087,333,1193),(25008,449,1188),(25086,330,1193),(25007,446,1188),(25085,324,1193),(25006,439,1188),(25084,320,1193),(25083,317,1193),(25082,311,1193),(25081,239,1191),(25080,235,1191),(25079,228,1191),(25078,221,1191),(25077,307,1192),(25076,220,1191),(25075,302,1192),(25074,213,1191),(25073,298,1192),(25072,210,1191),(25071,293,1192),(25070,205,1191),(25069,287,1192),(25068,199,1191),(25067,283,1192),(25066,195,1191),(25065,279,1192),(25064,189,1191),(25063,272,1192),(25062,181,1191),(25061,270,1192),(25060,176,1191),(25059,263,1192),(25058,175,1191),(25057,258,1192),(25056,169,1191),(25055,253,1192),(25054,162,1191),(25053,250,1192),(25052,158,1191),(25051,241,1192),(25050,152,1191),(25049,147,1191),(25048,143,1191),(25047,140,1191),(25046,133,1191),(25045,127,1191),(25044,120,1190),(25098,378,1193),(25113,438,1193),(25097,371,1193),(25112,434,1193),(25096,369,1193),(25111,427,1193),(25095,365,1193),(25110,425,1193),(25094,362,1193),(25109,420,1193),(25093,355,1193),(25108,418,1193),(25107,411,1193),(25092,353,1193),(25091,348,1193),(25106,409,1193),(25090,343,1193),(25105,403,1193),(25089,342,1193),(25104,400,1193),(25103,396,1193),(25102,391,1193),(25101,390,1193),(25100,384,1193),(25099,380,1193),(25126,490,1193),(25124,480,1193),(25122,472,1193),(25137,82,1194),(25151,117,1194),(25135,79,1194),(25149,110,1194),(25132,31,1195),(25147,102,1194),(25130,27,1195),(25145,98,1194),(25128,22,1195),(25143,94,1194),(25136,40,1195),(25150,113,1194),(25133,74,1194),(25148,108,1194),(25131,69,1194),(25146,60,1195),(25129,66,1194),(25144,55,1195),(25127,61,1194),(25142,51,1195),(25125,484,1193),(25123,478,1193),(25141,90,1194),(25140,47,1195),(25121,467,1193),(25120,466,1193),(25139,85,1194),(25138,43,1195),(25119,462,1193),(25118,455,1193),(25117,451,1193),(25116,447,1193),(25115,443,1193),(25114,440,1193),(25196,337,1198),(25134,35,1195),(25195,334,1198),(25194,330,1198),(25193,323,1198),(25192,322,1198),(25191,317,1198),(25190,314,1198),(25189,240,1196),(25188,234,1196),(25187,226,1196),(25186,225,1196),(25185,217,1196),(25184,310,1197),(25183,212,1196),(25182,305,1197),(25181,210,1196),(25180,298,1197),(25179,202,1196),(25178,291,1197),(25177,198,1196),(25176,287,1197),(25175,191,1196),(25174,281,1197),(25173,190,1196),(25172,279,1197),(25171,183,1196),(25170,272,1197),(25169,269,1197),(25168,178,1196),(25167,263,1197),(25166,175,1196),(25165,167,1196),(25164,257,1197),(25163,162,1196),(25162,252,1197),(25161,160,1196),(25160,246,1197),(25159,154,1196),(25158,244,1197),(25157,146,1196),(25156,143,1196),(25155,137,1196),(25154,133,1196),(25153,128,1196),(25152,124,1196),(25220,433,1198),(25210,391,1198),(25218,426,1198),(25208,384,1198),(25216,417,1198),(25206,375,1198),(25215,413,1198),(25203,366,1198),(25201,355,1198),(25214,408,1198),(25199,347,1198),(25213,406,1198),(25198,345,1198),(25212,402,1198),(25221,437,1198),(25211,395,1198),(25219,427,1198),(25209,388,1198),(25217,422,1198),(25207,381,1198),(25205,374,1198),(25204,369,1198),(25202,362,1198),(25200,351,1198),(25197,340,1198),(25244,82,1199),(25242,34,1200),(25240,32,1200),(25238,27,1200),(25236,24,1200),(25234,490,1198),(25232,479,1198),(25230,472,1198),(25229,468,1198),(25227,460,1198),(25226,458,1198),(25224,448,1198),(25223,445,1198),(25245,40,1200),(25243,80,1199),(25241,73,1199),(25239,72,1199),(25237,65,1199),(25235,63,1199),(25233,485,1198),(25231,476,1198),(25259,117,1199),(25228,464,1198),(25257,110,1199),(25225,453,1198),(25255,104,1199),(25222,442,1198),(25253,100,1199),(25252,55,1200),(25250,50,1200),(25249,92,1199),(25248,47,1200),(25247,86,1199),(25297,236,1201),(25295,228,1201),(25246,43,1200),(25292,306,1202),(25258,114,1199),(25256,106,1199),(25304,337,1203),(25303,333,1203),(25254,57,1200),(25302,329,1203),(25251,96,1199),(25301,324,1203),(25300,322,1203),(25299,316,1203),(25298,314,1203),(25296,231,1201),(25294,221,1201),(25293,219,1201),(25291,214,1201),(25290,303,1202),(25289,209,1201),(25288,299,1202),(25287,201,1201),(25286,292,1202),(25285,199,1201),(25284,289,1202),(25283,193,1201),(25282,284,1202),(25281,189,1201),(25280,280,1202),(25279,183,1201),(25278,272,1202),(25277,178,1201),(25276,266,1202),(25275,175,1201),(25274,265,1202),(25273,168,1201),(25272,259,1202),(25271,162,1201),(25270,253,1202),(25269,157,1201),(25268,152,1201),(25267,248,1202),(25266,242,1202),(25265,147,1201),(25264,145,1201),(25263,138,1201),(25262,132,1201),(25261,130,1201),(25260,124,1201),(25319,395,1203),(25342,490,1203),(25317,388,1203),(25339,476,1203),(25315,382,1203),(25337,468,1203),(25313,372,1203),(25336,466,1203),(25311,363,1203),(25343,63,1204),(25318,394,1203),(25341,484,1203),(25340,479,1203),(25316,383,1203),(25338,474,1203),(25314,376,1203),(25312,368,1203),(25335,459,1203),(25310,362,1203),(25334,458,1203),(25333,454,1203),(25309,356,1203),(25308,353,1203),(25332,447,1203),(25307,348,1203),(25331,445,1203),(25330,440,1203),(25306,346,1203),(25305,340,1203),(25329,437,1203),(25328,432,1203),(25327,427,1203),(25326,423,1203),(25325,420,1203),(25352,34,1205),(25324,415,1203),(25351,84,1204),(25323,412,1203),(25350,29,1205),(25322,409,1203),(25349,78,1204),(25321,404,1203),(25348,26,1205),(25320,400,1203),(25347,73,1204),(25346,22,1205),(25345,70,1204),(25344,65,1204),(25353,88,1204),(25367,117,1204),(25366,113,1204),(25365,112,1204),(25364,59,1205),(25363,105,1204),(25405,234,1206),(25362,55,1205),(25403,311,1208),(25361,104,1204),(25400,214,1206),(25360,52,1205),(25359,97,1204),(25396,196,1206),(25394,191,1206),(25358,47,1205),(25357,96,1204),(25393,297,1207),(25356,43,1205),(25392,190,1206),(25355,90,1204),(25391,294,1207),(25354,40,1205),(25390,181,1206),(25389,289,1207),(25388,177,1206),(25387,285,1207),(25386,172,1206),(25385,277,1207),(25384,166,1206),(25383,272,1207),(25382,164,1206),(25381,266,1207),(25380,160,1206),(25379,261,1207),(25378,155,1206),(25377,257,1207),(25376,146,1206),(25375,252,1207),(25374,141,1206),(25373,249,1207),(25372,140,1206),(25371,241,1207),(25370,131,1206),(25369,130,1206),(25412,336,1208),(25411,334,1208),(25410,327,1208),(25409,324,1208),(25408,319,1208),(25407,236,1206),(25406,315,1208),(25404,228,1206),(25402,222,1206),(25401,220,1206),(25399,210,1206),(25398,201,1206),(25397,307,1207),(25395,304,1207),(25368,125,1206),(25427,398,1208),(25425,389,1208),(25424,384,1208),(25436,431,1208),(25422,376,1208),(25420,367,1208),(25433,422,1208),(25418,362,1208),(25431,411,1208),(25430,409,1208),(25415,347,1208),(25429,404,1208),(25414,346,1208),(25428,401,1208),(25426,394,1208),(25437,437,1208),(25423,379,1208),(25435,430,1208),(25421,373,1208),(25434,426,1208),(25419,364,1208),(25432,417,1208),(25417,358,1208),(25416,352,1208),(25413,341,1208),(25460,40,1210),(25459,79,1209),(25457,75,1209),(25473,109,1209),(25455,69,1209),(25472,106,1209),(25453,66,1209),(25470,60,1210),(25450,488,1208),(25469,97,1209),(25447,478,1208),(25468,54,1210),(25445,469,1208),(25467,95,1209),(25443,462,1208),(25466,51,1210),(25441,454,1208),(25465,90,1209),(25439,443,1208),(25464,48,1210),(25438,441,1208),(25463,85,1209),(25462,43,1210),(25461,83,1209),(25475,118,1209),(25458,36,1210),(25474,113,1209),(25456,31,1210),(25454,25,1210),(25471,102,1209),(25452,24,1210),(25451,63,1209),(25449,483,1208),(25448,481,1208),(25446,473,1208),(25520,338,1213),(25444,464,1208),(25519,332,1213),(25442,455,1208),(25518,327,1213),(25440,447,1208),(25517,323,1213),(25516,320,1213),(25515,317,1213),(25514,236,1211),(25513,312,1213),(25512,231,1211),(25511,226,1211),(25510,225,1211),(25509,219,1211),(25508,214,1211),(25507,310,1212),(25506,207,1211),(25505,201,1211),(25504,303,1212),(25503,198,1211),(25502,296,1212),(25501,193,1211),(25500,293,1212),(25499,189,1211),(25498,286,1212),(25497,284,1212),(25496,182,1211),(25495,179,1211),(25494,276,1212),(25493,175,1211),(25492,273,1212),(25491,268,1212),(25490,170,1211),(25489,163,1211),(25488,261,1212),(25487,257,1212),(25486,159,1211),(25485,255,1212),(25484,154,1211),(25483,249,1212),(25482,150,1211),(25481,245,1212),(25480,144,1211),(25479,140,1211),(25478,131,1211),(25477,128,1211),(25476,121,1211),(25534,392,1213),(25533,390,1213),(25531,379,1213),(25530,375,1213),(25528,367,1213),(25527,363,1213),(25542,424,1213),(25525,357,1213),(25540,415,1213),(25535,396,1213),(25545,437,1213),(25532,385,1213),(25544,432,1213),(25529,374,1213),(25543,430,1213),(25526,361,1213),(25541,422,1213),(25524,354,1213),(25539,411,1213),(25523,348,1213),(25538,407,1213),(25522,346,1213),(25537,403,1213),(25521,342,1213),(25536,402,1213),(25568,84,1214),(25582,116,1214),(25566,80,1214),(25580,108,1214),(25564,76,1214),(25579,60,1215),(25561,24,1215),(25578,104,1214),(25558,489,1213),(25577,56,1215),(25576,52,1215),(25556,482,1213),(25553,468,1213),(25575,100,1214),(25550,455,1213),(25574,96,1214),(25548,449,1213),(25573,48,1215),(25572,44,1215),(25547,444,1213),(25571,92,1214),(25546,440,1213),(25570,88,1214),(25569,40,1215),(25583,120,1214),(25567,36,1215),(25581,112,1214),(25565,32,1215),(25563,28,1215),(25562,72,1214),(25560,68,1214),(25559,64,1214),(25557,486,1213),(25628,336,1218),(25555,475,1213),(25626,329,1218),(25552,464,1213),(25627,334,1218),(25554,473,1213),(25625,324,1218),(25551,460,1213),(25624,240,1216),(25549,451,1213),(25623,320,1218),(25622,235,1216),(25621,315,1218),(25620,230,1216),(25619,311,1218),(25618,225,1216),(25617,220,1216),(25616,215,1216),(25615,210,1216),(25614,205,1216),(25613,307,1217),(25612,200,1216),(25611,302,1217),(25610,195,1216),(25609,298,1217),(25608,190,1216),(25607,291,1217),(25606,185,1216),(25605,287,1217),(25604,179,1216),(25603,282,1217),(25602,175,1216),(25601,277,1217),(25600,168,1216),(25599,271,1217),(25598,165,1216),(25597,266,1217),(25596,157,1216),(25595,263,1217),(25594,152,1216),(25593,258,1217),(25592,150,1216),(25591,253,1217),(25590,144,1216),(25589,249,1217),(25588,137,1216),(25587,243,1217),(25586,135,1216),(25585,128,1216),(25584,123,1216),(25643,398,1218),(25642,394,1218),(25652,433,1218),(25640,386,1218),(25650,426,1218),(25638,376,1218),(25648,417,1218),(25636,368,1218),(25646,408,1218),(25633,358,1218),(25645,404,1218),(25631,350,1218),(25644,400,1218),(25630,346,1218),(25653,437,1218),(25641,389,1218),(25651,427,1218),(25639,379,1218),(25649,422,1218),(25637,372,1218),(25647,413,1218),(25635,364,1218),(25634,360,1218),(25632,354,1218),(25629,341,1218),(25676,40,1220),(25675,79,1219),(25673,75,1219),(25671,72,1219),(25689,109,1219),(25670,27,1220),(25687,104,1219),(25668,21,1220),(25685,55,1220),(25665,484,1218),(25684,99,1219),(25662,473,1218),(25683,50,1220),(25661,470,1218),(25682,93,1219),(25660,465,1218),(25681,46,1220),(25659,460,1218),(25680,92,1219),(25658,457,1218),(25679,87,1219),(25657,452,1218),(25678,44,1220),(25677,84,1219),(25691,119,1219),(25674,36,1220),(25690,116,1219),(25672,30,1220),(25688,106,1219),(25669,66,1219),(25686,59,1220),(25667,64,1219),(25666,488,1218),(25664,480,1218),(25663,477,1218),(25724,213,1221),(25722,309,1222),(25720,302,1222),(25719,196,1221),(25718,296,1222),(25717,294,1222),(25716,193,1221),(25715,289,1222),(25714,187,1221),(25713,281,1222),(25712,184,1221),(25711,277,1222),(25710,180,1221),(25709,271,1222),(25708,172,1221),(25707,269,1222),(25706,170,1221),(25705,163,1221),(25704,261,1222),(25703,258,1222),(25702,159,1221),(25701,252,1222),(25700,151,1221),(25699,247,1222),(25656,448,1218),(25698,147,1221),(25655,444,1218),(25697,243,1222),(25654,439,1218),(25696,142,1221),(25695,136,1221),(25694,131,1221),(25693,126,1221),(25736,335,1223),(25735,331,1223),(25734,327,1223),(25733,325,1223),(25732,320,1223),(25731,316,1223),(25730,239,1221),(25729,311,1223),(25728,232,1221),(25727,227,1221),(25726,221,1221),(25725,216,1221),(25723,206,1221),(25721,204,1221),(25692,123,1221),(25746,376,1223),(25760,432,1223),(25744,370,1223),(25758,424,1223),(25742,361,1223),(25756,417,1223),(25740,352,1223),(25754,407,1223),(25738,346,1223),(25761,436,1223),(25745,374,1223),(25759,428,1223),(25743,364,1223),(25757,421,1223),(25741,357,1223),(25755,411,1223),(25739,350,1223),(25753,406,1223),(25737,341,1223),(25752,402,1223),(25751,396,1223),(25750,393,1223),(25749,388,1223),(25748,385,1223),(25785,48,1224),(25747,381,1223),(25783,44,1224),(25782,70,1225),(25780,38,1224),(25779,34,1224),(25777,29,1224),(25795,102,1225),(25775,23,1224),(25774,488,1223),(25793,94,1225),(25772,480,1223),(25791,87,1225),(25769,470,1223),(25799,247,1226),(25784,75,1225),(25798,112,1225),(25781,68,1225),(25797,242,1226),(25778,64,1225),(25796,106,1225),(25776,26,1224),(25794,98,1225),(25773,484,1223),(25792,90,1225),(25771,477,1223),(25790,59,1224),(25768,465,1223),(25789,53,1224),(25767,460,1223),(25788,81,1225),(25766,456,1223),(25787,52,1224),(25765,451,1223),(25786,79,1225),(25764,449,1223),(25763,446,1223),(25762,441,1223),(25770,473,1223),(25844,168,1228),(25843,391,1227),(25842,161,1228),(25841,388,1227),(25840,156,1228),(25839,386,1227),(25838,379,1227),(25837,155,1228),(25836,376,1227),(25835,147,1228),(25834,141,1228),(25833,371,1227),(25832,137,1228),(25831,367,1227),(25830,131,1228),(25829,365,1227),(25828,128,1228),(25827,359,1227),(25826,356,1227),(25825,125,1228),(25824,351,1227),(25823,349,1227),(25822,343,1227),(25821,340,1227),(25820,338,1227),(25819,334,1227),(25818,308,1226),(25817,303,1226),(25816,330,1227),(25815,326,1227),(25814,298,1226),(25813,321,1227),(25812,294,1226),(25811,286,1226),(25810,317,1227),(25809,312,1227),(25808,282,1226),(25807,279,1226),(25806,272,1226),(25805,267,1226),(25804,263,1226),(25803,259,1226),(25802,118,1225),(25801,252,1226),(25800,113,1225),(25859,420,1227),(25869,231,1228),(25858,206,1228),(25857,203,1228),(25868,442,1227),(25856,415,1227),(25867,226,1228),(25866,438,1227),(25855,197,1228),(25865,223,1228),(25854,413,1227),(25853,195,1228),(25864,431,1227),(25852,407,1227),(25863,219,1228),(25862,430,1227),(25851,187,1228),(25861,211,1228),(25850,403,1227),(25849,185,1228),(25860,426,1227),(25848,178,1228),(25847,401,1227),(25846,175,1228),(25845,396,1227),(25880,481,1227),(25878,472,1227),(25877,467,1227),(25875,462,1227),(25874,458,1227),(25897,94,1229),(25873,453,1227),(25896,44,1230),(25872,447,1227),(25895,90,1229),(25871,240,1228),(25894,38,1230),(25870,445,1227),(25907,117,1229),(25893,87,1229),(25905,109,1229),(25890,31,1230),(25903,106,1229),(25888,26,1230),(25901,102,1229),(25885,71,1229),(25900,49,1230),(25882,490,1227),(25899,98,1229),(25879,477,1227),(25898,45,1230),(25876,465,1227),(25906,113,1229),(25891,82,1229),(25904,58,1230),(25889,78,1229),(25902,54,1230),(25887,74,1229),(25886,21,1230),(25884,66,1229),(25883,62,1229),(25881,484,1227),(25892,35,1230),(25952,335,1233),(25951,333,1233),(25950,327,1233),(25949,324,1233),(25948,322,1233),(25947,316,1233),(25946,312,1233),(25945,307,1232),(25944,303,1232),(25943,300,1232),(25942,294,1232),(25941,288,1232),(25940,238,1231),(25939,284,1232),(25938,232,1231),(25937,279,1232),(25936,227,1231),(25935,272,1232),(25934,222,1231),(25933,268,1232),(25932,219,1231),(25931,263,1232),(25930,213,1231),(25929,258,1232),(25928,207,1231),(25927,254,1232),(25926,248,1232),(25925,204,1231),(25924,243,1232),(25923,197,1231),(25922,192,1231),(25921,189,1231),(25920,182,1231),(25919,178,1231),(25918,173,1231),(25917,168,1231),(25916,165,1231),(25915,159,1231),(25914,154,1231),(25913,149,1231),(25912,142,1231),(25911,138,1231),(25910,135,1231),(25909,129,1231),(25908,125,1231),(25966,391,1233),(25977,437,1233),(25965,387,1233),(25975,428,1233),(25963,380,1233),(25973,421,1233),(25960,367,1233),(25971,411,1233),(25956,352,1233),(25970,407,1233),(25954,343,1233),(25969,404,1233),(25953,339,1233),(25968,399,1233),(25967,395,1233),(25976,432,1233),(25964,383,1233),(25974,424,1233),(25962,377,1233),(25972,415,1233),(25961,372,1233),(25958,359,1233),(25957,356,1233),(25955,347,1233),(25959,365,1233),(26001,82,1234),(25998,34,1235),(26013,109,1234),(25995,70,1234),(26011,102,1234),(25993,66,1234),(26010,58,1235),(25989,484,1233),(26009,97,1234),(26008,54,1235),(25985,467,1233),(26007,93,1234),(25983,459,1233),(26006,89,1234),(25982,455,1233),(25981,454,1233),(26005,50,1235),(26004,86,1234),(25980,447,1233),(25979,443,1233),(26003,47,1235),(26002,42,1235),(25978,440,1233),(26015,118,1234),(25999,77,1234),(26014,113,1234),(25997,74,1234),(26012,106,1234),(25994,26,1235),(25991,21,1235),(25990,488,1233),(25988,479,1233),(25987,475,1233),(25986,471,1233),(26054,127,1238),(25984,463,1233),(26051,396,1236),(26000,39,1235),(26060,420,1236),(25996,30,1235),(26059,415,1236),(25992,62,1234),(26058,411,1236),(26057,407,1236),(26056,404,1236),(26055,132,1238),(26053,401,1236),(26052,121,1238),(26050,391,1236),(26049,387,1236),(26048,384,1236),(26047,379,1236),(26046,308,1237),(26045,375,1236),(26044,372,1236),(26043,303,1237),(26042,299,1237),(26041,369,1236),(26040,363,1236),(26039,292,1237),(26038,359,1236),(26037,288,1237),(26036,356,1236),(26035,283,1237),(26034,351,1236),(26033,278,1237),(26032,347,1236),(26031,273,1237),(26030,343,1236),(26029,268,1237),(26028,340,1236),(26027,263,1237),(26026,335,1236),(26025,258,1237),(26024,332,1236),(26023,253,1237),(26022,327,1236),(26021,248,1237),(26020,323,1236),(26019,243,1237),(26018,320,1236),(26017,315,1236),(26016,312,1236),(26075,480,1236),(26084,167,1238),(26073,471,1236),(26082,157,1238),(26071,463,1236),(26080,147,1238),(26069,455,1236),(26078,137,1238),(26067,449,1236),(26085,172,1238),(26074,475,1236),(26083,162,1238),(26072,469,1236),(26081,152,1238),(26070,460,1236),(26079,143,1238),(26068,452,1236),(26077,489,1236),(26065,439,1236),(26076,483,1236),(26064,435,1236),(26063,432,1236),(26062,430,1236),(26061,424,1236),(26066,443,1236),(26108,39,1240),(26107,77,1239),(26105,73,1239),(26103,70,1239),(26101,65,1239),(26100,21,1240),(26119,101,1239),(26098,237,1238),(26117,58,1240),(26095,222,1238),(26116,54,1240),(26092,207,1238),(26115,93,1239),(26090,198,1238),(26114,49,1240),(26089,192,1238),(26113,89,1239),(26088,187,1238),(26112,47,1240),(26087,183,1238),(26111,86,1239),(26086,177,1238),(26110,42,1240),(26109,82,1239),(26123,122,1241),(26106,33,1240),(26122,114,1239),(26121,110,1239),(26102,26,1240),(26120,105,1239),(26099,62,1239),(26118,97,1239),(26097,232,1238),(26096,227,1238),(26094,217,1238),(26093,212,1238),(26091,203,1238),(26104,30,1240),(26168,335,1243),(26167,331,1243),(26166,327,1243),(26165,323,1243),(26164,320,1243),(26163,236,1241),(26162,315,1243),(26161,311,1243),(26160,231,1241),(26159,226,1241),(26158,221,1241),(26157,216,1241),(26156,212,1241),(26155,206,1241),(26154,308,1242),(26153,201,1241),(26152,303,1242),(26151,300,1242),(26150,197,1241),(26149,293,1242),(26148,192,1241),(26147,188,1241),(26146,288,1242),(26145,283,1242),(26144,182,1241),(26143,278,1242),(26142,178,1241),(26141,273,1242),(26140,172,1241),(26139,268,1242),(26138,167,1241),(26137,264,1242),(26136,162,1241),(26135,259,1242),(26134,158,1241),(26133,253,1242),(26132,152,1241),(26131,247,1242),(26130,149,1241),(26129,242,1242),(26128,143,1241),(26127,137,1241),(26126,133,1241),(26125,128,1241),(26124,117,1239),(26183,395,1243),(26181,387,1243),(26179,379,1243),(26178,375,1243),(26190,423,1243),(26176,368,1243),(26188,415,1243),(26173,355,1243),(26186,407,1243),(26185,403,1243),(26171,347,1243),(26184,399,1243),(26170,343,1243),(26169,339,1243),(26193,435,1243),(26182,391,1243),(26192,431,1243),(26180,383,1243),(26191,429,1243),(26177,371,1243),(26189,420,1243),(26175,363,1243),(26187,412,1243),(26172,351,1243),(26174,359,1243),(26217,39,1245),(26230,189,1244),(26215,143,1244),(26228,177,1244),(26212,30,1245),(26226,58,1245),(26209,127,1244),(26225,167,1244),(26204,479,1243),(26224,54,1245),(26202,471,1243),(26223,162,1244),(26200,463,1243),(26222,50,1245),(26198,455,1243),(26221,157,1244),(26197,451,1243),(26220,47,1245),(26196,447,1243),(26219,152,1244),(26195,443,1243),(26218,43,1245),(26194,439,1243),(26231,193,1244),(26216,147,1244),(26229,183,1244),(26214,34,1245),(26227,173,1244),(26211,27,1245),(26208,22,1245),(26207,122,1244),(26205,483,1243),(26203,475,1243),(26271,332,1248),(26201,467,1243),(26268,327,1248),(26199,459,1243),(26276,343,1248),(26213,136,1244),(26275,109,1247),(26210,132,1244),(26274,339,1248),(26206,489,1243),(26273,105,1247),(26272,336,1248),(26270,102,1247),(26269,97,1247),(26267,94,1247),(26266,324,1248),(26265,89,1247),(26264,320,1248),(26263,86,1247),(26262,316,1248),(26261,82,1247),(26260,312,1248),(26259,77,1247),(26258,74,1247),(26257,69,1247),(26256,66,1247),(26255,62,1247),(26254,309,1246),(26253,302,1246),(26252,299,1246),(26251,293,1246),(26250,287,1246),(26249,283,1246),(26248,238,1244),(26247,280,1246),(26246,232,1244),(26245,272,1246),(26244,227,1244),(26243,268,1246),(26242,222,1244),(26241,263,1246),(26240,218,1244),(26239,258,1246),(26238,213,1244),(26237,254,1246),(26236,208,1244),(26235,249,1246),(26234,203,1244),(26233,244,1246),(26232,198,1244),(26290,391,1248),(26288,383,1248),(26303,443,1248),(26286,377,1248),(26301,436,1248),(26300,432,1248),(26284,368,1248),(26282,361,1248),(26297,420,1248),(26291,395,1248),(26305,453,1248),(26289,387,1248),(26304,449,1248),(26287,380,1248),(26302,440,1248),(26285,372,1248),(26299,428,1248),(26283,363,1248),(26298,424,1248),(26296,415,1248),(26281,356,1248),(26280,353,1248),(26295,411,1248),(26279,117,1247),(26294,408,1248),(26278,347,1248),(26293,403,1248),(26277,113,1247),(26292,399,1248),(26365,197,1251),(26325,82,1249),(26363,191,1251),(26323,77,1249),(26322,34,1250),(26361,186,1251),(26350,248,1252),(26374,221,1251),(26373,216,1251),(26349,161,1251),(26372,308,1252),(26345,146,1251),(26371,213,1251),(26342,131,1251),(26370,303,1252),(26339,126,1251),(26369,206,1251),(26336,106,1249),(26368,300,1252),(26331,93,1249),(26367,201,1251),(26328,48,1250),(26366,293,1252),(26326,41,1250),(26364,289,1252),(26324,39,1250),(26362,284,1252),(26321,74,1249),(26360,278,1252),(26320,30,1250),(26359,181,1251),(26319,70,1249),(26358,274,1252),(26318,26,1250),(26357,269,1252),(26317,66,1249),(26356,176,1251),(26316,22,1250),(26355,264,1252),(26315,62,1249),(26354,171,1251),(26314,488,1248),(26353,258,1252),(26313,483,1248),(26352,253,1252),(26312,479,1248),(26351,166,1251),(26311,475,1248),(26310,472,1248),(26309,470,1248),(26308,463,1248),(26307,459,1248),(26306,456,1248),(26347,156,1251),(26346,151,1251),(26344,144,1251),(26343,136,1251),(26341,118,1249),(26340,113,1249),(26338,112,1249),(26337,121,1251),(26335,102,1249),(26334,58,1250),(26333,97,1249),(26332,54,1250),(26330,50,1250),(26329,90,1249),(26327,85,1249),(26348,243,1252),(26384,336,1253),(26383,331,1253),(26382,327,1253),(26381,324,1253),(26380,319,1253),(26379,315,1253),(26378,312,1253),(26377,237,1251),(26376,231,1251),(26375,226,1251),(26408,432,1253),(26394,375,1253),(26393,372,1253),(26406,424,1253),(26405,421,1253),(26392,370,1253),(26404,415,1253),(26391,364,1253),(26403,413,1253),(26390,360,1253),(26389,355,1253),(26402,408,1253),(26401,404,1253),(26388,351,1253),(26400,400,1253),(26387,347,1253),(26399,396,1253),(26386,343,1253),(26398,391,1253),(26385,340,1253),(26397,388,1253),(26396,383,1253),(26395,379,1253),(26409,435,1253),(26407,430,1253),(26433,82,1254),(26432,329,1255),(26431,324,1255),(26430,79,1254),(26429,320,1255),(26446,357,1255),(26426,71,1254),(26442,347,1255),(26423,63,1254),(26439,93,1254),(26421,483,1253),(26437,337,1255),(26417,469,1253),(26447,110,1254),(26428,75,1254),(26445,352,1255),(26427,316,1255),(26443,103,1254),(26424,67,1254),(26440,343,1255),(26420,480,1253),(26436,91,1254),(26418,471,1253),(26444,106,1254),(26425,312,1255),(26441,97,1254),(26422,490,1253),(26438,341,1255),(26419,475,1253),(26435,332,1255),(26416,463,1253),(26434,87,1254),(26415,459,1253),(26414,456,1253),(26413,452,1253),(26412,449,1253),(26411,443,1253),(26410,439,1253),(26478,424,1255),(26477,299,1256),(26476,294,1256),(26475,421,1255),(26474,288,1256),(26473,415,1255),(26472,412,1255),(26471,283,1256),(26470,278,1256),(26469,408,1255),(26468,273,1256),(26467,404,1255),(26466,269,1256),(26465,399,1255),(26464,263,1256),(26463,396,1255),(26462,259,1256),(26461,391,1255),(26460,254,1256),(26459,387,1255),(26458,249,1256),(26457,384,1255),(26456,244,1256),(26455,380,1255),(26454,376,1255),(26453,372,1255),(26452,369,1255),(26451,364,1255),(26450,118,1254),(26449,114,1254),(26492,31,1257),(26491,459,1255),(26490,27,1257),(26489,455,1255),(26488,23,1257),(26487,452,1255),(26486,448,1255),(26485,443,1255),(26484,440,1255),(26483,436,1255),(26482,309,1256),(26481,432,1255),(26480,303,1256),(26479,430,1255),(26448,361,1255),(26505,489,1255),(26504,55,1257),(26517,174,1258),(26516,168,1258),(26503,483,1255),(26515,163,1258),(26502,51,1257),(26514,158,1258),(26501,480,1255),(26513,152,1258),(26500,46,1257),(26512,148,1258),(26499,475,1255),(26511,142,1258),(26498,42,1257),(26510,137,1258),(26497,471,1255),(26509,132,1258),(26496,38,1257),(26508,127,1258),(26495,469,1255),(26494,35,1257),(26493,463,1255),(26507,122,1258),(26506,59,1257),(26541,86,1259),(26540,34,1260),(26539,83,1259),(26538,30,1260),(26537,77,1259),(26555,119,1259),(26536,26,1260),(26554,113,1259),(26535,74,1259),(26553,109,1259),(26534,22,1260),(26550,101,1259),(26531,62,1259),(26552,106,1259),(26533,69,1259),(26549,54,1260),(26530,237,1258),(26547,97,1259),(26545,93,1259),(26526,217,1258),(26524,207,1258),(26542,38,1260),(26523,203,1258),(26551,57,1260),(26532,65,1259),(26548,50,1260),(26529,232,1258),(26546,46,1260),(26527,222,1258),(26544,90,1259),(26525,212,1258),(26543,43,1260),(26522,198,1258),(26521,193,1258),(26520,188,1258),(26519,182,1258),(26518,177,1258),(26528,227,1258),(26600,337,1263),(26599,332,1263),(26598,328,1263),(26597,323,1263),(26596,320,1263),(26595,316,1263),(26594,312,1263),(26593,237,1261),(26592,232,1261),(26591,227,1261),(26590,222,1261),(26589,218,1261),(26588,212,1261),(26587,208,1261),(26586,308,1262),(26585,202,1261),(26584,302,1262),(26583,197,1261),(26582,300,1262),(26581,192,1261),(26580,293,1262),(26579,190,1261),(26578,287,1262),(26577,183,1261),(26576,284,1262),(26575,177,1261),(26574,278,1262),(26573,173,1261),(26572,273,1262),(26571,169,1261),(26570,269,1262),(26569,164,1261),(26568,263,1262),(26567,158,1261),(26566,259,1262),(26565,153,1261),(26564,252,1262),(26563,148,1261),(26562,248,1262),(26561,142,1261),(26560,243,1262),(26559,137,1261),(26558,134,1261),(26557,127,1261),(26556,123,1261),(26614,391,1263),(26659,101,1264),(26612,384,1263),(26657,97,1264),(26610,375,1263),(26655,93,1264),(26608,369,1263),(26653,90,1264),(26607,364,1263),(26615,395,1263),(26660,293,1265),(26613,387,1263),(26658,286,1265),(26611,379,1263),(26656,281,1265),(26609,371,1263),(26654,278,1265),(26652,272,1265),(26606,361,1263),(26651,88,1264),(26605,357,1263),(26650,266,1265),(26603,347,1263),(26647,263,1265),(26604,352,1263),(26602,343,1263),(26648,78,1264),(26601,340,1263),(26645,76,1264),(26643,71,1264),(26641,66,1264),(26638,489,1263),(26636,480,1263),(26633,469,1263),(26667,119,1264),(26629,452,1263),(26666,310,1265),(26627,443,1263),(26665,114,1264),(26624,431,1263),(26664,302,1265),(26621,419,1263),(26663,111,1264),(26619,412,1263),(26662,298,1265),(26617,405,1263),(26661,107,1264),(26616,401,1263),(26670,26,1266),(26649,84,1264),(26669,314,1267),(26646,258,1265),(26668,23,1266),(26642,250,1265),(26639,64,1264),(26637,483,1263),(26635,475,1263),(26632,463,1263),(26630,456,1263),(26628,448,1263),(26688,353,1267),(26625,435,1263),(26694,374,1267),(26644,254,1265),(26693,124,1268),(26640,245,1265),(26692,370,1267),(26634,471,1263),(26691,363,1267),(26631,460,1263),(26690,362,1267),(26689,357,1267),(26626,439,1263),(26687,347,1267),(26623,429,1263),(26622,424,1263),(26686,60,1266),(26620,415,1263),(26685,343,1267),(26618,408,1263),(26684,56,1266),(26683,341,1267),(26682,52,1266),(26681,335,1267),(26680,46,1266),(26679,331,1267),(26708,400,1267),(26678,44,1266),(26707,157,1268),(26677,328,1267),(26706,397,1267),(26676,38,1266),(26705,153,1268),(26675,323,1267),(26704,391,1267),(26674,35,1266),(26703,147,1268),(26673,322,1267),(26702,387,1267),(26672,29,1266),(26701,141,1268),(26671,317,1267),(26700,383,1267),(26699,137,1268),(26698,382,1267),(26697,134,1268),(26696,376,1267),(26695,129,1268),(26723,200,1268),(26721,195,1268),(26735,452,1267),(26719,190,1268),(26733,447,1267),(26717,184,1268),(26731,216,1268),(26716,415,1267),(26728,440,1267),(26714,411,1267),(26727,206,1268),(26713,175,1268),(26726,436,1267),(26712,407,1267),(26737,457,1267),(26722,430,1267),(26736,231,1268),(26720,423,1267),(26734,226,1268),(26718,422,1267),(26732,223,1268),(26730,443,1267),(26715,179,1268),(26729,211,1268),(26711,170,1268),(26725,201,1268),(26710,406,1267),(26724,431,1267),(26709,165,1268),(26757,82,1269),(26768,106,1269),(26754,34,1270),(26766,97,1269),(26764,54,1270),(26749,66,1269),(26763,93,1269),(26745,483,1267),(26762,49,1270),(26761,90,1269),(26771,117,1269),(26760,47,1270),(26770,113,1269),(26758,41,1270),(26769,110,1269),(26755,77,1269),(26767,102,1269),(26752,29,1270),(26765,57,1270),(26750,25,1270),(26747,62,1269),(26746,490,1267),(26744,479,1267),(26743,475,1267),(26742,471,1267),(26807,391,1271),(26741,469,1267),(26804,189,1272),(26740,463,1267),(26801,379,1271),(26739,459,1267),(26798,174,1272),(26738,236,1268),(26816,217,1272),(26759,85,1269),(26815,408,1271),(26756,39,1270),(26814,405,1271),(26753,73,1269),(26813,212,1272),(26751,69,1269),(26812,206,1272),(26748,21,1270),(26811,399,1271),(26810,201,1272),(26809,395,1271),(26808,198,1272),(26806,192,1272),(26805,387,1271),(26803,383,1271),(26802,184,1272),(26800,179,1272),(26799,375,1271),(26797,371,1271),(26796,169,1272),(26795,368,1271),(26794,164,1272),(26793,364,1271),(26792,157,1272),(26791,359,1271),(26790,152,1272),(26789,355,1271),(26788,147,1272),(26787,351,1271),(26786,144,1272),(26785,347,1271),(26784,343,1271),(26783,136,1272),(26782,132,1272),(26781,339,1271),(26780,336,1271),(26779,127,1272),(26778,332,1271),(26777,122,1272),(26776,328,1271),(26775,323,1271),(26774,319,1271),(26773,315,1271),(26772,311,1271),(26831,449,1271),(26841,269,1273),(26830,242,1273),(26840,468,1271),(26829,443,1271),(26839,463,1271),(26828,439,1271),(26838,264,1273),(26827,435,1271),(26837,459,1271),(26826,431,1271),(26836,259,1273),(26825,428,1271),(26835,455,1271),(26834,253,1273),(26824,237,1272),(26833,452,1271),(26823,424,1271),(26832,247,1273),(26822,421,1271),(26821,232,1272),(26820,227,1272),(26819,415,1271),(26818,222,1272),(26817,411,1271),(26865,84,1274),(26864,142,1275),(26863,77,1274),(26862,137,1275),(26861,75,1274),(26879,110,1274),(26860,132,1275),(26859,71,1274),(26876,172,1275),(26875,102,1274),(26856,122,1275),(26854,308,1273),(26873,97,1274),(26872,162,1275),(26850,488,1271),(26871,96,1274),(26848,483,1271),(26847,479,1271),(26870,157,1275),(26869,91,1274),(26846,284,1273),(26845,475,1271),(26868,152,1275),(26867,87,1274),(26844,277,1273),(26866,147,1275),(26843,471,1271),(26842,275,1273),(26878,177,1275),(26877,107,1274),(26858,127,1275),(26857,66,1274),(26874,167,1275),(26855,62,1274),(26853,303,1273),(26852,300,1273),(26851,293,1273),(26849,289,1273),(26914,278,1277),(26913,320,1278),(26911,316,1278),(26909,312,1278),(26907,259,1277),(26924,340,1278),(26923,304,1277),(26922,298,1277),(26921,337,1278),(26920,332,1278),(26919,293,1277),(26918,330,1278),(26917,289,1277),(26916,283,1277),(26915,325,1278),(26912,273,1277),(26910,269,1277),(26908,264,1277),(26906,255,1277),(26905,249,1277),(26904,244,1277),(26903,59,1276),(26902,54,1276),(26901,51,1276),(26900,46,1276),(26899,42,1276),(26898,38,1276),(26897,237,1275),(26896,34,1276),(26895,232,1275),(26894,30,1276),(26893,227,1275),(26892,26,1276),(26891,222,1275),(26890,23,1276),(26889,217,1275),(26888,212,1275),(26887,207,1275),(26886,202,1275),(26885,197,1275),(26884,192,1275),(26883,119,1274),(26882,187,1275),(26881,115,1274),(26880,182,1275),(26927,348,1278),(26941,405,1278),(26926,308,1277),(26940,401,1278),(26925,344,1278),(26949,436,1278),(26939,396,1278),(26947,427,1278),(26938,392,1278),(26946,424,1278),(26936,385,1278),(26944,416,1278),(26933,373,1278),(26942,408,1278),(26932,368,1278),(26948,432,1278),(26937,389,1278),(26945,420,1278),(26935,380,1278),(26934,376,1278),(26943,412,1278),(26931,364,1278),(26930,360,1278),(26929,356,1278),(26928,353,1278),(26973,42,1279),(26972,264,1280),(26971,39,1279),(26970,260,1280),(26987,121,1281),(26969,34,1279),(26985,304,1280),(26968,252,1280),(26984,300,1280),(26967,248,1280),(26966,29,1279),(26983,291,1280),(26982,289,1280),(26963,21,1279),(26986,309,1280),(26965,243,1280),(26964,26,1279),(26981,285,1280),(26980,57,1279),(26962,488,1278),(26979,279,1280),(26961,484,1278),(26978,54,1279),(26960,480,1278),(26977,50,1279),(26959,476,1278),(26976,273,1280),(26958,472,1278),(26975,48,1279),(26957,468,1278),(26956,464,1278),(26974,270,1280),(26955,460,1278),(26954,456,1278),(26953,452,1278),(26952,448,1278),(26951,444,1278),(27032,396,1282),(26950,440,1278),(27031,391,1282),(27030,388,1282),(27029,383,1282),(27028,237,1281),(27015,357,1282),(27013,351,1282),(27011,347,1282),(27009,343,1282),(27007,340,1282),(27006,182,1281),(27005,335,1282),(27004,176,1281),(27003,331,1282),(27002,173,1281),(27001,328,1282),(27000,167,1281),(26999,323,1282),(26998,162,1281),(26997,319,1282),(26996,157,1281),(26995,315,1282),(26994,152,1281),(26993,311,1282),(26992,147,1281),(26991,144,1281),(26990,137,1281),(26989,131,1281),(26988,127,1281),(27027,379,1282),(27026,232,1281),(27025,375,1282),(27024,227,1281),(27023,371,1282),(27022,221,1281),(27021,370,1282),(27020,218,1281),(27019,365,1282),(27018,212,1281),(27017,360,1282),(27016,208,1281),(27014,201,1281),(27012,197,1281),(27010,192,1281),(27008,189,1281),(27047,430,1282),(27046,87,1283),(27045,424,1282),(27057,447,1282),(27044,84,1283),(27056,106,1283),(27043,420,1282),(27042,77,1283),(27055,102,1283),(27054,443,1282),(27041,415,1282),(27053,440,1282),(27040,73,1283),(27052,97,1283),(27039,411,1282),(27051,435,1282),(27038,70,1283),(27037,407,1282),(27050,93,1283),(27036,65,1283),(27049,432,1282),(27035,404,1282),(27048,90,1283),(27034,63,1283),(27033,400,1282),(27081,42,1285),(27080,77,1284),(27095,117,1284),(27079,39,1285),(27094,113,1284),(27078,73,1284),(27092,105,1284),(27076,69,1284),(27090,97,1284),(27074,66,1284),(27088,54,1285),(27071,62,1284),(27085,50,1285),(27070,490,1282),(27093,109,1284),(27077,34,1285),(27091,101,1284),(27075,29,1285),(27089,58,1285),(27073,26,1285),(27072,22,1285),(27087,94,1284),(27086,90,1284),(27069,484,1282),(27084,86,1284),(27068,480,1282),(27083,46,1285),(27067,477,1282),(27066,471,1282),(27082,81,1284),(27065,467,1282),(27064,464,1282),(27063,117,1283),(27062,460,1282),(27061,113,1283),(27138,384,1287),(27060,458,1282),(27135,232,1286),(27059,111,1283),(27132,372,1287),(27058,451,1282),(27129,217,1286),(27127,213,1286),(27125,207,1286),(27123,202,1286),(27122,351,1287),(27120,192,1286),(27118,189,1286),(27116,182,1286),(27115,341,1287),(27114,178,1286),(27113,335,1287),(27111,332,1287),(27140,391,1287),(27139,387,1287),(27137,237,1286),(27136,379,1287),(27134,375,1287),(27133,228,1286),(27131,222,1286),(27130,370,1287),(27128,363,1287),(27126,359,1287),(27124,356,1287),(27121,197,1286),(27119,347,1287),(27117,343,1287),(27112,172,1286),(27110,168,1286),(27109,327,1287),(27108,163,1286),(27107,324,1287),(27106,157,1286),(27105,320,1287),(27104,316,1287),(27103,152,1286),(27102,311,1287),(27101,148,1286),(27100,143,1286),(27099,137,1286),(27098,132,1286),(27097,127,1286),(27096,122,1286),(27155,274,1288),(27154,423,1287),(27153,269,1288),(27152,420,1287),(27165,299,1288),(27151,264,1288),(27164,444,1287),(27150,415,1287),(27163,292,1288),(27162,439,1287),(27149,257,1288),(27148,411,1287),(27161,288,1288),(27160,435,1287),(27147,253,1288),(27146,408,1287),(27159,283,1288),(27158,432,1287),(27145,248,1288),(27157,277,1288),(27144,404,1287),(27143,243,1288),(27156,430,1287),(27142,400,1287),(27141,395,1287),(27189,39,1290),(27187,34,1290),(27203,118,1289),(27201,109,1289),(27188,82,1289),(27202,113,1289),(27184,73,1289),(27197,54,1290),(27185,29,1290),(27186,77,1289),(27200,106,1289),(27198,102,1289),(27183,26,1290),(27199,57,1290),(27182,69,1289),(27196,97,1289),(27181,21,1290),(27195,49,1290),(27180,65,1289),(27193,47,1290),(27179,62,1289),(27194,94,1289),(27177,483,1287),(27192,89,1289),(27175,475,1287),(27190,86,1289),(27173,468,1287),(27191,41,1290),(27172,463,1287),(27171,460,1287),(27170,455,1287),(27169,307,1288),(27168,451,1287),(27167,304,1288),(27239,228,1291),(27166,448,1287),(27244,319,1293),(27178,490,1287),(27241,231,1291),(27176,480,1287),(27208,137,1291),(27174,471,1287),(27245,323,1293),(27248,335,1293),(27247,331,1293),(27246,328,1293),(27243,238,1291),(27242,315,1293),(27240,311,1293),(27207,242,1292),(27211,253,1292),(27238,222,1291),(27233,306,1292),(27212,148,1291),(27237,218,1291),(27235,208,1291),(27225,289,1292),(27231,305,1292),(27229,299,1292),(27227,293,1292),(27220,167,1291),(27223,283,1292),(27222,172,1291),(27221,277,1292),(27213,259,1292),(27218,162,1291),(27219,274,1292),(27214,153,1291),(27204,122,1291),(27215,264,1292),(27216,158,1291),(27209,249,1292),(27210,144,1291),(27205,127,1291),(27206,133,1291),(27217,269,1292),(27224,177,1291),(27234,203,1291),(27236,212,1291),(27230,192,1291),(27232,197,1291),(27226,182,1291),(27228,188,1291),(27263,395,1293),(27261,387,1293),(27262,391,1293),(27260,383,1293),(27265,403,1293),(27266,407,1293),(27249,339,1293),(27264,399,1293),(27258,375,1293),(27273,435,1293),(27259,379,1293),(27250,343,1293),(27268,415,1293),(27257,371,1293),(27271,428,1293),(27269,419,1293),(27256,367,1293),(27272,431,1293),(27253,355,1293),(27255,363,1293),(27270,423,1293),(27254,359,1293),(27267,411,1293),(27251,347,1293),(27252,352,1293),(27297,42,1295),(27295,39,1295),(27311,113,1294),(27296,77,1294),(27310,122,1296),(27293,73,1294),(27306,97,1294),(27294,34,1295),(27309,110,1294),(27292,30,1295),(27307,101,1294),(27291,70,1294),(27308,105,1294),(27305,57,1295),(27301,50,1295),(27304,93,1294),(27302,89,1294),(27303,54,1295),(27298,81,1294),(27299,85,1294),(27300,47,1295),(27356,335,1298),(27355,331,1298),(27354,328,1298),(27335,192,1296),(27350,312,1298),(27351,315,1298),(27352,319,1298),(27353,324,1298),(27348,231,1296),(27337,196,1296),(27345,216,1296),(27346,222,1296),(27342,302,1297),(27344,309,1297),(27339,202,1296),(27340,300,1297),(27333,188,1296),(27334,284,1297),(27336,288,1297),(27289,65,1294),(27349,238,1296),(27347,227,1296),(27290,26,1295),(27338,294,1297),(27343,213,1296),(27288,22,1295),(27341,206,1296),(27287,62,1294),(27312,127,1296),(27275,443,1293),(27331,182,1296),(27281,468,1293),(27332,278,1297),(27286,488,1293),(27330,274,1297),(27283,475,1293),(27328,269,1297),(27280,463,1293),(27325,168,1296),(27278,455,1293),(27323,162,1296),(27277,452,1293),(27313,117,1294),(27284,479,1293),(27317,148,1296),(27282,471,1293),(27329,179,1296),(27285,483,1293),(27274,439,1293),(27327,173,1296),(27324,260,1297),(27279,459,1293),(27326,265,1297),(27276,448,1293),(27318,244,1297),(27322,253,1297),(27319,152,1296),(27320,248,1297),(27321,158,1296),(27314,132,1296),(27316,143,1296),(27315,136,1296),(27365,372,1298),(27369,387,1298),(27378,423,1298),(27377,420,1298),(27363,363,1298),(27372,399,1298),(27359,347,1298),(27358,343,1298),(27373,403,1298),(27374,408,1298),(27371,395,1298),(27381,435,1298),(27360,352,1298),(27376,415,1298),(27370,391,1298),(27380,431,1298),(27368,383,1298),(27379,430,1298),(27366,375,1298),(27367,380,1298),(27375,411,1298),(27361,356,1298),(27362,361,1298),(27364,369,1298),(27357,339,1298),(27405,93,1299),(27419,58,1300),(27404,26,1300),(27415,113,1299),(27402,22,1300),(27418,54,1300),(27403,90,1299),(27417,118,1299),(27400,82,1299),(27416,50,1300),(27401,86,1299),(27408,34,1300),(27398,74,1299),(27413,110,1299),(27399,78,1299),(27414,46,1300),(27396,65,1299),(27409,101,1299),(27397,71,1299),(27412,42,1300),(27394,489,1298),(27411,105,1299),(27395,62,1299),(27410,39,1300),(27383,443,1298),(27406,30,1300),(27386,455,1298),(27407,98,1299),(27387,459,1298),(27393,483,1298),(27391,475,1298),(27392,480,1298),(27389,468,1298),(27462,226,1301),(27388,463,1298),(27459,388,1302),(27385,452,1298),(27455,379,1302),(27384,447,1298),(27382,439,1298),(27457,384,1302),(27390,471,1298),(27464,232,1301),(27463,395,1302),(27422,312,1302),(27461,391,1302),(27460,222,1301),(27458,217,1301),(27456,212,1301),(27420,121,1301),(27421,126,1301),(27431,152,1301),(27453,207,1301),(27454,375,1302),(27445,355,1302),(27451,202,1301),(27449,364,1302),(27447,360,1302),(27437,167,1301),(27443,351,1302),(27441,347,1302),(27439,343,1302),(27433,332,1302),(27436,339,1302),(27435,335,1302),(27434,163,1301),(27425,136,1301),(27426,319,1302),(27429,147,1301),(27428,324,1302),(27427,142,1301),(27424,316,1302),(27423,131,1301),(27430,328,1302),(27444,187,1301),(27450,370,1302),(27452,372,1302),(27446,191,1301),(27448,196,1301),(27442,182,1301),(27432,156,1301),(27438,174,1301),(27440,177,1301),(27479,436,1302),(27489,456,1302),(27478,259,1303),(27488,283,1303),(27467,404,1302),(27481,439,1302),(27482,269,1303),(27466,237,1301),(27480,265,1303),(27477,432,1302),(27484,273,1303),(27468,408,1302),(27476,252,1303),(27485,448,1302),(27465,400,1302),(27486,278,1303),(27475,430,1302),(27487,452,1302),(27483,444,1302),(27473,423,1302),(27474,248,1303),(27469,413,1302),(27472,243,1303),(27470,415,1302),(27471,420,1302),(27513,81,1304),(27510,137,1305),(27507,70,1304),(27511,143,1305),(27512,78,1304),(27508,133,1305),(27527,183,1305),(27509,73,1304),(27526,178,1305),(27506,127,1305),(27519,93,1304),(27503,62,1304),(27525,106,1304),(27504,122,1305),(27524,172,1305),(27505,65,1304),(27520,162,1305),(27501,483,1302),(27523,101,1304),(27502,490,1302),(27521,167,1305),(27500,479,1302),(27522,97,1304),(27499,475,1302),(27517,90,1304),(27496,470,1302),(27518,157,1305),(27493,299,1303),(27515,86,1304),(27492,459,1302),(27516,153,1305),(27490,288,1303),(27514,147,1305),(27491,293,1303),(27495,303,1303),(27498,471,1302),(27497,308,1303),(27494,464,1302),(27555,324,1307),(27554,319,1307),(27553,315,1307),(27552,311,1307),(27529,189,1305),(27551,57,1306),(27572,284,1308),(27528,110,1304),(27571,355,1307),(27568,351,1307),(27570,278,1308),(27545,238,1305),(27547,41,1306),(27556,328,1307),(27549,49,1306),(27530,114,1304),(27539,25,1306),(27543,232,1305),(27541,29,1306),(27531,118,1304),(27537,21,1306),(27532,193,1305),(27535,206,1305),(27533,198,1305),(27558,331,1307),(27559,247,1308),(27567,269,1308),(27560,335,1307),(27569,273,1308),(27564,343,1307),(27566,347,1307),(27565,265,1308),(27563,259,1308),(27561,253,1308),(27562,339,1307),(27546,40,1306),(27548,48,1306),(27550,54,1306),(27544,34,1306),(27540,222,1305),(27542,227,1305),(27536,211,1305),(27538,216,1305),(27534,202,1305),(27557,242,1308),(27595,428,1307),(27609,483,1307),(27596,431,1307),(27610,489,1307),(27585,387,1307),(27601,452,1307),(27591,411,1307),(27608,480,1307),(27594,423,1307),(27607,475,1307),(27592,415,1307),(27602,455,1307),(27593,419,1307),(27606,471,1307),(27586,391,1307),(27604,463,1307),(27590,407,1307),(27605,467,1307),(27589,403,1307),(27587,395,1307),(27603,459,1307),(27588,399,1307),(27597,435,1307),(27584,383,1307),(27599,443,1307),(27574,288,1308),(27600,448,1307),(27573,360,1307),(27598,439,1307),(27578,298,1308),(27582,308,1308),(27583,379,1307),(27579,372,1307),(27581,375,1307),(27623,139,1310),(27580,303,1308),(27619,49,1309),(27577,369,1307),(27622,133,1310),(27576,293,1308),(27620,128,1310),(27575,364,1307),(27621,53,1309),(27617,48,1309),(27618,123,1310),(27611,21,1309),(27624,57,1309),(27625,145,1310),(27626,149,1310),(27615,39,1309),(27635,177,1310),(27616,41,1309),(27633,172,1310),(27614,33,1309),(27629,162,1310),(27613,29,1309),(27628,158,1310),(27612,25,1309),(27627,152,1310),(27630,242,1311),(27631,167,1310),(27634,253,1311),(27632,246,1311),(27680,355,1312),(27678,351,1312),(27679,97,1313),(27676,89,1313),(27677,93,1313),(27636,259,1311),(27674,85,1313),(27637,182,1310),(27675,347,1312),(27638,265,1311),(27639,269,1311),(27653,305,1311),(27672,339,1312),(27673,343,1312),(27670,335,1312),(27656,229,1310),(27671,82,1313),(27666,69,1313),(27669,77,1313),(27667,331,1312),(27662,61,1313),(27664,65,1313),(27658,236,1310),(27659,311,1312),(27644,197,1310),(27649,291,1311),(27651,298,1311),(27645,284,1311),(27648,206,1310),(27647,290,1311),(27646,201,1310),(27642,194,1310),(27643,276,1311),(27641,275,1311),(27640,187,1310),(27654,221,1310),(27655,306,1311),(27665,327,1312),(27668,73,1313),(27657,231,1310),(27663,323,1312),(27661,319,1312),(27660,315,1312),(27650,211,1310),(27652,216,1310),(27690,117,1313),(27705,435,1312),(27704,431,1312),(27689,375,1312),(27682,102,1313),(27703,428,1312),(27683,363,1312),(27691,379,1312),(27688,113,1313),(27692,383,1312),(27687,371,1312),(27701,419,1312),(27684,105,1313),(27702,423,1312),(27685,110,1313),(27700,415,1312),(27686,367,1312),(27699,411,1312),(27698,407,1312),(27681,359,1312),(27693,387,1312),(27697,403,1312),(27694,391,1312),(27695,395,1312),(27696,399,1312),(27724,137,1314),(27727,74,1315),(27728,148,1314),(27729,77,1315),(27742,182,1314),(27725,70,1315),(27741,102,1315),(27726,143,1314),(27740,177,1314),(27720,62,1315),(27723,132,1314),(27738,173,1314),(27722,65,1315),(27739,97,1315),(27721,128,1314),(27736,168,1314),(27737,94,1315),(27719,123,1314),(27735,90,1315),(27717,483,1312),(27718,488,1312),(27730,153,1314),(27707,443,1312),(27743,106,1315),(27734,163,1314),(27706,439,1312),(27732,158,1314),(27710,455,1312),(27714,471,1312),(27733,86,1315),(27731,83,1315),(27713,467,1312),(27712,463,1312),(27711,460,1312),(27708,447,1312),(27709,451,1312),(27716,479,1312),(27748,197,1314),(27715,475,1312),(27787,273,1318),(27788,364,1317),(27747,114,1315),(27785,268,1318),(27786,360,1317),(27783,263,1318),(27784,356,1317),(27781,258,1318),(27782,352,1317),(27749,118,1315),(27766,54,1316),(27767,312,1317),(27776,340,1317),(27780,348,1317),(27777,248,1318),(27778,343,1317),(27779,253,1318),(27773,332,1317),(27774,335,1317),(27775,243,1318),(27768,58,1316),(27772,328,1317),(27769,316,1317),(27770,320,1317),(27771,324,1317),(27745,109,1315),(27764,46,1316),(27762,39,1316),(27753,218,1314),(27759,30,1316),(27757,26,1316),(27755,22,1316),(27760,237,1314),(27746,193,1314),(27765,50,1316),(27752,212,1314),(27761,34,1316),(27763,42,1316),(27758,232,1314),(27744,188,1314),(27754,223,1314),(27756,228,1314),(27750,203,1314),(27751,207,1314),(27802,391,1317),(27813,436,1317),(27803,395,1317),(27804,400,1317),(27794,376,1317),(27795,293,1318),(27805,404,1317),(27796,299,1318),(27806,407,1317),(27801,308,1318),(27811,428,1317),(27812,432,1317),(27800,387,1317),(27797,380,1317),(27809,420,1317),(27810,424,1317),(27798,384,1317),(27808,415,1317),(27799,303,1318),(27807,411,1317),(27791,283,1318),(27789,278,1318),(27792,372,1317),(27793,288,1318),(27790,368,1317),(27836,39,1320),(27832,29,1320),(27837,82,1319),(27835,77,1319),(27833,73,1319),(27882,207,1321),(27834,33,1320),(27877,292,1322),(27814,440,1317),(27880,300,1322),(27830,25,1320),(27878,197,1321),(27829,65,1319),(27879,202,1321),(27827,61,1319),(27876,192,1321),(27828,21,1320),(27875,289,1322),(27826,488,1317),(27874,284,1322),(27831,69,1319),(27839,85,1319),(27815,444,1317),(27881,303,1322),(27824,480,1317),(27873,186,1321),(27825,483,1317),(27871,277,1322),(27818,456,1317),(27869,275,1322),(27823,476,1317),(27867,267,1322),(27820,463,1317),(27864,161,1321),(27819,460,1317),(27861,252,1322),(27816,448,1317),(27860,151,1321),(27817,452,1317),(27872,181,1321),(27821,468,1317),(27870,176,1321),(27822,471,1317),(27863,257,1322),(27868,172,1321),(27866,166,1321),(27865,262,1322),(27862,156,1321),(27896,335,1323),(27853,126,1321),(27895,331,1323),(27854,131,1321),(27883,212,1321),(27859,246,1322),(27894,327,1323),(27856,143,1321),(27891,315,1323),(27851,118,1319),(27892,319,1323),(27845,97,1319),(27890,311,1323),(27846,58,1320),(27889,237,1321),(27841,89,1319),(27888,232,1321),(27843,93,1319),(27887,227,1321),(27842,50,1320),(27886,222,1321),(27840,47,1320),(27885,217,1321),(27858,146,1321),(27884,307,1322),(27852,121,1321),(27893,323,1323),(27838,41,1320),(27855,136,1321),(27857,241,1322),(27844,54,1320),(27849,111,1319),(27850,113,1319),(27847,101,1319),(27848,105,1319),(27910,391,1323),(27924,448,1323),(27898,343,1323),(27925,451,1323),(27905,371,1323),(27920,431,1323),(27909,387,1323),(27921,435,1323),(27908,383,1323),(27923,443,1323),(27906,375,1323),(27922,439,1323),(27907,379,1323),(27911,395,1323),(27903,364,1323),(27899,347,1323),(27912,399,1323),(27897,339,1323),(27918,423,1323),(27904,370,1323),(27919,430,1323),(27916,415,1323),(27900,351,1323),(27917,419,1323),(27902,360,1323),(27915,413,1323),(27901,355,1323),(27913,403,1323),(27914,407,1323),(27966,197,1324),(27969,379,1325),(27979,399,1325),(27961,364,1325),(27978,226,1324),(27967,375,1325),(27977,396,1325),(27968,202,1324),(27975,392,1325),(27962,189,1324),(27976,221,1324),(27965,371,1325),(27974,217,1324),(27963,369,1325),(27973,388,1325),(27964,192,1324),(27980,231,1324),(27930,471,1323),(27971,383,1325),(27970,207,1324),(27972,212,1324),(27960,182,1324),(27958,177,1324),(27959,359,1325),(27955,351,1325),(27956,172,1324),(27953,347,1325),(27981,403,1325),(27928,463,1323),(28001,274,1326),(27957,356,1325),(28004,459,1325),(27951,343,1325),(28003,278,1326),(27952,162,1324),(27982,237,1324),(27954,167,1324),(28000,452,1325),(27950,157,1324),(27999,268,1326),(27948,152,1324),(27998,448,1325),(27949,340,1325),(27929,467,1323),(28002,455,1325),(27997,264,1326),(27943,327,1325),(27995,439,1325),(27944,143,1324),(27992,436,1325),(27947,335,1325),(27996,444,1325),(27946,147,1324),(27993,253,1326),(27994,259,1326),(27945,331,1325),(27991,247,1326),(27940,320,1325),(27990,431,1325),(27941,136,1324),(27942,324,1325),(27989,243,1326),(27938,315,1325),(27988,428,1325),(27939,132,1324),(27987,423,1325),(27936,312,1325),(27986,420,1325),(27937,126,1324),(27985,415,1325),(27935,122,1324),(27983,407,1325),(27934,487,1323),(27984,412,1325),(27933,483,1323),(27932,479,1323),(27926,455,1323),(27927,459,1323),(27931,475,1323),(28014,480,1325),(28017,488,1325),(28005,284,1326),(28059,50,1330),(28008,468,1325),(28055,42,1330),(28013,304,1326),(28058,94,1329),(28009,293,1326),(28057,46,1330),(28010,471,1325),(28056,89,1329),(28011,298,1326),(28012,475,1325),(28037,101,1327),(28051,34,1330),(28007,289,1326),(28052,83,1329),(28006,463,1325),(28053,38,1330),(28054,86,1329),(28049,31,1330),(28046,26,1330),(28050,78,1329),(28074,143,1331),(28048,74,1329),(28072,137,1331),(28047,71,1329),(28073,316,1332),(28045,66,1329),(28071,314,1332),(28042,117,1327),(28064,105,1329),(28044,22,1330),(28069,127,1331),(28043,62,1329),(28070,134,1331),(28041,113,1327),(28038,58,1328),(28067,118,1329),(28068,122,1331),(28040,111,1327),(28060,97,1329),(28015,308,1326),(28066,114,1329),(28039,105,1327),(28061,54,1330),(28016,484,1325),(28065,110,1329),(28036,53,1328),(28062,102,1329),(28035,97,1327),(28063,58,1330),(28031,90,1327),(28027,82,1327),(28032,47,1328),(28028,39,1328),(28023,74,1327),(28026,35,1328),(28094,194,1331),(28025,78,1327),(28091,352,1332),(28022,25,1328),(28092,190,1331),(28033,93,1327),(28096,198,1331),(28034,49,1328),(28098,204,1331),(28030,42,1328),(28097,365,1332),(28029,85,1327),(28095,360,1332),(28024,30,1328),(28093,356,1332),(28018,63,1327),(28086,172,1331),(28019,66,1327),(28088,179,1331),(28021,70,1327),(28089,348,1332),(28020,22,1328),(28090,184,1331),(28076,149,1331),(28077,324,1332),(28082,163,1331),(28084,168,1331),(28085,341,1332),(28108,227,1331),(28083,336,1332),(28104,217,1331),(28080,157,1331),(28103,376,1332),(28081,331,1332),(28101,373,1332),(28079,327,1332),(28102,212,1331),(28100,207,1331),(28078,152,1331),(28111,392,1332),(28087,343,1332),(28112,238,1331),(28075,320,1332),(28099,368,1332),(28110,232,1331),(28109,389,1332),(28107,385,1332),(28106,221,1331),(28105,381,1332),(28126,263,1333),(28136,452,1332),(28127,433,1332),(28137,287,1333),(28123,255,1333),(28128,267,1333),(28118,416,1332),(28134,284,1333),(28124,428,1332),(28135,450,1332),(28125,259,1333),(28122,425,1332),(28131,440,1332),(28133,444,1332),(28120,420,1332),(28129,436,1332),(28121,248,1333),(28132,279,1333),(28119,244,1333),(28130,273,1333),(28113,396,1332),(28114,401,1332),(28115,404,1332),(28116,409,1332),(28117,413,1332),(28150,488,1332),(28151,314,1334),(28146,471,1332),(28149,483,1332),(28147,475,1332),(28175,107,1335),(28148,480,1332),(28173,101,1335),(28142,463,1332),(28174,362,1334),(28145,469,1332),(28172,358,1334),(28143,302,1333),(28170,354,1334),(28144,309,1333),(28171,97,1335),(28141,299,1333),(28167,91,1335),(28140,460,1332),(28168,348,1334),(28139,295,1333),(28169,93,1335),(28138,456,1332),(28166,345,1334),(28152,318,1334),(28153,63,1335),(28161,77,1335),(28165,88,1335),(28219,470,1334),(28164,342,1334),(28218,256,1337),(28158,328,1334),(28216,462,1334),(28156,324,1334),(28210,449,1334),(28157,72,1335),(28211,245,1337),(28154,322,1334),(28213,250,1337),(28162,335,1334),(28220,263,1337),(28163,82,1335),(28215,255,1337),(28160,332,1334),(28217,464,1334),(28159,75,1335),(28214,457,1334),(28155,67,1335),(28212,452,1334),(28205,56,1336),(28209,443,1334),(28206,436,1334),(28207,60,1336),(28208,440,1334),(28202,427,1334),(28197,418,1334),(28203,51,1336),(28204,434,1334),(28196,38,1336),(28201,423,1334),(28198,43,1336),(28199,422,1334),(28200,46,1336),(28176,366,1334),(28177,110,1335),(28194,36,1336),(28195,414,1334),(28178,367,1334),(28192,32,1336),(28193,408,1334),(28190,399,1334),(28188,396,1334),(28191,403,1334),(28187,23,1336),(28189,28,1336),(28186,391,1334),(28184,385,1334),(28179,113,1335),(28185,388,1334),(28183,382,1334),(28182,378,1334),(28180,374,1334),(28181,118,1335),(28234,309,1337),(28256,229,1338),(28232,300,1337),(28254,220,1338),(28230,288,1337),(28255,225,1338),(28231,295,1337),(28253,215,1338),(28228,282,1337),(28252,210,1338),(28229,487,1334),(28250,198,1338),(28224,272,1337),(28251,205,1338),(28227,484,1334),(28247,182,1338),(28226,280,1337),(28248,188,1338),(28225,481,1334),(28249,192,1338),(28223,475,1334),(28246,177,1338),(28222,268,1337),(28245,173,1338),(28221,472,1334),(28257,232,1338),(28243,164,1338),(28258,240,1338),(28244,167,1338),(28242,158,1338),(28241,152,1338),(28239,142,1338),(28240,148,1338),(28272,47,1340),(28238,137,1338),(28273,90,1339),(28236,127,1338),(28263,70,1339),(28237,132,1338),(28271,86,1339),(28235,122,1338),(28270,42,1340),(28268,39,1340),(28233,301,1337),(28269,82,1339),(28267,34,1340),(28264,30,1340),(28266,77,1339),(28265,74,1339),(28280,106,1339),(28283,123,1341),(28262,26,1340),(28260,21,1340),(28282,113,1339),(28261,66,1339),(28281,110,1339),(28259,62,1339),(28279,58,1340),(28278,102,1339),(28277,54,1340),(28276,97,1339),(28274,93,1339),(28318,224,1341),(28275,50,1340),(28324,319,1343),(28327,332,1343),(28328,336,1343),(28325,323,1343),(28326,327,1343),(28323,316,1343),(28321,238,1341),(28322,312,1343),(28319,229,1341),(28320,232,1341),(28317,307,1342),(28311,292,1342),(28314,212,1341),(28299,172,1341),(28286,132,1341),(28309,289,1342),(28315,304,1342),(28284,118,1339),(28294,253,1342),(28297,167,1341),(28289,148,1341),(28302,274,1342),(28296,259,1342),(28290,242,1342),(28306,284,1342),(28305,187,1341),(28292,247,1342),(28303,182,1341),(28298,264,1342),(28304,277,1342),(28300,269,1342),(28301,177,1341),(28288,143,1341),(28291,153,1341),(28316,217,1341),(28310,202,1341),(28287,138,1341),(28312,207,1341),(28285,128,1341),(28313,298,1342),(28295,162,1341),(28308,197,1341),(28307,192,1341),(28293,158,1341),(28367,245,1344),(28388,102,1345),(28365,483,1343),(28370,66,1345),(28382,92,1345),(28340,383,1343),(28384,95,1345),(28364,480,1343),(28380,88,1345),(28342,391,1343),(28379,273,1344),(28372,72,1345),(28386,98,1345),(28373,258,1344),(28387,295,1344),(28371,255,1344),(28366,488,1343),(28368,63,1345),(28369,250,1344),(28362,471,1343),(28344,400,1343),(28335,364,1343),(28363,475,1343),(28351,429,1343),(28361,468,1343),(28359,460,1343),(28354,439,1343),(28356,448,1343),(28353,435,1343),(28358,455,1343),(28355,443,1343),(28357,452,1343),(28360,463,1343),(28352,431,1343),(28345,404,1343),(28346,408,1343),(28348,415,1343),(28336,369,1343),(28350,424,1343),(28347,412,1343),(28349,420,1343),(28341,388,1343),(28337,371,1343),(28385,287,1344),(28343,396,1343),(28383,284,1344),(28338,375,1343),(28381,279,1344),(28339,379,1343),(28378,84,1345),(28333,358,1343),(28377,267,1344),(28331,347,1343),(28376,79,1345),(28332,352,1343),(28375,261,1344),(28330,343,1343),(28374,76,1345),(28329,340,1343),(28334,360,1343),(28397,28,1346),(28398,123,1347),(28411,159,1347),(28392,112,1345),(28412,55,1346),(28396,23,1346),(28410,52,1346),(28393,309,1344),(28409,154,1347),(28395,117,1345),(28408,148,1347),(28394,114,1345),(28405,141,1347),(28391,304,1344),(28400,31,1346),(28390,108,1345),(28399,126,1347),(28389,300,1344),(28407,46,1346),(28404,38,1346),(28402,36,1346),(28401,134,1347),(28403,139,1347),(28414,59,1346),(28406,43,1346),(28420,313,1348),(28433,225,1347),(28416,175,1347),(28427,209,1347),(28431,218,1347),(28413,165,1347),(28426,326,1348),(28422,316,1348),(28423,199,1347),(28419,189,1347),(28425,204,1347),(28424,321,1348),(28417,179,1347),(28435,227,1347),(28430,332,1348),(28436,345,1348),(28429,215,1347),(28432,336,1348),(28415,167,1347),(28418,184,1347),(28434,342,1348),(28421,192,1347),(28428,330,1348),(28441,358,1348),(28461,436,1348),(28446,376,1348),(28458,426,1348),(28439,238,1347),(28449,390,1348),(28445,374,1348),(28460,434,1348),(28440,352,1348),(28450,391,1348),(28437,231,1347),(28455,412,1348),(28438,350,1348),(28459,428,1348),(28443,366,1348),(28456,417,1348),(28442,362,1348),(28447,381,1348),(28444,368,1348),(28457,421,1348),(28448,386,1348),(28451,397,1348),(28453,406,1348),(28452,402,1348),(28454,410,1348),(28483,39,1350),(28484,77,1349),(28485,41,1350),(28480,70,1349),(28474,489,1348),(28475,21,1350),(28482,73,1349),(28481,34,1350),(28479,29,1350),(28476,62,1349),(28477,25,1350),(28478,65,1349),(28499,117,1349),(28471,477,1348),(28498,113,1349),(28497,109,1349),(28472,482,1348),(28473,485,1348),(28495,102,1349),(28470,473,1348),(28496,105,1349),(28469,470,1348),(28494,97,1349),(28468,464,1348),(28487,48,1350),(28492,93,1349),(28467,462,1348),(28493,57,1350),(28466,457,1348),(28488,86,1349),(28465,453,1348),(28491,54,1350),(28464,450,1348),(28490,89,1349),(28463,446,1348),(28489,49,1350),(28462,440,1348),(28486,82,1349),(28531,364,1352),(28533,370,1352),(28536,152,1353),(28541,384,1352),(28544,172,1353),(28543,387,1352),(28542,167,1353),(28537,375,1352),(28540,163,1353),(28539,379,1352),(28538,156,1353),(28535,372,1352),(28527,127,1353),(28529,360,1352),(28525,122,1353),(28532,143,1353),(28523,347,1352),(28522,308,1351),(28526,355,1352),(28500,242,1351),(28517,335,1352),(28516,294,1351),(28501,248,1351),(28519,341,1352),(28514,288,1351),(28512,285,1351),(28509,320,1352),(28510,277,1351),(28511,324,1352),(28507,316,1352),(28502,254,1351),(28506,270,1351),(28503,260,1351),(28504,265,1351),(28505,312,1352),(28534,147,1353),(28521,343,1352),(28530,136,1353),(28528,131,1353),(28524,352,1352),(28520,305,1351),(28518,300,1351),(28508,275,1351),(28515,332,1352),(28513,328,1352),(28547,395,1352),(28554,197,1353),(28577,468,1352),(28549,401,1352),(28566,226,1353),(28545,391,1352),(28564,221,1353),(28546,178,1353),(28552,194,1353),(28578,472,1352),(28562,216,1353),(28553,407,1352),(28576,463,1352),(28551,404,1352),(28574,455,1352),(28548,183,1353),(28575,460,1352),(28550,189,1353),(28570,237,1353),(28573,452,1352),(28556,201,1353),(28568,231,1353),(28572,448,1352),(28592,39,1355),(28569,439,1352),(28593,149,1354),(28571,444,1352),(28588,29,1355),(28567,435,1352),(28591,143,1354),(28557,416,1352),(28590,34,1355),(28563,430,1352),(28589,136,1354),(28565,432,1352),(28586,25,1355),(28558,206,1353),(28587,132,1354),(28561,424,1352),(28585,127,1354),(28559,420,1352),(28584,21,1355),(28560,212,1353),(28583,122,1354),(28555,411,1352),(28580,480,1352),(28581,483,1352),(28582,490,1352),(28579,475,1352),(28599,167,1354),(28601,177,1354),(28602,182,1354),(28600,173,1354),(28651,383,1357),(28607,207,1354),(28652,69,1358),(28598,162,1354),(28650,65,1358),(28606,202,1354),(28648,62,1358),(28604,192,1354),(28649,379,1357),(28605,197,1354),(28645,367,1357),(28594,41,1355),(28631,284,1356),(28603,187,1354),(28627,275,1356),(28595,153,1354),(28597,158,1354),(28643,359,1357),(28623,264,1356),(28596,47,1355),(28641,356,1357),(28636,343,1357),(28637,299,1356),(28621,259,1356),(28630,331,1357),(28622,315,1357),(28626,323,1357),(28618,246,1356),(28619,311,1357),(28615,54,1355),(28632,335,1357),(28646,371,1357),(28625,269,1356),(28629,277,1356),(28647,375,1357),(28633,289,1356),(28642,307,1356),(28634,339,1357),(28624,319,1357),(28644,363,1357),(28639,304,1356),(28638,347,1357),(28640,351,1357),(28635,292,1356),(28628,327,1357),(28610,222,1354),(28609,217,1354),(28608,212,1354),(28620,252,1356),(28611,227,1354),(28616,57,1355),(28617,242,1356),(28612,231,1354),(28613,49,1355),(28614,236,1354),(28657,82,1358),(28666,411,1357),(28656,77,1358),(28667,415,1357),(28654,73,1358),(28663,93,1358),(28658,395,1357),(28665,97,1358),(28659,85,1358),(28676,117,1358),(28653,387,1357),(28675,431,1357),(28662,403,1357),(28674,114,1358),(28660,399,1357),(28672,110,1358),(28661,89,1358),(28673,428,1357),(28655,391,1357),(28670,419,1357),(28664,407,1357),(28671,423,1357),(28669,105,1358),(28668,101,1358),(28688,479,1357),(28679,443,1357),(28691,123,1359),(28689,484,1357),(28690,487,1357),(28715,182,1359),(28684,463,1357),(28714,356,1360),(28687,475,1357),(28707,162,1359),(28686,471,1357),(28712,351,1360),(28685,467,1357),(28713,179,1359),(28682,456,1357),(28708,343,1360),(28683,459,1357),(28711,173,1359),(28681,451,1357),(28709,167,1359),(28680,447,1357),(28710,347,1360),(28678,439,1357),(28706,339,1360),(28677,435,1357),(28705,159,1359),(28702,331,1360),(28704,335,1360),(28700,329,1360),(28701,149,1359),(28755,448,1360),(28694,315,1360),(28757,452,1360),(28698,323,1360),(28731,391,1360),(28696,319,1360),(28750,34,1361),(28693,128,1359),(28737,403,1360),(28692,312,1360),(28747,431,1360),(28695,134,1359),(28760,54,1361),(28703,154,1359),(28759,456,1360),(28697,138,1359),(28758,50,1361),(28699,144,1359),(28756,47,1361),(28754,41,1361),(28753,443,1360),(28748,29,1361),(28749,435,1360),(28729,387,1360),(28752,39,1361),(28751,439,1360),(28735,399,1360),(28733,395,1360),(28744,21,1361),(28746,26,1361),(28743,423,1360),(28734,226,1359),(28745,429,1360),(28742,421,1360),(28736,233,1359),(28740,411,1360),(28741,415,1360),(28738,239,1359),(28739,407,1360),(28732,221,1359),(28730,216,1359),(28726,206,1359),(28725,379,1360),(28727,383,1360),(28728,211,1359),(28716,361,1360),(28722,197,1359),(28717,189,1359),(28723,375,1360),(28724,201,1359),(28721,372,1360),(28718,363,1360),(28719,368,1360),(28720,192,1359),(28761,459,1360),(28789,273,1363),(28773,74,1362),(28786,107,1362),(28767,479,1360),(28784,101,1362),(28770,488,1360),(28769,64,1362),(28781,255,1363),(28779,248,1363),(28766,475,1360),(28762,57,1361),(28777,245,1363),(28776,86,1362),(28763,463,1360),(28783,260,1363),(28775,84,1362),(28788,109,1362),(28768,483,1360),(28785,265,1363),(28771,65,1362),(28782,97,1362),(28764,467,1360),(28780,93,1362),(28765,471,1360),(28778,90,1362),(28774,77,1362),(28787,269,1363),(28772,70,1362),(28798,308,1363),(28844,284,1367),(28799,21,1364),(28842,278,1367),(28796,300,1363),(28843,177,1366),(28839,167,1366),(28790,113,1362),(28841,172,1366),(28797,302,1363),(28840,274,1367),(28791,279,1363),(28838,269,1367),(28793,284,1363),(28837,162,1366),(28795,291,1363),(28836,263,1367),(28794,287,1363),(28792,117,1362),(28835,157,1366),(28834,258,1367),(28831,147,1366),(28832,254,1367),(28829,143,1366),(28827,137,1366),(28866,328,1368),(28828,243,1367),(28864,320,1368),(28825,127,1366),(28860,232,1366),(28826,132,1366),(28867,332,1368),(28833,152,1366),(28868,335,1368),(28830,248,1367),(28862,315,1368),(28865,323,1368),(28863,237,1366),(28857,217,1366),(28861,312,1368),(28858,222,1366),(28859,227,1366),(28856,212,1366),(28852,303,1367),(28854,308,1367),(28848,293,1367),(28847,188,1366),(28849,193,1366),(28850,300,1367),(28845,182,1366),(28846,288,1367),(28851,197,1366),(28855,207,1366),(28853,202,1366),(28819,102,1365),(28821,110,1365),(28817,57,1364),(28814,91,1365),(28811,47,1364),(28815,54,1364),(28824,122,1366),(28823,118,1365),(28803,29,1364),(28820,107,1365),(28822,114,1365),(28818,98,1365),(28812,87,1365),(28801,26,1364),(28804,69,1365),(28813,50,1364),(28800,63,1365),(28816,95,1365),(28809,42,1364),(28805,33,1364),(28807,39,1364),(28806,74,1365),(28810,83,1365),(28808,78,1365),(28802,66,1365),(28894,439,1368),(28920,109,1369),(28900,463,1368),(28918,105,1369),(28903,475,1368),(28924,117,1369),(28905,483,1368),(28915,93,1369),(28907,61,1369),(28927,146,1370),(28888,415,1368),(28925,136,1370),(28911,77,1369),(28926,143,1370),(28896,448,1368),(28914,89,1369),(28892,431,1368),(28919,121,1370),(28901,467,1368),(28923,131,1370),(28897,452,1368),(28921,126,1370),(28898,455,1368),(28922,113,1369),(28890,423,1368),(28916,97,1369),(28883,395,1368),(28917,101,1369),(28891,428,1368),(28893,435,1368),(28895,443,1368),(28887,411,1368),(28884,399,1368),(28889,419,1368),(28937,33,1371),(28886,407,1368),(28935,30,1371),(28885,403,1368),(28936,177,1370),(28882,391,1368),(28934,172,1370),(28880,383,1368),(28932,167,1370),(28881,387,1368),(28933,26,1371),(28879,379,1368),(28931,21,1371),(28878,375,1368),(28930,162,1370),(28904,480,1368),(28929,156,1370),(28913,85,1369),(28928,151,1370),(28910,74,1369),(28908,65,1369),(28909,69,1369),(28871,347,1368),(28872,352,1368),(28948,207,1370),(28875,363,1368),(28950,212,1370),(28870,343,1368),(28949,58,1371),(28899,459,1368),(28940,187,1370),(28873,355,1368),(28941,43,1371),(28877,371,1368),(28945,50,1371),(28876,367,1368),(28943,48,1371),(28869,339,1368),(28938,182,1370),(28902,471,1368),(28947,54,1371),(28906,488,1368),(28946,202,1370),(28912,81,1369),(28951,217,1370),(28952,222,1370),(28874,360,1368),(28942,192,1370),(28944,197,1370),(28939,38,1371),(28976,335,1373),(28972,320,1373),(28975,332,1373),(28974,329,1373),(28973,324,1373),(28960,264,1372),(28968,304,1372),(28971,316,1373),(28969,307,1372),(28970,312,1373),(28966,294,1372),(28967,297,1372),(28963,278,1372),(28962,273,1372),(28958,252,1372),(28957,248,1372),(28954,232,1370),(28953,227,1370),(28955,238,1370),(28956,243,1372),(28961,268,1372),(28964,283,1372),(28965,287,1372),(28959,259,1372),(28988,384,1373),(29003,443,1373),(28990,391,1373),(29001,435,1373),(28977,339,1373),(28992,402,1373),(28978,343,1373),(28993,403,1373),(28980,352,1373),(29005,452,1373),(28991,395,1373),(28998,423,1373),(29004,449,1373),(28989,388,1373),(28981,356,1373),(28996,415,1373),(28987,380,1373),(28997,420,1373),(29002,440,1373),(28979,347,1373),(28999,430,1373),(28982,360,1373),(28995,413,1373),(28984,370,1373),(28983,364,1373),(29000,431,1373),(28985,372,1373),(28994,407,1373),(28986,376,1373),(29049,316,1376),(29059,335,1376),(29047,312,1376),(29060,340,1376),(29048,212,1374),(29058,238,1374),(29050,217,1374),(29056,232,1374),(29043,192,1374),(29057,333,1376),(29046,207,1374),(29053,325,1376),(29045,202,1374),(29054,228,1374),(29044,197,1374),(29055,328,1376),(29042,187,1374),(29052,222,1374),(29041,309,1375),(29051,320,1376),(29040,182,1374),(29036,173,1374),(29039,302,1375),(29037,177,1374),(29034,167,1374),(29080,70,1377),(29033,287,1375),(29081,414,1376),(29031,283,1375),(29078,65,1377),(29035,294,1375),(29084,77,1377),(29038,300,1375),(29083,416,1376),(29032,162,1374),(29082,74,1377),(29030,157,1374),(29028,153,1374),(29079,407,1376),(29027,273,1375),(29076,62,1377),(29029,278,1375),(29077,405,1376),(29026,147,1374),(29073,391,1376),(29023,263,1375),(29068,371,1376),(29024,143,1374),(29071,386,1376),(29021,259,1375),(29067,368,1376),(29016,242,1375),(29064,357,1376),(29014,490,1373),(29075,400,1376),(29025,269,1375),(29074,396,1376),(29020,254,1375),(29072,387,1376),(29070,379,1376),(29022,137,1374),(29063,352,1376),(29018,247,1375),(29066,364,1376),(29011,475,1373),(29065,359,1376),(29013,483,1373),(29062,348,1376),(29009,469,1373),(29069,376,1376),(29019,132,1374),(29061,343,1376),(29012,480,1373),(29006,456,1373),(29008,463,1373),(29010,471,1373),(29015,122,1374),(29017,128,1374),(29007,459,1373),(29092,93,1377),(29087,423,1376),(29121,54,1378),(29088,429,1376),(29138,21,1380),(29085,420,1376),(29127,77,1379),(29094,439,1376),(29139,312,1381),(29086,82,1377),(29131,93,1379),(29090,90,1377),(29125,70,1379),(29091,431,1376),(29117,39,1378),(29130,89,1379),(29089,87,1377),(29134,105,1379),(29093,436,1376),(29135,110,1379),(29123,62,1379),(29128,82,1379),(29136,113,1379),(29132,97,1379),(29154,54,1380),(29137,117,1379),(29152,49,1380),(29133,101,1379),(29153,340,1381),(29124,65,1379),(29151,335,1381),(29126,73,1379),(29150,47,1380),(29129,85,1379),(29149,331,1381),(29122,58,1378),(29147,327,1381),(29116,33,1378),(29148,42,1380),(29118,44,1378),(29146,39,1380),(29119,46,1378),(29145,324,1381),(29120,49,1378),(29144,34,1380),(29115,30,1378),(29143,319,1381),(29142,29,1380),(29114,26,1378),(29140,26,1380),(29105,118,1377),(29141,315,1381),(29112,483,1376),(29113,489,1376),(29106,463,1376),(29110,479,1376),(29107,470,1376),(29111,23,1378),(29168,379,1381),(29109,476,1376),(29166,375,1381),(29108,471,1376),(29167,254,1382),(29104,459,1376),(29155,343,1381),(29103,113,1377),(29157,347,1381),(29101,452,1376),(29156,58,1380),(29102,455,1376),(29163,244,1382),(29099,105,1377),(29159,356,1381),(29097,102,1377),(29158,351,1381),(29098,448,1376),(29164,372,1381),(29095,97,1377),(29165,248,1382),(29096,443,1376),(29162,368,1381),(29100,110,1377),(29161,363,1381),(29160,359,1381),(29192,431,1381),(29191,429,1381),(29175,274,1382),(29189,308,1382),(29187,302,1382),(29183,295,1382),(29190,423,1381),(29186,416,1381),(29182,408,1381),(29177,278,1382),(29179,283,1382),(29173,270,1382),(29174,391,1381),(29171,264,1382),(29185,300,1382),(29188,421,1381),(29176,395,1381),(29184,413,1381),(29181,289,1382),(29178,399,1381),(29180,403,1381),(29170,384,1381),(29172,387,1381),(29169,259,1382),(29207,121,1383),(29253,109,1384),(29198,455,1381),(29249,97,1384),(29206,489,1381),(29244,47,1385),(29209,132,1383),(29256,122,1386),(29195,443,1381),(29245,89,1384),(29210,137,1383),(29261,242,1387),(29211,144,1383),(29203,476,1381),(29240,39,1385),(29205,483,1381),(29242,42,1385),(29212,147,1383),(29260,143,1386),(29251,101,1384),(29202,471,1381),(29257,128,1386),(29215,162,1383),(29258,132,1386),(29213,151,1383),(29259,136,1386),(29214,156,1383),(29216,167,1383),(29255,117,1384),(29208,126,1383),(29237,73,1384),(29254,113,1384),(29201,469,1381),(29200,463,1381),(29252,105,1384),(29204,481,1381),(29247,93,1384),(29193,435,1381),(29248,53,1385),(29199,460,1381),(29250,57,1385),(29196,447,1381),(29238,33,1385),(29197,451,1381),(29246,49,1385),(29243,86,1384),(29194,439,1381),(29239,77,1384),(29241,81,1384),(29236,69,1384),(29233,65,1384),(29235,29,1385),(29275,278,1387),(29234,25,1385),(29276,184,1386),(29231,62,1384),(29274,177,1386),(29232,21,1385),(29273,275,1387),(29224,207,1383),(29269,265,1387),(29229,231,1383),(29271,270,1387),(29230,237,1383),(29272,172,1386),(29225,212,1383),(29267,260,1387),(29228,226,1383),(29268,162,1386),(29227,222,1383),(29270,169,1386),(29226,217,1383),(29265,252,1387),(29222,196,1383),(29264,152,1386),(29219,181,1383),(29266,158,1386),(29218,176,1383),(29263,248,1387),(29220,189,1383),(29262,147,1386),(29221,194,1383),(29217,172,1383),(29223,203,1383),(29283,299,1387),(29284,202,1386),(29285,305,1387),(29297,323,1388),(29286,208,1386),(29300,335,1388),(29282,198,1386),(29298,328,1388),(29281,292,1387),(29299,331,1388),(29280,193,1386),(29296,319,1388),(29279,288,1387),(29293,311,1388),(29278,189,1386),(29294,236,1386),(29277,285,1387),(29288,212,1386),(29295,315,1388),(29287,306,1387),(29291,226,1386),(29292,231,1386),(29313,387,1388),(29289,217,1386),(29309,371,1388),(29290,221,1386),(29306,359,1388),(29303,347,1388),(29301,339,1388),(29304,351,1388),(29311,379,1388),(29317,403,1388),(29310,375,1388),(29324,431,1388),(29305,355,1388),(29316,399,1388),(29307,363,1388),(29325,435,1388),(29308,367,1388),(29322,423,1388),(29314,391,1388),(29318,407,1388),(29315,395,1388),(29321,419,1388),(29302,343,1388),(29319,411,1388),(29312,383,1388),(29323,428,1388),(29320,415,1388),(29348,138,1390),(29349,144,1390),(29362,111,1389),(29346,134,1390),(29363,179,1390),(29347,82,1389),(29361,174,1390),(29343,74,1389),(29358,102,1389),(29344,128,1390),(29359,169,1390),(29345,79,1389),(29360,107,1389),(29340,66,1389),(29357,164,1390),(29341,71,1389),(29356,97,1389),(29342,124,1390),(29354,94,1389),(29339,62,1389),(29355,158,1390),(29338,488,1388),(29353,152,1390),(29337,483,1388),(29352,89,1389),(29336,479,1388),(29351,149,1390),(29335,475,1388),(29350,87,1389),(29326,439,1388),(29333,468,1388),(29331,459,1388),(29332,463,1388),(29330,455,1388),(29401,29,1393),(29327,443,1388),(29399,26,1393),(29329,451,1388),(29328,448,1388),(29375,248,1391),(29408,351,1392),(29334,471,1388),(29407,42,1393),(29405,38,1393),(29406,348,1392),(29376,222,1390),(29403,35,1393),(29404,343,1392),(29384,274,1391),(29402,341,1392),(29400,336,1392),(29374,217,1390),(29373,244,1391),(29385,279,1391),(29393,316,1392),(29396,330,1392),(29398,332,1392),(29390,302,1391),(29394,321,1392),(29386,284,1391),(29388,294,1391),(29391,309,1391),(29379,258,1391),(29367,190,1390),(29368,194,1390),(29370,201,1390),(29382,237,1390),(29397,22,1393),(29392,312,1392),(29395,325,1392),(29383,267,1391),(29365,118,1389),(29387,288,1391),(29381,263,1391),(29364,113,1389),(29389,300,1391),(29369,198,1390),(29372,212,1390),(29378,227,1390),(29377,254,1391),(29371,206,1390),(29380,233,1390),(29366,182,1390),(29413,364,1392),(29435,443,1392),(29420,383,1392),(29444,480,1392),(29421,388,1392),(29442,471,1392),(29418,376,1392),(29437,453,1392),(29419,381,1392),(29441,470,1392),(29417,374,1392),(29432,432,1392),(29414,55,1393),(29429,421,1392),(29416,58,1393),(29431,430,1392),(29415,370,1392),(29424,400,1392),(29412,360,1392),(29426,408,1392),(29410,356,1392),(29425,404,1392),(29411,50,1393),(29423,395,1392),(29409,46,1393),(29427,413,1392),(29422,391,1392),(29428,415,1392),(29438,458,1392),(29446,490,1392),(29430,425,1392),(29443,476,1392),(29453,252,1395),(29440,463,1392),(29455,258,1395),(29439,460,1392),(29449,315,1394),(29433,435,1392),(29451,319,1394),(29445,483,1392),(29456,331,1394),(29436,448,1392),(29454,328,1394),(29434,440,1392),(29452,324,1394),(29447,311,1394),(29448,243,1395),(29450,249,1395),(29471,360,1394),(29470,299,1395),(29465,347,1394),(29467,352,1394),(29469,356,1394),(29516,459,1394),(29460,274,1395),(29509,192,1396),(29464,284,1395),(29513,202,1396),(29497,162,1396),(29458,335,1394),(29463,343,1394),(29507,189,1396),(29461,339,1394),(29514,208,1396),(29466,290,1395),(29515,455,1394),(29468,291,1395),(29512,452,1394),(29457,263,1395),(29511,198,1396),(29459,269,1395),(29510,447,1394),(29462,277,1395),(29499,167,1396),(29502,431,1394),(29505,184,1396),(29495,415,1394),(29508,443,1394),(29475,368,1394),(29476,371,1394),(29478,379,1394),(29481,387,1394),(29473,364,1394),(29484,133,1396),(29474,307,1395),(29479,384,1394),(29482,129,1396),(29493,413,1394),(29504,435,1394),(29506,439,1394),(29500,174,1396),(29496,420,1394),(29498,424,1394),(29501,428,1394),(29485,395,1394),(29492,152,1396),(29472,303,1395),(29487,138,1396),(29486,399,1394),(29491,149,1396),(29488,405,1394),(29489,142,1396),(29480,125,1396),(29477,375,1394),(29483,393,1394),(29490,407,1394),(29494,159,1396),(29503,179,1396),(29531,26,1397),(29541,77,1398),(29530,22,1397),(29540,47,1397),(29518,463,1394),(29523,471,1394),(29532,30,1397),(29533,62,1398),(29527,479,1394),(29536,39,1397),(29526,238,1396),(29537,71,1398),(29525,475,1394),(29538,43,1397),(29517,212,1396),(29539,74,1398),(29524,231,1396),(29535,67,1398),(29520,469,1394),(29534,35,1397),(29521,222,1396),(29519,217,1396),(29522,226,1396),(29555,62,1399),(29552,112,1398),(29547,90,1398),(29553,114,1398),(29554,118,1398),(29551,106,1398),(29548,95,1398),(29549,97,1398),(29550,102,1398),(29543,83,1398),(29546,57,1397),(29544,55,1397),(29545,87,1398),(29561,74,1399),(29559,70,1399),(29557,66,1399),(29558,26,1400),(29542,50,1397),(29564,78,1399),(29560,30,1400),(29556,21,1400),(29565,82,1399),(29563,39,1400),(29562,34,1400),(29529,488,1394),(29528,484,1394),(29573,97,1399),(29570,50,1400),(29572,54,1400),(29568,47,1400),(29614,221,1401),(29566,42,1400),(29611,212,1401),(29567,87,1399),(29620,320,1403),(29575,102,1399),(29618,311,1403),(29577,110,1399),(29622,328,1403),(29578,114,1399),(29624,336,1403),(29569,90,1399),(29617,239,1401),(29571,94,1399),(29621,324,1403),(29576,107,1399),(29619,315,1403),(29574,58,1400),(29616,232,1401),(29579,117,1399),(29623,332,1403),(29599,181,1401),(29615,226,1401),(29585,147,1401),(29581,127,1401),(29583,136,1401),(29602,285,1402),(29606,196,1401),(29595,171,1401),(29586,243,1402),(29608,298,1402),(29607,204,1401),(29612,307,1402),(29591,161,1401),(29610,207,1401),(29601,186,1401),(29587,151,1401),(29604,287,1402),(29605,292,1402),(29596,270,1402),(29598,275,1402),(29588,248,1402),(29590,252,1402),(29594,265,1402),(29592,260,1402),(29580,121,1401),(29582,131,1401),(29584,143,1401),(29613,217,1401),(29603,191,1401),(29593,166,1401),(29597,176,1401),(29600,278,1402),(29609,305,1402),(29589,156,1401),(29634,375,1403),(29648,431,1403),(29633,371,1403),(29649,435,1403),(29626,343,1403),(29644,415,1403),(29625,340,1403),(29646,424,1403),(29628,351,1403),(29647,428,1403),(29631,364,1403),(29640,399,1403),(29632,370,1403),(29642,407,1403),(29629,355,1403),(29630,359,1403),(29641,404,1403),(29643,412,1403),(29627,347,1403),(29645,420,1403),(29637,387,1403),(29635,379,1403),(29638,391,1403),(29639,395,1403),(29689,128,1406),(29636,383,1403),(29681,101,1404),(29685,109,1404),(29686,113,1404),(29684,58,1405),(29682,54,1405),(29711,178,1406),(29683,106,1404),(29710,300,1407),(29680,49,1405),(29707,287,1407),(29679,97,1404),(29708,172,1406),(29678,46,1405),(29709,292,1407),(29676,41,1405),(29703,278,1407),(29677,94,1404),(29706,167,1406),(29675,90,1404),(29704,162,1406),(29674,39,1405),(29705,283,1407),(29673,86,1404),(29715,190,1406),(29672,34,1405),(29702,157,1406),(29694,142,1406),(29700,154,1406),(29692,137,1406),(29716,194,1406),(29663,61,1404),(29714,308,1407),(29687,118,1404),(29712,302,1407),(29665,70,1404),(29698,264,1407),(29667,21,1405),(29697,149,1406),(29690,132,1406),(29701,274,1407),(29671,29,1405),(29718,203,1406),(29691,243,1407),(29717,199,1406),(29693,248,1407),(29699,267,1407),(29670,83,1404),(29695,253,1407),(29664,65,1404),(29713,182,1406),(29652,448,1403),(29696,259,1407),(29650,440,1403),(29688,122,1406),(29662,488,1403),(29669,26,1405),(29653,452,1403),(29668,78,1404),(29732,236,1406),(29728,228,1406),(29666,73,1404),(29731,335,1408),(29657,467,1403),(29654,455,1403),(29720,312,1408),(29658,472,1403),(29730,332,1408),(29721,213,1406),(29659,475,1403),(29722,315,1408),(29651,444,1403),(29724,319,1408),(29660,480,1403),(29655,459,1403),(29729,231,1406),(29661,483,1403),(29719,208,1406),(29656,463,1403),(29725,324,1408),(29726,222,1406),(29727,329,1408),(29723,219,1406),(29750,408,1408),(29761,452,1408),(29747,395,1408),(29771,22,1410),(29742,375,1408),(29755,429,1408),(29770,489,1408),(29769,484,1408),(29754,424,1408),(29756,432,1408),(29764,463,1408),(29751,413,1408),(29765,468,1408),(29744,385,1408),(29759,443,1408),(29748,400,1408),(29766,472,1408),(29745,389,1408),(29768,480,1408),(29739,364,1408),(29767,475,1408),(29753,420,1408),(29757,436,1408),(29752,415,1408),(29763,460,1408),(29737,355,1408),(29762,455,1408),(29758,439,1408),(29738,360,1408),(29760,449,1408),(29749,404,1408),(29746,391,1408),(29740,369,1408),(29741,372,1408),(29743,380,1408),(29778,39,1410),(29736,351,1408),(29781,77,1409),(29735,347,1408),(29779,74,1409),(29734,343,1408),(29780,43,1410),(29733,339,1408),(29776,70,1409),(29777,34,1410),(29775,30,1410),(29773,27,1410),(29774,65,1409),(29795,132,1411),(29772,61,1409),(29793,128,1411),(29794,105,1409),(29790,97,1409),(29838,328,1413),(29789,93,1409),(29836,320,1413),(29786,54,1410),(29834,311,1413),(29784,49,1410),(29839,333,1413),(29792,101,1409),(29840,336,1413),(29826,292,1412),(29791,122,1411),(29787,90,1409),(29837,325,1413),(29828,299,1412),(29783,82,1409),(29788,57,1410),(29831,307,1412),(29785,86,1409),(29835,315,1413),(29782,46,1410),(29833,237,1411),(29821,207,1411),(29823,212,1411),(29827,222,1411),(29818,274,1412),(29830,302,1412),(29824,288,1412),(29809,248,1412),(29813,189,1411),(29820,279,1412),(29815,192,1411),(29798,113,1409),(29797,137,1411),(29796,109,1409),(29810,182,1411),(29812,259,1412),(29799,143,1411),(29807,243,1412),(29806,173,1411),(29803,157,1411),(29804,163,1411),(29805,168,1411),(29802,152,1411),(29800,117,1409),(29801,147,1411),(29817,197,1411),(29825,217,1411),(29819,202,1411),(29829,227,1411),(29832,232,1411),(29816,266,1412),(29822,284,1412),(29808,179,1411),(29814,263,1412),(29811,255,1412),(29854,391,1413),(29865,435,1413),(29849,372,1413),(29851,379,1413),(29860,415,1413),(29848,369,1413),(29857,404,1413),(29853,387,1413),(29861,421,1413),(29847,364,1413),(29862,424,1413),(29843,347,1413),(29863,429,1413),(29841,340,1413),(29856,400,1413),(29864,431,1413),(29844,352,1413),(29858,408,1413),(29855,396,1413),(29845,356,1413),(29859,413,1413),(29850,376,1413),(29852,384,1413),(29846,360,1413),(29842,344,1413),(29886,34,1415),(29887,143,1414),(29888,39,1415),(29889,148,1414),(29898,57,1415),(29884,29,1415),(29902,186,1414),(29881,127,1414),(29903,191,1414),(29885,137,1414),(29901,182,1414),(29882,26,1415),(29899,172,1414),(29883,133,1414),(29900,177,1414),(29880,21,1415),(29895,161,1414),(29879,122,1414),(29896,54,1415),(29878,489,1413),(29897,167,1414),(29876,479,1413),(29894,49,1415),(29877,483,1413),(29892,47,1415),(29875,475,1413),(29893,157,1414),(29871,459,1413),(29890,41,1415),(29870,456,1413),(29891,153,1414),(29867,443,1413),(29868,448,1413),(29866,440,1413),(29872,464,1413),(29873,468,1413),(29874,471,1413),(29948,395,1417),(29869,452,1413),(29947,391,1417),(29944,379,1417),(29946,387,1417),(29945,383,1417),(29943,375,1417),(29939,360,1417),(29941,370,1417),(29937,351,1417),(29933,335,1417),(29935,343,1417),(29921,284,1416),(29923,293,1416),(29932,331,1417),(29942,371,1417),(29925,303,1416),(29928,315,1417),(29930,325,1417),(29938,355,1417),(29905,243,1416),(29909,207,1414),(29934,340,1417),(29927,311,1417),(29931,327,1417),(29908,253,1416),(29918,232,1414),(29914,222,1414),(29904,196,1414),(29916,227,1414),(29915,268,1416),(29917,273,1416),(29919,276,1416),(29911,258,1416),(29912,262,1416),(29913,217,1414),(29920,238,1414),(29922,288,1416),(29924,296,1416),(29926,307,1416),(29940,365,1417),(29906,249,1416),(29910,213,1414),(29936,347,1417),(29907,202,1414),(29929,319,1417),(29963,431,1417),(29961,429,1417),(29969,443,1417),(29962,83,1418),(29966,89,1418),(29951,62,1418),(29965,435,1417),(29952,407,1417),(29964,85,1418),(29953,65,1418),(29972,101,1418),(29954,413,1417),(29950,403,1417),(29967,439,1417),(29973,452,1417),(29949,399,1417),(29970,97,1418),(29955,69,1418),(29971,447,1417),(29960,77,1418),(29956,415,1417),(29968,93,1418),(29959,424,1417),(29958,73,1418),(29957,420,1417),(29995,34,1420),(29994,77,1419),(29996,82,1419),(29997,39,1420),(29989,21,1420),(29993,29,1420),(29992,73,1419),(29980,463,1417),(29985,484,1417),(29987,62,1419),(29988,65,1419),(29981,470,1417),(29990,69,1419),(29991,25,1420),(29986,489,1417),(29982,471,1417),(29983,475,1417),(29984,479,1417),(29978,459,1417),(29979,118,1418),(29977,113,1418),(29975,110,1418),(29976,455,1417),(30011,117,1419),(29974,105,1418),(30004,97,1419),(30009,109,1419),(30003,49,1420),(30005,54,1420),(30007,58,1420),(30053,231,1421),(30002,93,1419),(30048,375,1422),(29998,86,1419),(30050,379,1422),(30000,89,1419),(30046,371,1422),(29999,42,1420),(30047,217,1421),(30010,113,1419),(30055,237,1421),(30008,105,1419),(30056,391,1422),(30006,101,1419),(30054,387,1422),(30001,47,1420),(30051,227,1421),(30052,384,1422),(30049,222,1421),(30025,162,1421),(30026,331,1422),(30027,167,1421),(30045,212,1421),(30028,335,1422),(30043,209,1421),(30044,367,1422),(30038,355,1422),(30029,172,1421),(30042,364,1422),(30039,197,1421),(30040,359,1422),(30041,202,1421),(30035,187,1421),(30030,339,1422),(30036,351,1422),(30037,192,1421),(30034,347,1422),(30031,177,1421),(30032,343,1422),(30033,182,1421),(30023,157,1421),(30019,148,1421),(30021,153,1421),(30024,328,1422),(30018,315,1422),(30012,122,1421),(30022,323,1422),(30020,319,1422),(30013,128,1421),(30017,143,1421),(30014,133,1421),(30015,137,1421),(30016,312,1422),(30061,411,1422),(30074,274,1423),(30066,252,1423),(30073,435,1422),(30067,423,1422),(30079,447,1422),(30059,403,1422),(30075,439,1422),(30065,419,1422),(30076,277,1423),(30060,407,1422),(30078,284,1423),(30064,247,1423),(30080,289,1423),(30072,269,1423),(30062,242,1423),(30081,452,1422),(30063,415,1422),(30058,400,1422),(30077,443,1422),(30057,395,1422),(30070,264,1423),(30068,259,1423),(30069,428,1422),(30095,62,1424),(30071,431,1422),(30094,487,1422),(30088,307,1423),(30093,483,1422),(30090,471,1422),(30089,468,1422),(30091,475,1422),(30119,118,1424),(30092,479,1422),(30112,97,1424),(30084,299,1423),(30108,90,1424),(30085,460,1422),(30111,52,1425),(30087,463,1422),(30110,93,1424),(30086,304,1423),(30115,59,1425),(30082,292,1423),(30109,47,1425),(30083,456,1422),(30105,38,1425),(30106,86,1424),(30107,44,1425),(30114,101,1424),(30098,71,1424),(30116,108,1424),(30130,258,1427),(30096,66,1424),(30132,263,1427),(30103,34,1425),(30144,294,1427),(30104,82,1424),(30147,199,1426),(30102,77,1424),(30138,278,1427),(30101,32,1425),(30135,168,1426),(30100,74,1424),(30131,158,1426),(30099,28,1425),(30159,321,1428),(30097,23,1425),(30161,325,1428),(30113,56,1425),(30162,327,1428),(30118,114,1424),(30164,335,1428),(30117,110,1424),(30155,312,1428),(30157,316,1428),(30153,218,1426),(30158,233,1426),(30142,183,1426),(30146,298,1427),(30148,303,1427),(30140,283,1427),(30136,273,1427),(30137,173,1426),(30139,178,1426),(30134,267,1427),(30151,208,1426),(30133,163,1426),(30163,332,1428),(30154,224,1426),(30160,238,1426),(30156,227,1426),(30150,203,1426),(30152,213,1426),(30141,288,1427),(30149,309,1427),(30143,189,1426),(30145,193,1426),(30120,123,1426),(30121,128,1426),(30126,248,1427),(30124,243,1427),(30125,143,1426),(30127,148,1426),(30123,138,1426),(30122,133,1426),(30129,153,1426),(30128,254,1427),(30176,385,1428),(30197,469,1428),(30174,376,1428),(30195,460,1428),(30166,343,1428),(30203,61,1429),(30167,347,1428),(30179,395,1428),(30187,429,1428),(30165,341,1428),(30199,476,1428),(30177,388,1428),(30200,479,1428),(30178,391,1428),(30198,471,1428),(30191,444,1428),(30173,373,1428),(30175,380,1428),(30194,455,1428),(30170,361,1428),(30196,463,1428),(30172,368,1428),(30192,448,1428),(30171,364,1428),(30193,452,1428),(30169,357,1428),(30190,440,1428),(30168,352,1428),(30180,401,1428),(30181,403,1428),(30182,407,1428),(30189,436,1428),(30186,424,1428),(30188,432,1428),(30212,38,1430),(30183,414,1428),(30211,77,1429),(30202,488,1428),(30213,81,1429),(30201,484,1428),(30205,65,1429),(30184,415,1428),(30210,34,1430),(30185,421,1428),(30209,73,1429),(30206,25,1430),(30207,69,1429),(30208,29,1430),(30204,21,1430),(30216,47,1430),(30215,86,1429),(30223,101,1429),(30222,97,1429),(30221,57,1430),(30249,284,1432),(30226,113,1429),(30251,288,1432),(30225,109,1429),(30252,193,1431),(30218,89,1429),(30245,273,1432),(30217,49,1430),(30246,177,1431),(30214,43,1430),(30266,312,1433),(30220,53,1430),(30265,237,1431),(30224,105,1429),(30250,190,1431),(30227,118,1429),(30253,293,1432),(30219,93,1429),(30248,182,1431),(30247,277,1432),(30261,218,1431),(30259,307,1432),(30264,232,1431),(30267,317,1433),(30272,335,1433),(30269,323,1433),(30257,209,1431),(30258,303,1432),(30256,204,1431),(30271,331,1433),(30262,222,1431),(30232,142,1431),(30234,149,1431),(30244,172,1431),(30236,154,1431),(30242,167,1431),(30243,269,1432),(30240,162,1431),(30238,159,1431),(30230,134,1431),(30228,123,1431),(30255,299,1432),(30270,327,1433),(30268,320,1433),(30254,197,1431),(30263,227,1431),(30229,129,1431),(30260,213,1431),(30231,139,1431),(30241,263,1432),(30235,247,1432),(30237,252,1432),(30239,257,1432),(30233,242,1432),(30273,339,1433),(30293,421,1433),(30282,376,1433),(30297,436,1433),(30275,347,1433),(30294,424,1433),(30281,372,1433),(30286,392,1433),(30274,344,1433),(30291,412,1433),(30278,360,1433),(30295,428,1433),(30280,369,1433),(30292,416,1433),(30277,357,1433),(30288,400,1433),(30276,351,1433),(30284,384,1433),(30279,365,1433),(30285,388,1433),(30283,381,1433),(30290,408,1433),(30287,396,1433),(30296,432,1433),(30305,468,1433),(30289,404,1433),(30308,480,1433),(30309,484,1433),(30312,122,1435),(30311,21,1434),(30307,476,1433),(30340,201,1435),(30318,137,1435),(30338,197,1435),(30310,488,1433),(30341,73,1436),(30313,26,1434),(30363,259,1437),(30304,464,1433),(30365,265,1437),(30321,42,1434),(30366,315,1438),(30319,39,1434),(30306,472,1433),(30364,311,1438),(30320,144,1435),(30362,253,1437),(30315,29,1434),(30361,246,1437),(30302,456,1433),(30359,117,1436),(30314,126,1435),(30336,192,1435),(30300,448,1433),(30330,167,1435),(30303,460,1433),(30339,69,1436),(30301,452,1433),(30354,237,1435),(30299,445,1433),(30333,183,1435),(30317,34,1434),(30342,207,1435),(30316,132,1435),(30360,241,1437),(30298,440,1433),(30355,101,1436),(30358,113,1436),(30337,65,1436),(30334,187,1435),(30356,105,1436),(30357,110,1436),(30380,343,1438),(30335,62,1436),(30367,270,1437),(30324,47,1434),(30371,276,1437),(30353,97,1436),(30372,327,1438),(30349,89,1436),(30375,290,1437),(30328,162,1435),(30377,291,1437),(30343,77,1436),(30373,285,1437),(30322,147,1435),(30369,275,1437),(30347,85,1436),(30368,319,1438),(30350,226,1435),(30374,331,1438),(30348,222,1435),(30379,299,1437),(30344,211,1435),(30370,324,1438),(30345,81,1436),(30376,335,1438),(30346,216,1435),(30378,339,1438),(30331,173,1435),(30327,54,1434),(30329,57,1434),(30332,179,1435),(30325,49,1434),(30351,93,1436),(30323,152,1435),(30352,232,1435),(30326,158,1435),(30404,431,1438),(30417,485,1438),(30396,399,1438),(30388,367,1438),(30416,479,1438),(30418,489,1438),(30402,424,1438),(30401,419,1438),(30403,429,1438),(30391,379,1438),(30395,396,1438),(30400,415,1438),(30399,412,1438),(30415,475,1438),(30397,404,1438),(30413,468,1438),(30394,393,1438),(30393,387,1438),(30398,407,1438),(30392,383,1438),(30414,471,1438),(30387,363,1438),(30407,443,1438),(30410,455,1438),(30390,375,1438),(30381,303,1437),(30406,439,1438),(30389,371,1438),(30384,351,1438),(30412,463,1438),(30408,448,1438),(30382,347,1438),(30409,451,1438),(30411,459,1438),(30383,306,1437),(30405,435,1438),(30385,355,1438),(30386,359,1438),(15407,63,744),(15408,66,744),(15409,21,745),(15410,70,744),(15411,26,745),(15412,74,744),(15413,29,745),(15414,77,744),(15415,34,745),(15416,81,744),(15417,39,745),(15418,86,744),(15419,43,745),(15420,91,744),(15421,47,745),(15422,94,744),(15423,49,745),(15424,97,744),(15425,54,745),(15426,101,744),(15427,57,745),(15428,106,744),(15429,110,744),(15430,113,744),(15431,117,744),(15432,243,746),(15433,247,746),(15434,254,746),(15435,259,746),(15436,121,747),(15437,264,746),(15438,126,747),(15439,269,746),(15440,274,746),(15441,132,747),(15442,278,746),(15443,137,747),(15444,284,746),(15445,144,747),(15446,288,746),(15447,149,747),(15448,292,746),(15449,152,747),(15450,299,746),(15451,157,747),(15452,304,746),(15453,162,747),(15454,307,746),(15455,167,747),(15456,174,747),(15457,179,747),(15458,182,747),(15459,189,747),(15460,192,747),(15461,312,748),(15462,197,747),(15463,315,748),(15464,202,747),(15465,320,748),(15466,206,747),(15467,323,748),(15468,211,747),(15469,328,748),(15470,216,747),(15471,332,748),(15472,221,747),(15473,336,748),(15474,226,747),(15475,340,748),(15476,232,747),(15477,343,748),(15478,237,747),(15479,347,748),(15480,351,748),(15481,355,748),(15482,359,748),(15483,364,748),(15484,368,748),(15485,372,748),(15486,375,748),(15487,379,748),(15488,383,748),(15489,388,748),(15490,392,748),(15491,395,748),(15492,400,748),(15493,405,748),(15494,408,748),(15495,412,748),(15496,415,748),(15497,421,748),(15498,424,748),(15499,429,748),(15500,431,748),(15501,436,748),(15502,439,748),(15503,443,748),(15504,449,748),(15505,452,748),(15506,455,748),(15507,459,748),(15508,463,748),(15509,468,748),(15510,471,748),(15511,475,748),(15512,480,748),(15513,484,748),(15514,489,748),(15515,62,749),(15516,65,749),(15517,70,749),(15518,74,749),(15519,77,749),(15520,82,749),(15521,86,749),(15522,90,749),(15523,22,750),(15524,93,749),(15525,26,750),(15526,30,750),(15527,97,749),(15528,34,750),(15529,101,749),(15530,39,750),(15531,106,749),(15532,43,750),(15533,111,749),(15534,47,750),(15535,113,749),(15536,49,750),(15537,118,749),(15538,54,750),(15539,58,750),(15540,122,751),(15541,129,751),(15542,134,751),(15543,244,752),(15544,248,752),(15545,138,751),(15546,254,752),(15547,142,751),(15548,258,752),(15549,147,751),(15550,153,751),(15551,262,752),(15552,268,752),(15553,158,751),(15554,273,752),(15555,162,751),(15556,279,752),(15557,168,751),(15558,283,752),(15559,174,751),(15560,177,751),(15561,287,752),(15562,294,752),(15563,183,751),(15564,300,752),(15565,189,751),(15566,302,752),(15567,192,751),(15568,308,752),(15569,197,751),(15570,203,751),(15571,207,751),(15572,212,751),(15573,218,751),(15574,312,753),(15575,223,751),(15576,316,753),(15577,228,751),(15578,320,753),(15579,231,751),(15580,324,753),(15581,238,751),(15582,329,753),(15583,332,753),(15584,335,753),(15585,340,753),(15586,343,753),(15587,348,753),(15588,352,753),(15589,357,753),(15590,360,753),(15591,364,753),(15592,369,753),(15593,372,753),(15594,376,753),(15595,379,753),(15596,384,753),(15597,387,753),(15598,392,753),(15599,396,753),(15600,400,753),(15601,404,753),(15602,407,753),(15603,412,753),(15604,415,753),(15605,420,753),(15606,424,753),(15607,428,753),(15608,432,753),(15609,436,753),(15610,439,753),(15611,443,753),(15612,449,753),(15613,452,753),(15614,455,753),(15615,459,753),(15616,463,753),(15617,468,753),(15618,471,753),(15619,475,753),(15620,480,753),(15621,484,753),(15622,488,753),(15623,21,754),(15624,123,755),(15625,26,754),(15626,128,755),(15627,30,754),(15628,133,755),(15629,34,754),(15630,137,755),(15631,39,754),(15632,143,755),(15633,43,754),(15634,148,755),(15635,46,754),(15636,153,755),(15637,157,755),(15638,49,754),(15639,54,754),(15640,163,755),(15641,57,754),(15642,167,755),(15643,173,755),(15644,177,755),(15645,182,755),(15646,189,755),(15647,193,755),(15648,62,756),(15649,197,755),(15650,66,756),(15651,203,755),(15652,70,756),(15653,207,755),(15654,74,756),(15655,212,755),(15656,78,756),(15657,218,755),(15658,82,756),(15659,221,755),(15660,86,756),(15661,226,755),(15662,90,756),(15663,232,755),(15664,94,756),(15665,238,755),(15666,98,756),(15667,101,756),(15668,106,756),(15669,109,756),(15670,113,756),(15671,311,757),(15672,118,756),(15673,315,757),(15674,321,757),(15675,324,757),(15676,328,757),(15677,333,757),(15678,242,758),(15679,335,757),(15680,339,757),(15681,247,758),(15682,253,758),(15683,343,757),(15684,258,758),(15685,347,757),(15686,263,758),(15687,352,757),(15688,356,757),(15689,269,758),(15690,274,758),(15691,360,757),(15692,364,757),(15693,277,758),(15694,368,757),(15695,283,758),(15696,288,758),(15697,372,757),(15698,292,758),(15699,376,757),(15700,299,758),(15701,381,757),(15702,303,758),(15703,383,757),(15704,307,758),(15705,388,757),(15706,391,757),(15707,395,757),(15708,399,757),(15709,403,757),(15710,408,757),(15711,411,757),(15712,415,757),(15713,420,757),(15714,423,757),(15715,428,757),(15716,431,757),(15717,436,757),(15718,439,757),(15719,443,757),(15720,448,757),(15721,453,757),(15722,455,757),(15723,459,757),(15724,464,757),(15725,468,757),(15726,471,757),(15727,475,757),(15728,480,757),(15729,484,757),(15730,488,757),(15731,62,759),(15732,241,760),(15733,66,759),(15734,248,760),(15735,71,759),(15736,73,759),(15737,254,760),(15738,78,759),(15739,259,760),(15740,264,760),(15741,84,759),(15742,86,759),(15743,269,760),(15744,91,759),(15745,274,760),(15746,94,759),(15747,277,760),(15748,97,759),(15749,284,760),(15750,102,759),(15751,288,760),(15752,107,759),(15753,292,760),(15754,110,759),(15755,297,760),(15756,113,759),(15757,302,760),(15758,118,759),(15759,307,760),(15760,311,762),(15761,21,761),(15762,316,762),(15763,26,761),(15764,320,762),(15765,29,761),(15766,323,762),(15767,35,761),(15768,329,762),(15769,39,761),(15770,332,762),(15771,335,762),(15772,42,761),(15773,340,762),(15774,47,761),(15775,343,762),(15776,50,761),(15777,347,762),(15778,54,761),(15779,352,762),(15780,57,761),(15781,356,762),(15782,360,762),(15783,363,762),(15784,369,762),(15785,371,762),(15786,122,763),(15787,375,762),(15788,127,763),(15789,379,762),(15790,132,763),(15791,384,762),(15792,137,763),(15793,387,762),(15794,144,763),(15795,391,762),(15796,147,763),(15797,395,762),(15798,152,763),(15799,400,762),(15800,157,763),(15801,403,762),(15802,162,763),(15803,407,762),(15804,167,763),(15805,411,762),(15806,172,763),(15807,415,762),(15808,177,763),(15809,419,762),(15810,182,763),(15811,423,762),(15812,188,763),(15813,429,762),(15814,193,763),(15815,431,762),(15816,197,763),(15817,436,762),(15818,202,763),(15819,439,762),(15820,443,762),(15821,207,763),(15822,214,763),(15823,449,762),(15824,218,763),(15825,452,762),(15826,222,763),(15827,455,762),(15828,227,763),(15829,459,762),(15830,231,763),(15831,463,762),(15832,238,763),(15833,467,762),(15834,471,762),(15835,475,762),(15836,479,762),(15837,483,762),(15838,489,762);
/*!40000 ALTER TABLE `usuario_respuesta` ENABLE KEYS */;
UNLOCK TABLES;

--
-- Temporary view structure for view `view_pregunta_respuesta`
--

DROP TABLE IF EXISTS `view_pregunta_respuesta`;
/*!50001 DROP VIEW IF EXISTS `view_pregunta_respuesta`*/;
SET @saved_cs_client     = @@character_set_client;
/*!50503 SET character_set_client = utf8mb4 */;
/*!50001 CREATE VIEW `view_pregunta_respuesta` AS SELECT 
 1 AS `id_survey`,
 1 AS `name`,
 1 AS `desc`,
 1 AS `color`,
 1 AS `id_question`,
 1 AS `itemID_question`,
 1 AS `question`,
 1 AS `answer`,
 1 AS `value`,
 1 AS `id_answer`,
 1 AS `order_answer`*/;
SET character_set_client = @saved_cs_client;

--
-- Temporary view structure for view `view_respuesta_encuestas`
--

DROP TABLE IF EXISTS `view_respuesta_encuestas`;
/*!50001 DROP VIEW IF EXISTS `view_respuesta_encuestas`*/;
SET @saved_cs_client     = @@character_set_client;
/*!50503 SET character_set_client = utf8mb4 */;
/*!50001 CREATE VIEW `view_respuesta_encuestas` AS SELECT 
 1 AS `id_encuesta`,
 1 AS `encuesta`,
 1 AS `id_usuario`,
 1 AS `nombre_usuario`,
 1 AS `id_pregunta`,
 1 AS `pregunta`,
 1 AS `id_respuesta`,
 1 AS `respuesta`,
 1 AS `valor`*/;
SET character_set_client = @saved_cs_client;

--
-- Dumping routines for database 'encuesta4'
--

--
-- Final view structure for view `view_pregunta_respuesta`
--

/*!50001 DROP VIEW IF EXISTS `view_pregunta_respuesta`*/;
/*!50001 SET @saved_cs_client          = @@character_set_client */;
/*!50001 SET @saved_cs_results         = @@character_set_results */;
/*!50001 SET @saved_col_connection     = @@collation_connection */;
/*!50001 SET character_set_client      = utf8mb4 */;
/*!50001 SET character_set_results     = utf8mb4 */;
/*!50001 SET collation_connection      = utf8mb4_0900_ai_ci */;
/*!50001 CREATE ALGORITHM=UNDEFINED */
/*!50013 DEFINER=`admin`@`localhost` SQL SECURITY DEFINER */
/*!50001 VIEW `view_pregunta_respuesta` AS select `e`.`id_encuesta` AS `id_survey`,`e`.`nombre` AS `name`,`e`.`descripcion` AS `desc`,`e`.`colorHex` AS `color`,`p`.`id_pregunta` AS `id_question`,`p`.`itemID` AS `itemID_question`,`p`.`pregunta` AS `question`,`r`.`respuesta` AS `answer`,`r`.`valor` AS `value`,`pr`.`id_pregunta_respuesta` AS `id_answer`,`pr`.`orden` AS `order_answer` from (((`encuesta` `e` join `pregunta` `p` on((`e`.`id_encuesta` = `p`.`id_encuesta`))) join `pregunta_respuesta` `pr` on((`p`.`id_pregunta` = `pr`.`id_pregunta`))) join `respuesta` `r` on((`pr`.`id_respuesta` = `r`.`id_respuesta`))) order by `e`.`id_encuesta`,`p`.`id_pregunta`,`pr`.`orden` */;
/*!50001 SET character_set_client      = @saved_cs_client */;
/*!50001 SET character_set_results     = @saved_cs_results */;
/*!50001 SET collation_connection      = @saved_col_connection */;

--
-- Final view structure for view `view_respuesta_encuestas`
--

/*!50001 DROP VIEW IF EXISTS `view_respuesta_encuestas`*/;
/*!50001 SET @saved_cs_client          = @@character_set_client */;
/*!50001 SET @saved_cs_results         = @@character_set_results */;
/*!50001 SET @saved_col_connection     = @@collation_connection */;
/*!50001 SET character_set_client      = utf8mb4 */;
/*!50001 SET character_set_results     = utf8mb4 */;
/*!50001 SET collation_connection      = utf8mb4_0900_ai_ci */;
/*!50001 CREATE ALGORITHM=UNDEFINED */
/*!50013 DEFINER=`admin`@`localhost` SQL SECURITY DEFINER */
/*!50001 VIEW `view_respuesta_encuestas` AS select `e`.`id_encuesta` AS `id_encuesta`,`e`.`nombre` AS `encuesta`,`u`.`id` AS `id_usuario`,`u`.`nombre` AS `nombre_usuario`,`p`.`id_pregunta` AS `id_pregunta`,`p`.`pregunta` AS `pregunta`,`r`.`id_respuesta` AS `id_respuesta`,`r`.`respuesta` AS `respuesta`,`r`.`valor` AS `valor` from ((((((`authentication_usuarios` `u` join `usuario_encuesta` `ue` on((`u`.`id` = `ue`.`id_usuario`))) join `usuario_respuesta` `ur` on((`ur`.`id_usuario_encuesta` = `ue`.`id_usuario_encuesta`))) join `pregunta_respuesta` `pr` on((`pr`.`id_pregunta_respuesta` = `ur`.`id_pregunta_respuesta`))) join `pregunta` `p` on((`p`.`id_pregunta` = `pr`.`id_pregunta`))) join `respuesta` `r` on((`r`.`id_respuesta` = `pr`.`id_respuesta`))) join `encuesta` `e` on((`ue`.`id_encuesta` = `e`.`id_encuesta`))) */;
/*!50001 SET character_set_client      = @saved_cs_client */;
/*!50001 SET character_set_results     = @saved_cs_results */;
/*!50001 SET collation_connection      = @saved_col_connection */;
/*!40103 SET TIME_ZONE=@OLD_TIME_ZONE */;

/*!40101 SET SQL_MODE=@OLD_SQL_MODE */;
/*!40014 SET FOREIGN_KEY_CHECKS=@OLD_FOREIGN_KEY_CHECKS */;
/*!40014 SET UNIQUE_CHECKS=@OLD_UNIQUE_CHECKS */;
/*!40101 SET CHARACTER_SET_CLIENT=@OLD_CHARACTER_SET_CLIENT */;
/*!40101 SET CHARACTER_SET_RESULTS=@OLD_CHARACTER_SET_RESULTS */;
/*!40101 SET COLLATION_CONNECTION=@OLD_COLLATION_CONNECTION */;
/*!40111 SET SQL_NOTES=@OLD_SQL_NOTES */;

-- Dump completed on 2023-01-15 22:10:53
